temp_level,moisture,wind_risk,rain_status,advisory_type,status,severity_score,title,message_en,message_kn,message_hn,message_ta,message_te,message_ml,message_mr,message_gu,message_bn,message_pa,message_ur,message_ne,message_or,time_window,icon_type
Moderate,Very Dry,Calm,Dry,irrigation,STABLE,15,Irrigation Safe,WATERING: The ground is dry. Best to water in the early morning so the plants stay strong during the heat.,"ನೀರುಹಾಕುವುದು: ನೆಲ ಒಣಗಿದೆ. ಬೆಳಿಗ್ಗೆ ಬೇಗನೆ ನೀರು ಹಾಕುವುದು ಉತ್ತಮ, ಇದರಿಂದ ಸಸ್ಯಗಳು ಶಾಖದ ಸಮಯದಲ್ಲಿ ಬಲವಾಗಿರುತ್ತವೆ.",पानी देना: मिट्टी सूखी है। पौधों को गर्मी के दौरान स्वस्थ रखने के लिए सुबह जल्दी पानी देना सबसे अच्छा है।,"நீர்ப்பாசனம்: நிலம் வறண்டு உள்ளது. அதிகாலையில் தண்ணீர் பாய்ச்சுவது நல்லது, இதனால் வெப்பத்தின் போது தாவரங்கள் வலுவாக இருக்கும்.","నీరు త్రాగుట: నేల పొడిగా ఉంటుంది. ఉదయాన్నే నీరు పోయడం మంచిది, తద్వారా వేడి సమయంలో మొక్కలు బలంగా ఉంటాయి.","നനവ്: നിലം വരണ്ടതാണ്. അതിരാവിലെ നനയ്ക്കുന്നതാണ് നല്ലത്, അങ്ങനെ ചൂടിൽ ചെടികൾ ശക്തമായി നിലനിൽക്കും.",पाणी देणे: जमीन कोरडी आहे. सकाळी लवकर पाणी देणे चांगले जेणेकरून उष्णतेमध्ये झाडे मजबूत राहतील.,પાણી આપવું: જમીન સૂકી છે. ગરમી દરમિયાન છોડ મજબૂત રહે તે માટે વહેલી સવારે પાણી આપવું શ્રેષ્ઠ છે.,"জল দেওয়া: মাটি শুষ্ক। খুব ভোরে জল দেওয়া ভালো, যাতে গরমের সময় গাছপালা শক্তিশালী থাকে।",ਪਾਣੀ ਦੇਣਾ: ਜ਼ਮੀਨ ਸੁੱਕੀ ਹੈ। ਸਵੇਰੇ ਜਲਦੀ ਪਾਣੀ ਦੇਣਾ ਸਭ ਤੋਂ ਵਧੀਆ ਹੈ ਤਾਂ ਜੋ ਪੌਦੇ ਗਰਮੀ ਦੌਰਾਨ ਮਜ਼ਬੂਤ ​​ਰਹਿਣ।,پانی دینا: زمین خشک ہے۔ صبح سویرے پانی دینا بہتر ہے تاکہ گرمی کے دوران پودے مضبوط رہیں۔,पानी हाल्ने: जमिन सुख्खा छ। बिहान सबेरै पानी हाल्नु राम्रो हुन्छ ताकि गर्मीको समयमा बिरुवाहरू बलियो रहून्।,ପାଣି ଦେବା: ଜମି ଶୁଖିଲା ଅଛି। ଗରମ ସମୟରେ ଗଛଗୁଡ଼ିକ ଶକ୍ତିଶାଳୀ ରହିବା ପାଇଁ ସକାଳୁ ପାଣି ଦେବା ଭଲ।,,droplet
Moderate,Very Dry,Calm,Dry,spraying,STABLE,15,Good Spraying Conditions,SPRAYING: The air is calm right now. Spray your crops now before the wind picks up and wastes your medicine.,ಸಿಂಪಡಣೆ: ಗಾಳಿ ಈಗ ಶಾಂತವಾಗಿದೆ. ಗಾಳಿ ಬೀಸಿ ನಿಮ್ಮ ಔಷಧ ವ್ಯರ್ಥವಾಗುವ ಮೊದಲು ನಿಮ್ಮ ಬೆಳೆಗಳಿಗೆ ಈಗಲೇ ಸಿಂಪಡಿಸಿ.,छिड़काव: इस समय हवा शांत है। हवा चलने और दवा बर्बाद होने से पहले अपनी फसलों पर छिड़काव करें।,தெளித்தல்: காற்று இப்போது அமைதியாக இருக்கிறது. காற்று வீசி உங்கள் மருந்தை வீணாக்கும் முன் உங்கள் பயிர்களுக்கு இப்போதே தெளிக்கவும்.,స్ప్రేయింగ్: ప్రస్తుతం గాలి ప్రశాంతంగా ఉంది. గాలి వీచి మీ ఔషధం వృధా అయ్యేలోపు మీ పంటలపై ఇప్పుడే పిచికారీ చేయండి.,സ്പ്രേയിംഗ്: ഇപ്പോൾ വായു ശാന്തമാണ്. കാറ്റ് വീശി നിങ്ങളുടെ മരുന്നുകൾ പാഴാക്കുന്നതിനുമുമ്പ് നിങ്ങളുടെ വിളകൾക്ക് ഇപ്പോൾ തന്നെ തളിക്കുക.,फवारणी: सध्या हवा शांत आहे. वारा येऊन तुमचे औषध वाया जाण्यापूर्वी आत्ताच तुमच्या पिकांवर फवारणी करा.,છંટકાવ: અત્યારે હવા શાંત છે. પવન ફૂંકાય અને તમારી દવા બગાડે તે પહેલાં હમણાં જ તમારા પાક પર છંટકાવ કરો.,স্প্রে করা: বাতাস এখন শান্ত। বাতাস বইতে শুরু করে এবং আপনার ওষুধ নষ্ট করার আগে এখনই আপনার ফসলে স্প্রে করুন।,ਛਿੜਕਾਅ: ਇਸ ਵੇਲੇ ਹਵਾ ਸ਼ਾਂਤ ਹੈ। ਹਵਾ ਚੱਲਣ ਅਤੇ ਤੁਹਾਡੀ ਦਵਾਈ ਬਰਬਾਦ ਹੋਣ ਤੋਂ ਪਹਿਲਾਂ ਆਪਣੀਆਂ ਫਸਲਾਂ 'ਤੇ ਹੁਣੇ ਛਿੜਕਾਅ ਕਰੋ।,چھڑکاؤ: اس وقت ہوا پرسکون ہے۔ اپنی فصلوں پر چھڑکاؤ اس سے پہلے کہ ہوا تیز ہو جائے اور آپ کی دوائی ضائع ہو جائے۔,छर्कने: अहिले हावा शान्त छ। हावा चल्नु र तपाईंको औषधि खेर जानु अघि नै आफ्नो बालीनालीमा छर्कनुहोस्।,ସିଞ୍ଚନ: ବର୍ତ୍ତମାନ ବାୟୁ ଶାନ୍ତ ଅଛି। ପବନ ବହିବା ଏବଂ ଔଷଧ ନଷ୍ଟ କରିବା ପୂର୍ବରୁ ଏବେ ଆପଣଙ୍କ ଫସଲରେ ସିଞ୍ଚନ କରନ୍ତୁ।,,spray
Moderate,Very Dry,Calm,Dry,fungal_risk,STABLE,15,Low Fungal Risk,DISEASE ALERT: It is very damp and warm. Check your leaves for rot and use protection to save your harvest.,ರೋಗ ಎಚ್ಚರಿಕೆ: ಇದು ತುಂಬಾ ತೇವ ಮತ್ತು ಬೆಚ್ಚಗಿರುತ್ತದೆ. ನಿಮ್ಮ ಎಲೆಗಳನ್ನು ಕೊಳೆತಕ್ಕಾಗಿ ಪರಿಶೀಲಿಸಿ ಮತ್ತು ನಿಮ್ಮ ಬೆಳೆಯನ್ನು ಉಳಿಸಲು ರಕ್ಷಣೆಯನ್ನು ಬಳಸಿ.,रोग चेतावनी: मौसम बहुत नम और गर्म है। पत्तियों में सड़न की जांच करें और अपनी फसल को बचाने के लिए सुरक्षात्मक उपाय करें।,"நோய் எச்சரிக்கை: இது மிகவும் ஈரப்பதமாகவும் சூடாகவும் இருக்கும். உங்கள் இலைகளில் அழுகல் இருக்கிறதா என்று சரிபார்த்து, உங்கள் அறுவடையை சேமிக்க பாதுகாப்பைப் பயன்படுத்துங்கள்.",వ్యాధి హెచ్చరిక: ఇది చాలా తడిగా మరియు వెచ్చగా ఉంటుంది. మీ ఆకులు తెగులు కోసం తనిఖీ చేయండి మరియు మీ పంటను కాపాడటానికి రక్షణను ఉపయోగించండి.,രോഗ മുന്നറിയിപ്പ്: ഇത് വളരെ ഈർപ്പമുള്ളതും ചൂടുള്ളതുമാണ്. നിങ്ങളുടെ ഇലകൾ അഴുകുന്നുണ്ടോ എന്ന് പരിശോധിച്ച് നിങ്ങളുടെ വിള സംരക്ഷിക്കാൻ സംരക്ഷണം ഉപയോഗിക്കുക.,रोगाचा इशारा: हे खूप ओलसर आणि उबदार आहे. तुमची पाने कुजली आहेत का ते तपासा आणि तुमचे पीक वाचवण्यासाठी संरक्षण वापरा.,રોગની ચેતવણી: તે ખૂબ જ ભેજવાળી અને ગરમ છે. તમારા પાંદડા સડી ગયા છે કે નહીં તે તપાસો અને તમારા પાકને બચાવવા માટે રક્ષણનો ઉપયોગ કરો.,রোগের সতর্কতা: এটি খুব স্যাঁতসেঁতে এবং উষ্ণ। আপনার পাতা পচে গেছে কিনা তা পরীক্ষা করুন এবং আপনার ফসল বাঁচাতে সুরক্ষা ব্যবস্থা ব্যবহার করুন।,ਬਿਮਾਰੀ ਦੀ ਚੇਤਾਵਨੀ: ਇਹ ਬਹੁਤ ਗਿੱਲਾ ਅਤੇ ਗਰਮ ਹੈ। ਆਪਣੇ ਪੱਤਿਆਂ ਦੀ ਸੜਨ ਦੀ ਜਾਂਚ ਕਰੋ ਅਤੇ ਆਪਣੀ ਫ਼ਸਲ ਨੂੰ ਬਚਾਉਣ ਲਈ ਸੁਰੱਖਿਆ ਦੀ ਵਰਤੋਂ ਕਰੋ।,بیماری کا انتباہ: یہ بہت نم اور گرم ہے۔ اپنے پتوں کو سڑنے کے لیے چیک کریں اور اپنی فصل کو بچانے کے لیے تحفظ کا استعمال کریں۔,रोगको चेतावनी: यो धेरै ओसिलो र न्यानो छ। आफ्नो पातहरू कुहिन जाँच गर्नुहोस् र आफ्नो बाली बचाउन सुरक्षा प्रयोग गर्नुहोस्।,ରୋଗ ସତର୍କତା: ଏହା ବହୁତ ଓଦା ଏବଂ ଉଷ୍ମ। ଆପଣଙ୍କ ପତ୍ର ପଚିଛି କି ନାହିଁ ଯାଞ୍ଚ କରନ୍ତୁ ଏବଂ ଆପଣଙ୍କ ଫସଲକୁ ବଞ୍ଚାଇବା ପାଇଁ ସୁରକ୍ଷା ବ୍ୟବହାର କରନ୍ତୁ।,,shield
Moderate,Very Dry,Calm,Dry,field_work,STABLE,15,Good Field Work Day,FIELD WORK: It is getting very hot. Do your heavy work while it is still cool to keep yourself and your plants healthy.,ಕ್ಷೇತ್ರದ ಕೆಲಸ: ತುಂಬಾ ಬಿಸಿಯಾಗುತ್ತಿದೆ. ನಿಮ್ಮನ್ನು ಮತ್ತು ನಿಮ್ಮ ಸಸ್ಯಗಳನ್ನು ಆರೋಗ್ಯವಾಗಿಡಲು ತಂಪಾಗಿರುವಾಗಲೇ ನಿಮ್ಮ ಭಾರವಾದ ಕೆಲಸವನ್ನು ಮಾಡಿ.,"खेत का काम: बहुत गर्मी पड़ रही है। अपना भारी काम तब करें जब मौसम ठंडा हो, ताकि आप और आपके पौधे स्वस्थ रहें।","களப்பணி: மிகவும் சூடாகி வருகிறது. உங்களையும் உங்கள் தாவரங்களையும் ஆரோக்கியமாக வைத்திருக்க, குளிர்ச்சியாக இருக்கும்போதே உங்கள் கனமான வேலையைச் செய்யுங்கள்.",ఫీల్డ్ వర్క్: చాలా వేడిగా ఉంది. మిమ్మల్ని మరియు మీ మొక్కలను ఆరోగ్యంగా ఉంచుకోవడానికి చల్లగా ఉన్నప్పుడే మీ భారీ పని చేయండి.,വയലിലെ ജോലി: ചൂട് കൂടിവരികയാണ്. നിങ്ങളെയും നിങ്ങളുടെ ചെടികളെയും ആരോഗ്യത്തോടെ നിലനിർത്താൻ തണുപ്പുള്ളപ്പോൾ തന്നെ ഭാരിച്ച ജോലികൾ ചെയ്യുക.,शेतातील काम: खूप उष्णता वाढत आहे. स्वतःला आणि तुमच्या झाडांना निरोगी ठेवण्यासाठी थंड असतानाच तुमचे जड काम करा.,ખેતરમાં કામ: ખૂબ ગરમી પડી રહી છે. ઠંડી હોય ત્યારે ભારે કામ કરો જેથી તમારી જાતને અને તમારા છોડને સ્વસ્થ રાખી શકાય.,মাঠের কাজ: খুব গরম পড়ছে। নিজেকে এবং আপনার গাছপালা সুস্থ রাখতে ঠান্ডা থাকতেই ভারী কাজ করুন।,ਖੇਤ ਦਾ ਕੰਮ: ਬਹੁਤ ਗਰਮੀ ਪੈ ਰਹੀ ਹੈ। ਆਪਣੇ ਆਪ ਨੂੰ ਅਤੇ ਆਪਣੇ ਪੌਦਿਆਂ ਨੂੰ ਸਿਹਤਮੰਦ ਰੱਖਣ ਲਈ ਠੰਡਾ ਹੋਣ ਤੱਕ ਆਪਣਾ ਭਾਰੀ ਕੰਮ ਕਰੋ।,فیلڈ ورک: یہ بہت گرم ہو رہا ہے۔ اپنے آپ کو اور اپنے پودوں کو صحت مند رکھنے کے لیے ٹھنڈا ہونے کے دوران اپنا بھاری کام کریں۔,खेतबारीको काम: धेरै गर्मी भइरहेको छ। आफू र आफ्ना बिरुवाहरूलाई स्वस्थ राख्न चिसो हुँदा नै आफ्नो भारी काम गर्नुहोस्।,କ୍ଷେତ କାମ: ବହୁତ ଗରମ ହେଉଛି। ନିଜକୁ ଏବଂ ଆପଣଙ୍କ ଗଛଗୁଡ଼ିକୁ ସୁସ୍ଥ ରଖିବା ପାଇଁ ଥଣ୍ଡା ଥିବା ସମୟରେ ଆପଣଙ୍କର କଠିନ କାମ କରନ୍ତୁ।,,tractor
Moderate,Very Dry,Calm,Light Rain,irrigation,STABLE,15,Irrigation Safe,WATERING: The ground is dry. Best to water in the early morning so the plants stay strong during the heat.,"ನೀರುಹಾಕುವುದು: ನೆಲ ಒಣಗಿದೆ. ಬೆಳಿಗ್ಗೆ ಬೇಗನೆ ನೀರು ಹಾಕುವುದು ಉತ್ತಮ, ಇದರಿಂದ ಸಸ್ಯಗಳು ಶಾಖದ ಸಮಯದಲ್ಲಿ ಬಲವಾಗಿರುತ್ತವೆ.",पानी देना: मिट्टी सूखी है। पौधों को गर्मी के दौरान स्वस्थ रखने के लिए सुबह जल्दी पानी देना सबसे अच्छा है।,"நீர்ப்பாசனம்: நிலம் வறண்டு உள்ளது. அதிகாலையில் தண்ணீர் பாய்ச்சுவது நல்லது, இதனால் வெப்பத்தின் போது தாவரங்கள் வலுவாக இருக்கும்.","నీరు త్రాగుట: నేల పొడిగా ఉంటుంది. ఉదయాన్నే నీరు పోయడం మంచిది, తద్వారా వేడి సమయంలో మొక్కలు బలంగా ఉంటాయి.","നനവ്: നിലം വരണ്ടതാണ്. അതിരാവിലെ നനയ്ക്കുന്നതാണ് നല്ലത്, അങ്ങനെ ചൂടിൽ ചെടികൾ ശക്തമായി നിലനിൽക്കും.",पाणी देणे: जमीन कोरडी आहे. सकाळी लवकर पाणी देणे चांगले जेणेकरून उष्णतेमध्ये झाडे मजबूत राहतील.,પાણી આપવું: જમીન સૂકી છે. ગરમી દરમિયાન છોડ મજબૂત રહે તે માટે વહેલી સવારે પાણી આપવું શ્રેષ્ઠ છે.,"জল দেওয়া: মাটি শুষ্ক। খুব ভোরে জল দেওয়া ভালো, যাতে গরমের সময় গাছপালা শক্তিশালী থাকে।",ਪਾਣੀ ਦੇਣਾ: ਜ਼ਮੀਨ ਸੁੱਕੀ ਹੈ। ਸਵੇਰੇ ਜਲਦੀ ਪਾਣੀ ਦੇਣਾ ਸਭ ਤੋਂ ਵਧੀਆ ਹੈ ਤਾਂ ਜੋ ਪੌਦੇ ਗਰਮੀ ਦੌਰਾਨ ਮਜ਼ਬੂਤ ​​ਰਹਿਣ।,پانی دینا: زمین خشک ہے۔ صبح سویرے پانی دینا بہتر ہے تاکہ گرمی کے دوران پودے مضبوط رہیں۔,पानी हाल्ने: जमिन सुख्खा छ। बिहान सबेरै पानी हाल्नु राम्रो हुन्छ ताकि गर्मीको समयमा बिरुवाहरू बलियो रहून्।,ପାଣି ଦେବା: ଜମି ଶୁଖିଲା ଅଛି। ଗରମ ସମୟରେ ଗଛଗୁଡ଼ିକ ଶକ୍ତିଶାଳୀ ରହିବା ପାଇଁ ସକାଳୁ ପାଣି ଦେବା ଭଲ।,,droplet
Moderate,Very Dry,Calm,Light Rain,spraying,STABLE,15,Good Spraying Conditions,SPRAYING: The air is calm right now. Spray your crops now before the wind picks up and wastes your medicine.,ಸಿಂಪಡಣೆ: ಗಾಳಿ ಈಗ ಶಾಂತವಾಗಿದೆ. ಗಾಳಿ ಬೀಸಿ ನಿಮ್ಮ ಔಷಧ ವ್ಯರ್ಥವಾಗುವ ಮೊದಲು ನಿಮ್ಮ ಬೆಳೆಗಳಿಗೆ ಈಗಲೇ ಸಿಂಪಡಿಸಿ.,छिड़काव: इस समय हवा शांत है। हवा चलने और दवा बर्बाद होने से पहले अपनी फसलों पर छिड़काव करें।,தெளித்தல்: காற்று இப்போது அமைதியாக இருக்கிறது. காற்று வீசி உங்கள் மருந்தை வீணாக்கும் முன் உங்கள் பயிர்களுக்கு இப்போதே தெளிக்கவும்.,స్ప్రేయింగ్: ప్రస్తుతం గాలి ప్రశాంతంగా ఉంది. గాలి వీచి మీ ఔషధం వృధా అయ్యేలోపు మీ పంటలపై ఇప్పుడే పిచికారీ చేయండి.,സ്പ്രേയിംഗ്: ഇപ്പോൾ വായു ശാന്തമാണ്. കാറ്റ് വീശി നിങ്ങളുടെ മരുന്നുകൾ പാഴാക്കുന്നതിനുമുമ്പ് നിങ്ങളുടെ വിളകൾക്ക് ഇപ്പോൾ തന്നെ തളിക്കുക.,फवारणी: सध्या हवा शांत आहे. वारा येऊन तुमचे औषध वाया जाण्यापूर्वी आत्ताच तुमच्या पिकांवर फवारणी करा.,છંટકાવ: અત્યારે હવા શાંત છે. પવન ફૂંકાય અને તમારી દવા બગાડે તે પહેલાં હમણાં જ તમારા પાક પર છંટકાવ કરો.,স্প্রে করা: বাতাস এখন শান্ত। বাতাস বইতে শুরু করে এবং আপনার ওষুধ নষ্ট করার আগে এখনই আপনার ফসলে স্প্রে করুন।,ਛਿੜਕਾਅ: ਇਸ ਵੇਲੇ ਹਵਾ ਸ਼ਾਂਤ ਹੈ। ਹਵਾ ਚੱਲਣ ਅਤੇ ਤੁਹਾਡੀ ਦਵਾਈ ਬਰਬਾਦ ਹੋਣ ਤੋਂ ਪਹਿਲਾਂ ਆਪਣੀਆਂ ਫਸਲਾਂ 'ਤੇ ਹੁਣੇ ਛਿੜਕਾਅ ਕਰੋ।,چھڑکاؤ: اس وقت ہوا پرسکون ہے۔ اپنی فصلوں پر چھڑکاؤ اس سے پہلے کہ ہوا تیز ہو جائے اور آپ کی دوائی ضائع ہو جائے۔,छर्कने: अहिले हावा शान्त छ। हावा चल्नु र तपाईंको औषधि खेर जानु अघि नै आफ्नो बालीनालीमा छर्कनुहोस्।,ସିଞ୍ଚନ: ବର୍ତ୍ତମାନ ବାୟୁ ଶାନ୍ତ ଅଛି। ପବନ ବହିବା ଏବଂ ଔଷଧ ନଷ୍ଟ କରିବା ପୂର୍ବରୁ ଏବେ ଆପଣଙ୍କ ଫସଲରେ ସିଞ୍ଚନ କରନ୍ତୁ।,,spray
Moderate,Very Dry,Calm,Light Rain,fungal_risk,STABLE,15,Low Fungal Risk,DISEASE ALERT: It is very damp and warm. Check your leaves for rot and use protection to save your harvest.,ರೋಗ ಎಚ್ಚರಿಕೆ: ಇದು ತುಂಬಾ ತೇವ ಮತ್ತು ಬೆಚ್ಚಗಿರುತ್ತದೆ. ನಿಮ್ಮ ಎಲೆಗಳನ್ನು ಕೊಳೆತಕ್ಕಾಗಿ ಪರಿಶೀಲಿಸಿ ಮತ್ತು ನಿಮ್ಮ ಬೆಳೆಯನ್ನು ಉಳಿಸಲು ರಕ್ಷಣೆಯನ್ನು ಬಳಸಿ.,रोग चेतावनी: मौसम बहुत नम और गर्म है। पत्तियों में सड़न की जांच करें और अपनी फसल को बचाने के लिए सुरक्षात्मक उपाय करें।,"நோய் எச்சரிக்கை: இது மிகவும் ஈரப்பதமாகவும் சூடாகவும் இருக்கும். உங்கள் இலைகளில் அழுகல் இருக்கிறதா என்று சரிபார்த்து, உங்கள் அறுவடையை சேமிக்க பாதுகாப்பைப் பயன்படுத்துங்கள்.",వ్యాధి హెచ్చరిక: ఇది చాలా తడిగా మరియు వెచ్చగా ఉంటుంది. మీ ఆకులు తెగులు కోసం తనిఖీ చేయండి మరియు మీ పంటను కాపాడటానికి రక్షణను ఉపయోగించండి.,രോഗ മുന്നറിയിപ്പ്: ഇത് വളരെ ഈർപ്പമുള്ളതും ചൂടുള്ളതുമാണ്. നിങ്ങളുടെ ഇലകൾ അഴുകുന്നുണ്ടോ എന്ന് പരിശോധിച്ച് നിങ്ങളുടെ വിള സംരക്ഷിക്കാൻ സംരക്ഷണം ഉപയോഗിക്കുക.,रोगाचा इशारा: हे खूप ओलसर आणि उबदार आहे. तुमची पाने कुजली आहेत का ते तपासा आणि तुमचे पीक वाचवण्यासाठी संरक्षण वापरा.,રોગની ચેતવણી: તે ખૂબ જ ભેજવાળી અને ગરમ છે. તમારા પાંદડા સડી ગયા છે કે નહીં તે તપાસો અને તમારા પાકને બચાવવા માટે રક્ષણનો ઉપયોગ કરો.,রোগের সতর্কতা: এটি খুব স্যাঁতসেঁতে এবং উষ্ণ। আপনার পাতা পচে গেছে কিনা তা পরীক্ষা করুন এবং আপনার ফসল বাঁচাতে সুরক্ষা ব্যবস্থা ব্যবহার করুন।,ਬਿਮਾਰੀ ਦੀ ਚੇਤਾਵਨੀ: ਇਹ ਬਹੁਤ ਗਿੱਲਾ ਅਤੇ ਗਰਮ ਹੈ। ਆਪਣੇ ਪੱਤਿਆਂ ਦੀ ਸੜਨ ਦੀ ਜਾਂਚ ਕਰੋ ਅਤੇ ਆਪਣੀ ਫ਼ਸਲ ਨੂੰ ਬਚਾਉਣ ਲਈ ਸੁਰੱਖਿਆ ਦੀ ਵਰਤੋਂ ਕਰੋ।,بیماری کا انتباہ: یہ بہت نم اور گرم ہے۔ اپنے پتوں کو سڑنے کے لیے چیک کریں اور اپنی فصل کو بچانے کے لیے تحفظ کا استعمال کریں۔,रोगको चेतावनी: यो धेरै ओसिलो र न्यानो छ। आफ्नो पातहरू कुहिन जाँच गर्नुहोस् र आफ्नो बाली बचाउन सुरक्षा प्रयोग गर्नुहोस्।,ରୋଗ ସତର୍କତା: ଏହା ବହୁତ ଓଦା ଏବଂ ଉଷ୍ମ। ଆପଣଙ୍କ ପତ୍ର ପଚିଛି କି ନାହିଁ ଯାଞ୍ଚ କରନ୍ତୁ ଏବଂ ଆପଣଙ୍କ ଫସଲକୁ ବଞ୍ଚାଇବା ପାଇଁ ସୁରକ୍ଷା ବ୍ୟବହାର କରନ୍ତୁ।,,shield
Moderate,Very Dry,Calm,Light Rain,field_work,STABLE,15,Good Field Work Day,FIELD WORK: It is getting very hot. Do your heavy work while it is still cool to keep yourself and your plants healthy.,ಕ್ಷೇತ್ರದ ಕೆಲಸ: ತುಂಬಾ ಬಿಸಿಯಾಗುತ್ತಿದೆ. ನಿಮ್ಮನ್ನು ಮತ್ತು ನಿಮ್ಮ ಸಸ್ಯಗಳನ್ನು ಆರೋಗ್ಯವಾಗಿಡಲು ತಂಪಾಗಿರುವಾಗಲೇ ನಿಮ್ಮ ಭಾರವಾದ ಕೆಲಸವನ್ನು ಮಾಡಿ.,"खेत का काम: बहुत गर्मी पड़ रही है। अपना भारी काम तब करें जब मौसम ठंडा हो, ताकि आप और आपके पौधे स्वस्थ रहें।","களப்பணி: மிகவும் சூடாகி வருகிறது. உங்களையும் உங்கள் தாவரங்களையும் ஆரோக்கியமாக வைத்திருக்க, குளிர்ச்சியாக இருக்கும்போதே உங்கள் கனமான வேலையைச் செய்யுங்கள்.",ఫీల్డ్ వర్క్: చాలా వేడిగా ఉంది. మిమ్మల్ని మరియు మీ మొక్కలను ఆరోగ్యంగా ఉంచుకోవడానికి చల్లగా ఉన్నప్పుడే మీ భారీ పని చేయండి.,വയലിലെ ജോലി: ചൂട് കൂടിവരികയാണ്. നിങ്ങളെയും നിങ്ങളുടെ ചെടികളെയും ആരോഗ്യത്തോടെ നിലനിർത്താൻ തണുപ്പുള്ളപ്പോൾ തന്നെ ഭാരിച്ച ജോലികൾ ചെയ്യുക.,शेतातील काम: खूप उष्णता वाढत आहे. स्वतःला आणि तुमच्या झाडांना निरोगी ठेवण्यासाठी थंड असतानाच तुमचे जड काम करा.,ખેતરમાં કામ: ખૂબ ગરમી પડી રહી છે. ઠંડી હોય ત્યારે ભારે કામ કરો જેથી તમારી જાતને અને તમારા છોડને સ્વસ્થ રાખી શકાય.,মাঠের কাজ: খুব গরম পড়ছে। নিজেকে এবং আপনার গাছপালা সুস্থ রাখতে ঠান্ডা থাকতেই ভারী কাজ করুন।,ਖੇਤ ਦਾ ਕੰਮ: ਬਹੁਤ ਗਰਮੀ ਪੈ ਰਹੀ ਹੈ। ਆਪਣੇ ਆਪ ਨੂੰ ਅਤੇ ਆਪਣੇ ਪੌਦਿਆਂ ਨੂੰ ਸਿਹਤਮੰਦ ਰੱਖਣ ਲਈ ਠੰਡਾ ਹੋਣ ਤੱਕ ਆਪਣਾ ਭਾਰੀ ਕੰਮ ਕਰੋ।,فیلڈ ورک: یہ بہت گرم ہو رہا ہے۔ اپنے آپ کو اور اپنے پودوں کو صحت مند رکھنے کے لیے ٹھنڈا ہونے کے دوران اپنا بھاری کام کریں۔,खेतबारीको काम: धेरै गर्मी भइरहेको छ। आफू र आफ्ना बिरुवाहरूलाई स्वस्थ राख्न चिसो हुँदा नै आफ्नो भारी काम गर्नुहोस्।,କ୍ଷେତ କାମ: ବହୁତ ଗରମ ହେଉଛି। ନିଜକୁ ଏବଂ ଆପଣଙ୍କ ଗଛଗୁଡ଼ିକୁ ସୁସ୍ଥ ରଖିବା ପାଇଁ ଥଣ୍ଡା ଥିବା ସମୟରେ ଆପଣଙ୍କର କଠିନ କାମ କରନ୍ତୁ।,,tractor
Moderate,Very Dry,Calm,Heavy Rain,irrigation,STABLE,15,Irrigation Safe,WATERING: The ground is dry. Best to water in the early morning so the plants stay strong during the heat.,"ನೀರುಹಾಕುವುದು: ನೆಲ ಒಣಗಿದೆ. ಬೆಳಿಗ್ಗೆ ಬೇಗನೆ ನೀರು ಹಾಕುವುದು ಉತ್ತಮ, ಇದರಿಂದ ಸಸ್ಯಗಳು ಶಾಖದ ಸಮಯದಲ್ಲಿ ಬಲವಾಗಿರುತ್ತವೆ.",पानी देना: मिट्टी सूखी है। पौधों को गर्मी के दौरान स्वस्थ रखने के लिए सुबह जल्दी पानी देना सबसे अच्छा है।,"நீர்ப்பாசனம்: நிலம் வறண்டு உள்ளது. அதிகாலையில் தண்ணீர் பாய்ச்சுவது நல்லது, இதனால் வெப்பத்தின் போது தாவரங்கள் வலுவாக இருக்கும்.","నీరు త్రాగుట: నేల పొడిగా ఉంటుంది. ఉదయాన్నే నీరు పోయడం మంచిది, తద్వారా వేడి సమయంలో మొక్కలు బలంగా ఉంటాయి.","നനവ്: നിലം വരണ്ടതാണ്. അതിരാവിലെ നനയ്ക്കുന്നതാണ് നല്ലത്, അങ്ങനെ ചൂടിൽ ചെടികൾ ശക്തമായി നിലനിൽക്കും.",पाणी देणे: जमीन कोरडी आहे. सकाळी लवकर पाणी देणे चांगले जेणेकरून उष्णतेमध्ये झाडे मजबूत राहतील.,પાણી આપવું: જમીન સૂકી છે. ગરમી દરમિયાન છોડ મજબૂત રહે તે માટે વહેલી સવારે પાણી આપવું શ્રેષ્ઠ છે.,"জল দেওয়া: মাটি শুষ্ক। খুব ভোরে জল দেওয়া ভালো, যাতে গরমের সময় গাছপালা শক্তিশালী থাকে।",ਪਾਣੀ ਦੇਣਾ: ਜ਼ਮੀਨ ਸੁੱਕੀ ਹੈ। ਸਵੇਰੇ ਜਲਦੀ ਪਾਣੀ ਦੇਣਾ ਸਭ ਤੋਂ ਵਧੀਆ ਹੈ ਤਾਂ ਜੋ ਪੌਦੇ ਗਰਮੀ ਦੌਰਾਨ ਮਜ਼ਬੂਤ ​​ਰਹਿਣ।,پانی دینا: زمین خشک ہے۔ صبح سویرے پانی دینا بہتر ہے تاکہ گرمی کے دوران پودے مضبوط رہیں۔,पानी हाल्ने: जमिन सुख्खा छ। बिहान सबेरै पानी हाल्नु राम्रो हुन्छ ताकि गर्मीको समयमा बिरुवाहरू बलियो रहून्।,ପାଣି ଦେବା: ଜମି ଶୁଖିଲା ଅଛି। ଗରମ ସମୟରେ ଗଛଗୁଡ଼ିକ ଶକ୍ତିଶାଳୀ ରହିବା ପାଇଁ ସକାଳୁ ପାଣି ଦେବା ଭଲ।,,droplet
Moderate,Very Dry,Calm,Heavy Rain,spraying,STABLE,15,Good Spraying Conditions,SPRAYING: The air is calm right now. Spray your crops now before the wind picks up and wastes your medicine.,ಸಿಂಪಡಣೆ: ಗಾಳಿ ಈಗ ಶಾಂತವಾಗಿದೆ. ಗಾಳಿ ಬೀಸಿ ನಿಮ್ಮ ಔಷಧ ವ್ಯರ್ಥವಾಗುವ ಮೊದಲು ನಿಮ್ಮ ಬೆಳೆಗಳಿಗೆ ಈಗಲೇ ಸಿಂಪಡಿಸಿ.,छिड़काव: इस समय हवा शांत है। हवा चलने और दवा बर्बाद होने से पहले अपनी फसलों पर छिड़काव करें।,தெளித்தல்: காற்று இப்போது அமைதியாக இருக்கிறது. காற்று வீசி உங்கள் மருந்தை வீணாக்கும் முன் உங்கள் பயிர்களுக்கு இப்போதே தெளிக்கவும்.,స్ప్రేయింగ్: ప్రస్తుతం గాలి ప్రశాంతంగా ఉంది. గాలి వీచి మీ ఔషధం వృధా అయ్యేలోపు మీ పంటలపై ఇప్పుడే పిచికారీ చేయండి.,സ്പ്രേയിംഗ്: ഇപ്പോൾ വായു ശാന്തമാണ്. കാറ്റ് വീശി നിങ്ങളുടെ മരുന്നുകൾ പാഴാക്കുന്നതിനുമുമ്പ് നിങ്ങളുടെ വിളകൾക്ക് ഇപ്പോൾ തന്നെ തളിക്കുക.,फवारणी: सध्या हवा शांत आहे. वारा येऊन तुमचे औषध वाया जाण्यापूर्वी आत्ताच तुमच्या पिकांवर फवारणी करा.,છંટકાવ: અત્યારે હવા શાંત છે. પવન ફૂંકાય અને તમારી દવા બગાડે તે પહેલાં હમણાં જ તમારા પાક પર છંટકાવ કરો.,স্প্রে করা: বাতাস এখন শান্ত। বাতাস বইতে শুরু করে এবং আপনার ওষুধ নষ্ট করার আগে এখনই আপনার ফসলে স্প্রে করুন।,ਛਿੜਕਾਅ: ਇਸ ਵੇਲੇ ਹਵਾ ਸ਼ਾਂਤ ਹੈ। ਹਵਾ ਚੱਲਣ ਅਤੇ ਤੁਹਾਡੀ ਦਵਾਈ ਬਰਬਾਦ ਹੋਣ ਤੋਂ ਪਹਿਲਾਂ ਆਪਣੀਆਂ ਫਸਲਾਂ 'ਤੇ ਹੁਣੇ ਛਿੜਕਾਅ ਕਰੋ।,چھڑکاؤ: اس وقت ہوا پرسکون ہے۔ اپنی فصلوں پر چھڑکاؤ اس سے پہلے کہ ہوا تیز ہو جائے اور آپ کی دوائی ضائع ہو جائے۔,छर्कने: अहिले हावा शान्त छ। हावा चल्नु र तपाईंको औषधि खेर जानु अघि नै आफ्नो बालीनालीमा छर्कनुहोस्।,ସିଞ୍ଚନ: ବର୍ତ୍ତମାନ ବାୟୁ ଶାନ୍ତ ଅଛି। ପବନ ବହିବା ଏବଂ ଔଷଧ ନଷ୍ଟ କରିବା ପୂର୍ବରୁ ଏବେ ଆପଣଙ୍କ ଫସଲରେ ସିଞ୍ଚନ କରନ୍ତୁ।,,spray
Moderate,Very Dry,Calm,Heavy Rain,fungal_risk,STABLE,15,Low Fungal Risk,DISEASE ALERT: It is very damp and warm. Check your leaves for rot and use protection to save your harvest.,ರೋಗ ಎಚ್ಚರಿಕೆ: ಇದು ತುಂಬಾ ತೇವ ಮತ್ತು ಬೆಚ್ಚಗಿರುತ್ತದೆ. ನಿಮ್ಮ ಎಲೆಗಳನ್ನು ಕೊಳೆತಕ್ಕಾಗಿ ಪರಿಶೀಲಿಸಿ ಮತ್ತು ನಿಮ್ಮ ಬೆಳೆಯನ್ನು ಉಳಿಸಲು ರಕ್ಷಣೆಯನ್ನು ಬಳಸಿ.,रोग चेतावनी: मौसम बहुत नम और गर्म है। पत्तियों में सड़न की जांच करें और अपनी फसल को बचाने के लिए सुरक्षात्मक उपाय करें।,"நோய் எச்சரிக்கை: இது மிகவும் ஈரப்பதமாகவும் சூடாகவும் இருக்கும். உங்கள் இலைகளில் அழுகல் இருக்கிறதா என்று சரிபார்த்து, உங்கள் அறுவடையை சேமிக்க பாதுகாப்பைப் பயன்படுத்துங்கள்.",వ్యాధి హెచ్చరిక: ఇది చాలా తడిగా మరియు వెచ్చగా ఉంటుంది. మీ ఆకులు తెగులు కోసం తనిఖీ చేయండి మరియు మీ పంటను కాపాడటానికి రక్షణను ఉపయోగించండి.,രോഗ മുന്നറിയിപ്പ്: ഇത് വളരെ ഈർപ്പമുള്ളതും ചൂടുള്ളതുമാണ്. നിങ്ങളുടെ ഇലകൾ അഴുകുന്നുണ്ടോ എന്ന് പരിശോധിച്ച് നിങ്ങളുടെ വിള സംരക്ഷിക്കാൻ സംരക്ഷണം ഉപയോഗിക്കുക.,रोगाचा इशारा: हे खूप ओलसर आणि उबदार आहे. तुमची पाने कुजली आहेत का ते तपासा आणि तुमचे पीक वाचवण्यासाठी संरक्षण वापरा.,રોગની ચેતવણી: તે ખૂબ જ ભેજવાળી અને ગરમ છે. તમારા પાંદડા સડી ગયા છે કે નહીં તે તપાસો અને તમારા પાકને બચાવવા માટે રક્ષણનો ઉપયોગ કરો.,রোগের সতর্কতা: এটি খুব স্যাঁতসেঁতে এবং উষ্ণ। আপনার পাতা পচে গেছে কিনা তা পরীক্ষা করুন এবং আপনার ফসল বাঁচাতে সুরক্ষা ব্যবস্থা ব্যবহার করুন।,ਬਿਮਾਰੀ ਦੀ ਚੇਤਾਵਨੀ: ਇਹ ਬਹੁਤ ਗਿੱਲਾ ਅਤੇ ਗਰਮ ਹੈ। ਆਪਣੇ ਪੱਤਿਆਂ ਦੀ ਸੜਨ ਦੀ ਜਾਂਚ ਕਰੋ ਅਤੇ ਆਪਣੀ ਫ਼ਸਲ ਨੂੰ ਬਚਾਉਣ ਲਈ ਸੁਰੱਖਿਆ ਦੀ ਵਰਤੋਂ ਕਰੋ।,بیماری کا انتباہ: یہ بہت نم اور گرم ہے۔ اپنے پتوں کو سڑنے کے لیے چیک کریں اور اپنی فصل کو بچانے کے لیے تحفظ کا استعمال کریں۔,रोगको चेतावनी: यो धेरै ओसिलो र न्यानो छ। आफ्नो पातहरू कुहिन जाँच गर्नुहोस् र आफ्नो बाली बचाउन सुरक्षा प्रयोग गर्नुहोस्।,ରୋଗ ସତର୍କତା: ଏହା ବହୁତ ଓଦା ଏବଂ ଉଷ୍ମ। ଆପଣଙ୍କ ପତ୍ର ପଚିଛି କି ନାହିଁ ଯାଞ୍ଚ କରନ୍ତୁ ଏବଂ ଆପଣଙ୍କ ଫସଲକୁ ବଞ୍ଚାଇବା ପାଇଁ ସୁରକ୍ଷା ବ୍ୟବହାର କରନ୍ତୁ।,,shield
Moderate,Very Dry,Calm,Heavy Rain,field_work,STABLE,15,Good Field Work Day,FIELD WORK: It is getting very hot. Do your heavy work while it is still cool to keep yourself and your plants healthy.,ಕ್ಷೇತ್ರದ ಕೆಲಸ: ತುಂಬಾ ಬಿಸಿಯಾಗುತ್ತಿದೆ. ನಿಮ್ಮನ್ನು ಮತ್ತು ನಿಮ್ಮ ಸಸ್ಯಗಳನ್ನು ಆರೋಗ್ಯವಾಗಿಡಲು ತಂಪಾಗಿರುವಾಗಲೇ ನಿಮ್ಮ ಭಾರವಾದ ಕೆಲಸವನ್ನು ಮಾಡಿ.,"खेत का काम: बहुत गर्मी पड़ रही है। अपना भारी काम तब करें जब मौसम ठंडा हो, ताकि आप और आपके पौधे स्वस्थ रहें।","களப்பணி: மிகவும் சூடாகி வருகிறது. உங்களையும் உங்கள் தாவரங்களையும் ஆரோக்கியமாக வைத்திருக்க, குளிர்ச்சியாக இருக்கும்போதே உங்கள் கனமான வேலையைச் செய்யுங்கள்.",ఫీల్డ్ వర్క్: చాలా వేడిగా ఉంది. మిమ్మల్ని మరియు మీ మొక్కలను ఆరోగ్యంగా ఉంచుకోవడానికి చల్లగా ఉన్నప్పుడే మీ భారీ పని చేయండి.,വയലിലെ ജോലി: ചൂട് കൂടിവരികയാണ്. നിങ്ങളെയും നിങ്ങളുടെ ചെടികളെയും ആരോഗ്യത്തോടെ നിലനിർത്താൻ തണുപ്പുള്ളപ്പോൾ തന്നെ ഭാരിച്ച ജോലികൾ ചെയ്യുക.,शेतातील काम: खूप उष्णता वाढत आहे. स्वतःला आणि तुमच्या झाडांना निरोगी ठेवण्यासाठी थंड असतानाच तुमचे जड काम करा.,ખેતરમાં કામ: ખૂબ ગરમી પડી રહી છે. ઠંડી હોય ત્યારે ભારે કામ કરો જેથી તમારી જાતને અને તમારા છોડને સ્વસ્થ રાખી શકાય.,মাঠের কাজ: খুব গরম পড়ছে। নিজেকে এবং আপনার গাছপালা সুস্থ রাখতে ঠান্ডা থাকতেই ভারী কাজ করুন।,ਖੇਤ ਦਾ ਕੰਮ: ਬਹੁਤ ਗਰਮੀ ਪੈ ਰਹੀ ਹੈ। ਆਪਣੇ ਆਪ ਨੂੰ ਅਤੇ ਆਪਣੇ ਪੌਦਿਆਂ ਨੂੰ ਸਿਹਤਮੰਦ ਰੱਖਣ ਲਈ ਠੰਡਾ ਹੋਣ ਤੱਕ ਆਪਣਾ ਭਾਰੀ ਕੰਮ ਕਰੋ।,فیلڈ ورک: یہ بہت گرم ہو رہا ہے۔ اپنے آپ کو اور اپنے پودوں کو صحت مند رکھنے کے لیے ٹھنڈا ہونے کے دوران اپنا بھاری کام کریں۔,खेतबारीको काम: धेरै गर्मी भइरहेको छ। आफू र आफ्ना बिरुवाहरूलाई स्वस्थ राख्न चिसो हुँदा नै आफ्नो भारी काम गर्नुहोस्।,କ୍ଷେତ କାମ: ବହୁତ ଗରମ ହେଉଛି। ନିଜକୁ ଏବଂ ଆପଣଙ୍କ ଗଛଗୁଡ଼ିକୁ ସୁସ୍ଥ ରଖିବା ପାଇଁ ଥଣ୍ଡା ଥିବା ସମୟରେ ଆପଣଙ୍କର କଠିନ କାମ କରନ୍ତୁ।,,tractor
Moderate,Very Dry,Breezy,Dry,irrigation,CAUTION,45,Irrigation Caution,WATERING: The ground is dry. Best to water in the early morning so the plants stay strong during the heat.,"ನೀರುಹಾಕುವುದು: ನೆಲ ಒಣಗಿದೆ. ಬೆಳಿಗ್ಗೆ ಬೇಗನೆ ನೀರು ಹಾಕುವುದು ಉತ್ತಮ, ಇದರಿಂದ ಸಸ್ಯಗಳು ಶಾಖದ ಸಮಯದಲ್ಲಿ ಬಲವಾಗಿರುತ್ತವೆ.",पानी देना: मिट्टी सूखी है। पौधों को गर्मी के दौरान स्वस्थ रखने के लिए सुबह जल्दी पानी देना सबसे अच्छा है।,"நீர்ப்பாசனம்: நிலம் வறண்டு உள்ளது. அதிகாலையில் தண்ணீர் பாய்ச்சுவது நல்லது, இதனால் வெப்பத்தின் போது தாவரங்கள் வலுவாக இருக்கும்.","నీరు త్రాగుట: నేల పొడిగా ఉంటుంది. ఉదయాన్నే నీరు పోయడం మంచిది, తద్వారా వేడి సమయంలో మొక్కలు బలంగా ఉంటాయి.","നനവ്: നിലം വരണ്ടതാണ്. അതിരാവിലെ നനയ്ക്കുന്നതാണ് നല്ലത്, അങ്ങനെ ചൂടിൽ ചെടികൾ ശക്തമായി നിലനിൽക്കും.",पाणी देणे: जमीन कोरडी आहे. सकाळी लवकर पाणी देणे चांगले जेणेकरून उष्णतेमध्ये झाडे मजबूत राहतील.,પાણી આપવું: જમીન સૂકી છે. ગરમી દરમિયાન છોડ મજબૂત રહે તે માટે વહેલી સવારે પાણી આપવું શ્રેષ્ઠ છે.,"জল দেওয়া: মাটি শুষ্ক। খুব ভোরে জল দেওয়া ভালো, যাতে গরমের সময় গাছপালা শক্তিশালী থাকে।",ਪਾਣੀ ਦੇਣਾ: ਜ਼ਮੀਨ ਸੁੱਕੀ ਹੈ। ਸਵੇਰੇ ਜਲਦੀ ਪਾਣੀ ਦੇਣਾ ਸਭ ਤੋਂ ਵਧੀਆ ਹੈ ਤਾਂ ਜੋ ਪੌਦੇ ਗਰਮੀ ਦੌਰਾਨ ਮਜ਼ਬੂਤ ​​ਰਹਿਣ।,پانی دینا: زمین خشک ہے۔ صبح سویرے پانی دینا بہتر ہے تاکہ گرمی کے دوران پودے مضبوط رہیں۔,पानी हाल्ने: जमिन सुख्खा छ। बिहान सबेरै पानी हाल्नु राम्रो हुन्छ ताकि गर्मीको समयमा बिरुवाहरू बलियो रहून्।,ପାଣି ଦେବା: ଜମି ଶୁଖିଲା ଅଛି। ଗରମ ସମୟରେ ଗଛଗୁଡ଼ିକ ଶକ୍ତିଶାଳୀ ରହିବା ପାଇଁ ସକାଳୁ ପାଣି ଦେବା ଭଲ।,Before 8 AM,droplet
Moderate,Very Dry,Breezy,Dry,spraying,CAUTION,45,Spray With Caution,SPRAYING: The air is calm right now. Spray your crops now before the wind picks up and wastes your medicine.,ಸಿಂಪಡಣೆ: ಗಾಳಿ ಈಗ ಶಾಂತವಾಗಿದೆ. ಗಾಳಿ ಬೀಸಿ ನಿಮ್ಮ ಔಷಧ ವ್ಯರ್ಥವಾಗುವ ಮೊದಲು ನಿಮ್ಮ ಬೆಳೆಗಳಿಗೆ ಈಗಲೇ ಸಿಂಪಡಿಸಿ.,छिड़काव: इस समय हवा शांत है। हवा चलने और दवा बर्बाद होने से पहले अपनी फसलों पर छिड़काव करें।,தெளித்தல்: காற்று இப்போது அமைதியாக இருக்கிறது. காற்று வீசி உங்கள் மருந்தை வீணாக்கும் முன் உங்கள் பயிர்களுக்கு இப்போதே தெளிக்கவும்.,స్ప్రేయింగ్: ప్రస్తుతం గాలి ప్రశాంతంగా ఉంది. గాలి వీచి మీ ఔషధం వృధా అయ్యేలోపు మీ పంటలపై ఇప్పుడే పిచికారీ చేయండి.,സ്പ്രേയിംഗ്: ഇപ്പോൾ വായു ശാന്തമാണ്. കാറ്റ് വീശി നിങ്ങളുടെ മരുന്നുകൾ പാഴാക്കുന്നതിനുമുമ്പ് നിങ്ങളുടെ വിളകൾക്ക് ഇപ്പോൾ തന്നെ തളിക്കുക.,फवारणी: सध्या हवा शांत आहे. वारा येऊन तुमचे औषध वाया जाण्यापूर्वी आत्ताच तुमच्या पिकांवर फवारणी करा.,છંટકાવ: અત્યારે હવા શાંત છે. પવન ફૂંકાય અને તમારી દવા બગાડે તે પહેલાં હમણાં જ તમારા પાક પર છંટકાવ કરો.,স্প্রে করা: বাতাস এখন শান্ত। বাতাস বইতে শুরু করে এবং আপনার ওষুধ নষ্ট করার আগে এখনই আপনার ফসলে স্প্রে করুন।,ਛਿੜਕਾਅ: ਇਸ ਵੇਲੇ ਹਵਾ ਸ਼ਾਂਤ ਹੈ। ਹਵਾ ਚੱਲਣ ਅਤੇ ਤੁਹਾਡੀ ਦਵਾਈ ਬਰਬਾਦ ਹੋਣ ਤੋਂ ਪਹਿਲਾਂ ਆਪਣੀਆਂ ਫਸਲਾਂ 'ਤੇ ਹੁਣੇ ਛਿੜਕਾਅ ਕਰੋ।,چھڑکاؤ: اس وقت ہوا پرسکون ہے۔ اپنی فصلوں پر چھڑکاؤ اس سے پہلے کہ ہوا تیز ہو جائے اور آپ کی دوائی ضائع ہو جائے۔,छर्कने: अहिले हावा शान्त छ। हावा चल्नु र तपाईंको औषधि खेर जानु अघि नै आफ्नो बालीनालीमा छर्कनुहोस्।,ସିଞ୍ଚନ: ବର୍ତ୍ତମାନ ବାୟୁ ଶାନ୍ତ ଅଛି। ପବନ ବହିବା ଏବଂ ଔଷଧ ନଷ୍ଟ କରିବା ପୂର୍ବରୁ ଏବେ ଆପଣଙ୍କ ଫସଲରେ ସିଞ୍ଚନ କରନ୍ତୁ।,Before 10 AM,spray
Moderate,Very Dry,Breezy,Dry,fungal_risk,CAUTION,45,Monitor Fungal Risk,DISEASE ALERT: It is very damp and warm. Check your leaves for rot and use protection to save your harvest.,ರೋಗ ಎಚ್ಚರಿಕೆ: ಇದು ತುಂಬಾ ತೇವ ಮತ್ತು ಬೆಚ್ಚಗಿರುತ್ತದೆ. ನಿಮ್ಮ ಎಲೆಗಳನ್ನು ಕೊಳೆತಕ್ಕಾಗಿ ಪರಿಶೀಲಿಸಿ ಮತ್ತು ನಿಮ್ಮ ಬೆಳೆಯನ್ನು ಉಳಿಸಲು ರಕ್ಷಣೆಯನ್ನು ಬಳಸಿ.,रोग चेतावनी: मौसम बहुत नम और गर्म है। पत्तियों में सड़न की जांच करें और अपनी फसल को बचाने के लिए सुरक्षात्मक उपाय करें।,"நோய் எச்சரிக்கை: இது மிகவும் ஈரப்பதமாகவும் சூடாகவும் இருக்கும். உங்கள் இலைகளில் அழுகல் இருக்கிறதா என்று சரிபார்த்து, உங்கள் அறுவடையை சேமிக்க பாதுகாப்பைப் பயன்படுத்துங்கள்.",వ్యాధి హెచ్చరిక: ఇది చాలా తడిగా మరియు వెచ్చగా ఉంటుంది. మీ ఆకులు తెగులు కోసం తనిఖీ చేయండి మరియు మీ పంటను కాపాడటానికి రక్షణను ఉపయోగించండి.,രോഗ മുന്നറിയിപ്പ്: ഇത് വളരെ ഈർപ്പമുള്ളതും ചൂടുള്ളതുമാണ്. നിങ്ങളുടെ ഇലകൾ അഴുകുന്നുണ്ടോ എന്ന് പരിശോധിച്ച് നിങ്ങളുടെ വിള സംരക്ഷിക്കാൻ സംരക്ഷണം ഉപയോഗിക്കുക.,रोगाचा इशारा: हे खूप ओलसर आणि उबदार आहे. तुमची पाने कुजली आहेत का ते तपासा आणि तुमचे पीक वाचवण्यासाठी संरक्षण वापरा.,રોગની ચેતવણી: તે ખૂબ જ ભેજવાળી અને ગરમ છે. તમારા પાંદડા સડી ગયા છે કે નહીં તે તપાસો અને તમારા પાકને બચાવવા માટે રક્ષણનો ઉપયોગ કરો.,রোগের সতর্কতা: এটি খুব স্যাঁতসেঁতে এবং উষ্ণ। আপনার পাতা পচে গেছে কিনা তা পরীক্ষা করুন এবং আপনার ফসল বাঁচাতে সুরক্ষা ব্যবস্থা ব্যবহার করুন।,ਬਿਮਾਰੀ ਦੀ ਚੇਤਾਵਨੀ: ਇਹ ਬਹੁਤ ਗਿੱਲਾ ਅਤੇ ਗਰਮ ਹੈ। ਆਪਣੇ ਪੱਤਿਆਂ ਦੀ ਸੜਨ ਦੀ ਜਾਂਚ ਕਰੋ ਅਤੇ ਆਪਣੀ ਫ਼ਸਲ ਨੂੰ ਬਚਾਉਣ ਲਈ ਸੁਰੱਖਿਆ ਦੀ ਵਰਤੋਂ ਕਰੋ।,بیماری کا انتباہ: یہ بہت نم اور گرم ہے۔ اپنے پتوں کو سڑنے کے لیے چیک کریں اور اپنی فصل کو بچانے کے لیے تحفظ کا استعمال کریں۔,रोगको चेतावनी: यो धेरै ओसिलो र न्यानो छ। आफ्नो पातहरू कुहिन जाँच गर्नुहोस् र आफ्नो बाली बचाउन सुरक्षा प्रयोग गर्नुहोस्।,ରୋଗ ସତର୍କତା: ଏହା ବହୁତ ଓଦା ଏବଂ ଉଷ୍ମ। ଆପଣଙ୍କ ପତ୍ର ପଚିଛି କି ନାହିଁ ଯାଞ୍ଚ କରନ୍ତୁ ଏବଂ ଆପଣଙ୍କ ଫସଲକୁ ବଞ୍ଚାଇବା ପାଇଁ ସୁରକ୍ଷା ବ୍ୟବହାର କରନ୍ତୁ।,,warning
Moderate,Very Dry,Breezy,Dry,field_work,CAUTION,45,Limit Field Work Hours,FIELD WORK: It is getting very hot. Do your heavy work while it is still cool to keep yourself and your plants healthy.,ಕ್ಷೇತ್ರದ ಕೆಲಸ: ತುಂಬಾ ಬಿಸಿಯಾಗುತ್ತಿದೆ. ನಿಮ್ಮನ್ನು ಮತ್ತು ನಿಮ್ಮ ಸಸ್ಯಗಳನ್ನು ಆರೋಗ್ಯವಾಗಿಡಲು ತಂಪಾಗಿರುವಾಗಲೇ ನಿಮ್ಮ ಭಾರವಾದ ಕೆಲಸವನ್ನು ಮಾಡಿ.,"खेत का काम: बहुत गर्मी पड़ रही है। अपना भारी काम तब करें जब मौसम ठंडा हो, ताकि आप और आपके पौधे स्वस्थ रहें।","களப்பணி: மிகவும் சூடாகி வருகிறது. உங்களையும் உங்கள் தாவரங்களையும் ஆரோக்கியமாக வைத்திருக்க, குளிர்ச்சியாக இருக்கும்போதே உங்கள் கனமான வேலையைச் செய்யுங்கள்.",ఫీల్డ్ వర్క్: చాలా వేడిగా ఉంది. మిమ్మల్ని మరియు మీ మొక్కలను ఆరోగ్యంగా ఉంచుకోవడానికి చల్లగా ఉన్నప్పుడే మీ భారీ పని చేయండి.,വയലിലെ ജോലി: ചൂട് കൂടിവരികയാണ്. നിങ്ങളെയും നിങ്ങളുടെ ചെടികളെയും ആരോഗ്യത്തോടെ നിലനിർത്താൻ തണുപ്പുള്ളപ്പോൾ തന്നെ ഭാരിച്ച ജോലികൾ ചെയ്യുക.,शेतातील काम: खूप उष्णता वाढत आहे. स्वतःला आणि तुमच्या झाडांना निरोगी ठेवण्यासाठी थंड असतानाच तुमचे जड काम करा.,ખેતરમાં કામ: ખૂબ ગરમી પડી રહી છે. ઠંડી હોય ત્યારે ભારે કામ કરો જેથી તમારી જાતને અને તમારા છોડને સ્વસ્થ રાખી શકાય.,মাঠের কাজ: খুব গরম পড়ছে। নিজেকে এবং আপনার গাছপালা সুস্থ রাখতে ঠান্ডা থাকতেই ভারী কাজ করুন।,ਖੇਤ ਦਾ ਕੰਮ: ਬਹੁਤ ਗਰਮੀ ਪੈ ਰਹੀ ਹੈ। ਆਪਣੇ ਆਪ ਨੂੰ ਅਤੇ ਆਪਣੇ ਪੌਦਿਆਂ ਨੂੰ ਸਿਹਤਮੰਦ ਰੱਖਣ ਲਈ ਠੰਡਾ ਹੋਣ ਤੱਕ ਆਪਣਾ ਭਾਰੀ ਕੰਮ ਕਰੋ।,فیلڈ ورک: یہ بہت گرم ہو رہا ہے۔ اپنے آپ کو اور اپنے پودوں کو صحت مند رکھنے کے لیے ٹھنڈا ہونے کے دوران اپنا بھاری کام کریں۔,खेतबारीको काम: धेरै गर्मी भइरहेको छ। आफू र आफ्ना बिरुवाहरूलाई स्वस्थ राख्न चिसो हुँदा नै आफ्नो भारी काम गर्नुहोस्।,କ୍ଷେତ କାମ: ବହୁତ ଗରମ ହେଉଛି। ନିଜକୁ ଏବଂ ଆପଣଙ୍କ ଗଛଗୁଡ଼ିକୁ ସୁସ୍ଥ ରଖିବା ପାଇଁ ଥଣ୍ଡା ଥିବା ସମୟରେ ଆପଣଙ୍କର କଠିନ କାମ କରନ୍ତୁ।,Before 10 AM or After 5 PM,tractor
Moderate,Very Dry,Breezy,Light Rain,irrigation,CAUTION,45,Irrigation Caution,WATERING: The ground is dry. Best to water in the early morning so the plants stay strong during the heat.,"ನೀರುಹಾಕುವುದು: ನೆಲ ಒಣಗಿದೆ. ಬೆಳಿಗ್ಗೆ ಬೇಗನೆ ನೀರು ಹಾಕುವುದು ಉತ್ತಮ, ಇದರಿಂದ ಸಸ್ಯಗಳು ಶಾಖದ ಸಮಯದಲ್ಲಿ ಬಲವಾಗಿರುತ್ತವೆ.",पानी देना: मिट्टी सूखी है। पौधों को गर्मी के दौरान स्वस्थ रखने के लिए सुबह जल्दी पानी देना सबसे अच्छा है।,"நீர்ப்பாசனம்: நிலம் வறண்டு உள்ளது. அதிகாலையில் தண்ணீர் பாய்ச்சுவது நல்லது, இதனால் வெப்பத்தின் போது தாவரங்கள் வலுவாக இருக்கும்.","నీరు త్రాగుట: నేల పొడిగా ఉంటుంది. ఉదయాన్నే నీరు పోయడం మంచిది, తద్వారా వేడి సమయంలో మొక్కలు బలంగా ఉంటాయి.","നനവ്: നിലം വരണ്ടതാണ്. അതിരാവിലെ നനയ്ക്കുന്നതാണ് നല്ലത്, അങ്ങനെ ചൂടിൽ ചെടികൾ ശക്തമായി നിലനിൽക്കും.",पाणी देणे: जमीन कोरडी आहे. सकाळी लवकर पाणी देणे चांगले जेणेकरून उष्णतेमध्ये झाडे मजबूत राहतील.,પાણી આપવું: જમીન સૂકી છે. ગરમી દરમિયાન છોડ મજબૂત રહે તે માટે વહેલી સવારે પાણી આપવું શ્રેષ્ઠ છે.,"জল দেওয়া: মাটি শুষ্ক। খুব ভোরে জল দেওয়া ভালো, যাতে গরমের সময় গাছপালা শক্তিশালী থাকে।",ਪਾਣੀ ਦੇਣਾ: ਜ਼ਮੀਨ ਸੁੱਕੀ ਹੈ। ਸਵੇਰੇ ਜਲਦੀ ਪਾਣੀ ਦੇਣਾ ਸਭ ਤੋਂ ਵਧੀਆ ਹੈ ਤਾਂ ਜੋ ਪੌਦੇ ਗਰਮੀ ਦੌਰਾਨ ਮਜ਼ਬੂਤ ​​ਰਹਿਣ।,پانی دینا: زمین خشک ہے۔ صبح سویرے پانی دینا بہتر ہے تاکہ گرمی کے دوران پودے مضبوط رہیں۔,पानी हाल्ने: जमिन सुख्खा छ। बिहान सबेरै पानी हाल्नु राम्रो हुन्छ ताकि गर्मीको समयमा बिरुवाहरू बलियो रहून्।,ପାଣି ଦେବା: ଜମି ଶୁଖିଲା ଅଛି। ଗରମ ସମୟରେ ଗଛଗୁଡ଼ିକ ଶକ୍ତିଶାଳୀ ରହିବା ପାଇଁ ସକାଳୁ ପାଣି ଦେବା ଭଲ।,Before 8 AM,droplet
Moderate,Very Dry,Breezy,Light Rain,spraying,CAUTION,45,Spray With Caution,SPRAYING: The air is calm right now. Spray your crops now before the wind picks up and wastes your medicine.,ಸಿಂಪಡಣೆ: ಗಾಳಿ ಈಗ ಶಾಂತವಾಗಿದೆ. ಗಾಳಿ ಬೀಸಿ ನಿಮ್ಮ ಔಷಧ ವ್ಯರ್ಥವಾಗುವ ಮೊದಲು ನಿಮ್ಮ ಬೆಳೆಗಳಿಗೆ ಈಗಲೇ ಸಿಂಪಡಿಸಿ.,छिड़काव: इस समय हवा शांत है। हवा चलने और दवा बर्बाद होने से पहले अपनी फसलों पर छिड़काव करें।,தெளித்தல்: காற்று இப்போது அமைதியாக இருக்கிறது. காற்று வீசி உங்கள் மருந்தை வீணாக்கும் முன் உங்கள் பயிர்களுக்கு இப்போதே தெளிக்கவும்.,స్ప్రేయింగ్: ప్రస్తుతం గాలి ప్రశాంతంగా ఉంది. గాలి వీచి మీ ఔషధం వృధా అయ్యేలోపు మీ పంటలపై ఇప్పుడే పిచికారీ చేయండి.,സ്പ്രേയിംഗ്: ഇപ്പോൾ വായു ശാന്തമാണ്. കാറ്റ് വീശി നിങ്ങളുടെ മരുന്നുകൾ പാഴാക്കുന്നതിനുമുമ്പ് നിങ്ങളുടെ വിളകൾക്ക് ഇപ്പോൾ തന്നെ തളിക്കുക.,फवारणी: सध्या हवा शांत आहे. वारा येऊन तुमचे औषध वाया जाण्यापूर्वी आत्ताच तुमच्या पिकांवर फवारणी करा.,છંટકાવ: અત્યારે હવા શાંત છે. પવન ફૂંકાય અને તમારી દવા બગાડે તે પહેલાં હમણાં જ તમારા પાક પર છંટકાવ કરો.,স্প্রে করা: বাতাস এখন শান্ত। বাতাস বইতে শুরু করে এবং আপনার ওষুধ নষ্ট করার আগে এখনই আপনার ফসলে স্প্রে করুন।,ਛਿੜਕਾਅ: ਇਸ ਵੇਲੇ ਹਵਾ ਸ਼ਾਂਤ ਹੈ। ਹਵਾ ਚੱਲਣ ਅਤੇ ਤੁਹਾਡੀ ਦਵਾਈ ਬਰਬਾਦ ਹੋਣ ਤੋਂ ਪਹਿਲਾਂ ਆਪਣੀਆਂ ਫਸਲਾਂ 'ਤੇ ਹੁਣੇ ਛਿੜਕਾਅ ਕਰੋ।,چھڑکاؤ: اس وقت ہوا پرسکون ہے۔ اپنی فصلوں پر چھڑکاؤ اس سے پہلے کہ ہوا تیز ہو جائے اور آپ کی دوائی ضائع ہو جائے۔,छर्कने: अहिले हावा शान्त छ। हावा चल्नु र तपाईंको औषधि खेर जानु अघि नै आफ्नो बालीनालीमा छर्कनुहोस्।,ସିଞ୍ଚନ: ବର୍ତ୍ତମାନ ବାୟୁ ଶାନ୍ତ ଅଛି। ପବନ ବହିବା ଏବଂ ଔଷଧ ନଷ୍ଟ କରିବା ପୂର୍ବରୁ ଏବେ ଆପଣଙ୍କ ଫସଲରେ ସିଞ୍ଚନ କରନ୍ତୁ।,Before 10 AM,spray
Moderate,Very Dry,Breezy,Light Rain,fungal_risk,CAUTION,45,Monitor Fungal Risk,DISEASE ALERT: It is very damp and warm. Check your leaves for rot and use protection to save your harvest.,ರೋಗ ಎಚ್ಚರಿಕೆ: ಇದು ತುಂಬಾ ತೇವ ಮತ್ತು ಬೆಚ್ಚಗಿರುತ್ತದೆ. ನಿಮ್ಮ ಎಲೆಗಳನ್ನು ಕೊಳೆತಕ್ಕಾಗಿ ಪರಿಶೀಲಿಸಿ ಮತ್ತು ನಿಮ್ಮ ಬೆಳೆಯನ್ನು ಉಳಿಸಲು ರಕ್ಷಣೆಯನ್ನು ಬಳಸಿ.,रोग चेतावनी: मौसम बहुत नम और गर्म है। पत्तियों में सड़न की जांच करें और अपनी फसल को बचाने के लिए सुरक्षात्मक उपाय करें।,"நோய் எச்சரிக்கை: இது மிகவும் ஈரப்பதமாகவும் சூடாகவும் இருக்கும். உங்கள் இலைகளில் அழுகல் இருக்கிறதா என்று சரிபார்த்து, உங்கள் அறுவடையை சேமிக்க பாதுகாப்பைப் பயன்படுத்துங்கள்.",వ్యాధి హెచ్చరిక: ఇది చాలా తడిగా మరియు వెచ్చగా ఉంటుంది. మీ ఆకులు తెగులు కోసం తనిఖీ చేయండి మరియు మీ పంటను కాపాడటానికి రక్షణను ఉపయోగించండి.,രോഗ മുന്നറിയിപ്പ്: ഇത് വളരെ ഈർപ്പമുള്ളതും ചൂടുള്ളതുമാണ്. നിങ്ങളുടെ ഇലകൾ അഴുകുന്നുണ്ടോ എന്ന് പരിശോധിച്ച് നിങ്ങളുടെ വിള സംരക്ഷിക്കാൻ സംരക്ഷണം ഉപയോഗിക്കുക.,रोगाचा इशारा: हे खूप ओलसर आणि उबदार आहे. तुमची पाने कुजली आहेत का ते तपासा आणि तुमचे पीक वाचवण्यासाठी संरक्षण वापरा.,રોગની ચેતવણી: તે ખૂબ જ ભેજવાળી અને ગરમ છે. તમારા પાંદડા સડી ગયા છે કે નહીં તે તપાસો અને તમારા પાકને બચાવવા માટે રક્ષણનો ઉપયોગ કરો.,রোগের সতর্কতা: এটি খুব স্যাঁতসেঁতে এবং উষ্ণ। আপনার পাতা পচে গেছে কিনা তা পরীক্ষা করুন এবং আপনার ফসল বাঁচাতে সুরক্ষা ব্যবস্থা ব্যবহার করুন।,ਬਿਮਾਰੀ ਦੀ ਚੇਤਾਵਨੀ: ਇਹ ਬਹੁਤ ਗਿੱਲਾ ਅਤੇ ਗਰਮ ਹੈ। ਆਪਣੇ ਪੱਤਿਆਂ ਦੀ ਸੜਨ ਦੀ ਜਾਂਚ ਕਰੋ ਅਤੇ ਆਪਣੀ ਫ਼ਸਲ ਨੂੰ ਬਚਾਉਣ ਲਈ ਸੁਰੱਖਿਆ ਦੀ ਵਰਤੋਂ ਕਰੋ।,بیماری کا انتباہ: یہ بہت نم اور گرم ہے۔ اپنے پتوں کو سڑنے کے لیے چیک کریں اور اپنی فصل کو بچانے کے لیے تحفظ کا استعمال کریں۔,रोगको चेतावनी: यो धेरै ओसिलो र न्यानो छ। आफ्नो पातहरू कुहिन जाँच गर्नुहोस् र आफ्नो बाली बचाउन सुरक्षा प्रयोग गर्नुहोस्।,ରୋଗ ସତର୍କତା: ଏହା ବହୁତ ଓଦା ଏବଂ ଉଷ୍ମ। ଆପଣଙ୍କ ପତ୍ର ପଚିଛି କି ନାହିଁ ଯାଞ୍ଚ କରନ୍ତୁ ଏବଂ ଆପଣଙ୍କ ଫସଲକୁ ବଞ୍ଚାଇବା ପାଇଁ ସୁରକ୍ଷା ବ୍ୟବହାର କରନ୍ତୁ।,,warning
Moderate,Very Dry,Breezy,Light Rain,field_work,CAUTION,45,Limit Field Work Hours,FIELD WORK: It is getting very hot. Do your heavy work while it is still cool to keep yourself and your plants healthy.,ಕ್ಷೇತ್ರದ ಕೆಲಸ: ತುಂಬಾ ಬಿಸಿಯಾಗುತ್ತಿದೆ. ನಿಮ್ಮನ್ನು ಮತ್ತು ನಿಮ್ಮ ಸಸ್ಯಗಳನ್ನು ಆರೋಗ್ಯವಾಗಿಡಲು ತಂಪಾಗಿರುವಾಗಲೇ ನಿಮ್ಮ ಭಾರವಾದ ಕೆಲಸವನ್ನು ಮಾಡಿ.,"खेत का काम: बहुत गर्मी पड़ रही है। अपना भारी काम तब करें जब मौसम ठंडा हो, ताकि आप और आपके पौधे स्वस्थ रहें।","களப்பணி: மிகவும் சூடாகி வருகிறது. உங்களையும் உங்கள் தாவரங்களையும் ஆரோக்கியமாக வைத்திருக்க, குளிர்ச்சியாக இருக்கும்போதே உங்கள் கனமான வேலையைச் செய்யுங்கள்.",ఫీల్డ్ వర్క్: చాలా వేడిగా ఉంది. మిమ్మల్ని మరియు మీ మొక్కలను ఆరోగ్యంగా ఉంచుకోవడానికి చల్లగా ఉన్నప్పుడే మీ భారీ పని చేయండి.,വയലിലെ ജോലി: ചൂട് കൂടിവരികയാണ്. നിങ്ങളെയും നിങ്ങളുടെ ചെടികളെയും ആരോഗ്യത്തോടെ നിലനിർത്താൻ തണുപ്പുള്ളപ്പോൾ തന്നെ ഭാരിച്ച ജോലികൾ ചെയ്യുക.,शेतातील काम: खूप उष्णता वाढत आहे. स्वतःला आणि तुमच्या झाडांना निरोगी ठेवण्यासाठी थंड असतानाच तुमचे जड काम करा.,ખેતરમાં કામ: ખૂબ ગરમી પડી રહી છે. ઠંડી હોય ત્યારે ભારે કામ કરો જેથી તમારી જાતને અને તમારા છોડને સ્વસ્થ રાખી શકાય.,মাঠের কাজ: খুব গরম পড়ছে। নিজেকে এবং আপনার গাছপালা সুস্থ রাখতে ঠান্ডা থাকতেই ভারী কাজ করুন।,ਖੇਤ ਦਾ ਕੰਮ: ਬਹੁਤ ਗਰਮੀ ਪੈ ਰਹੀ ਹੈ। ਆਪਣੇ ਆਪ ਨੂੰ ਅਤੇ ਆਪਣੇ ਪੌਦਿਆਂ ਨੂੰ ਸਿਹਤਮੰਦ ਰੱਖਣ ਲਈ ਠੰਡਾ ਹੋਣ ਤੱਕ ਆਪਣਾ ਭਾਰੀ ਕੰਮ ਕਰੋ।,فیلڈ ورک: یہ بہت گرم ہو رہا ہے۔ اپنے آپ کو اور اپنے پودوں کو صحت مند رکھنے کے لیے ٹھنڈا ہونے کے دوران اپنا بھاری کام کریں۔,खेतबारीको काम: धेरै गर्मी भइरहेको छ। आफू र आफ्ना बिरुवाहरूलाई स्वस्थ राख्न चिसो हुँदा नै आफ्नो भारी काम गर्नुहोस्।,କ୍ଷେତ କାମ: ବହୁତ ଗରମ ହେଉଛି। ନିଜକୁ ଏବଂ ଆପଣଙ୍କ ଗଛଗୁଡ଼ିକୁ ସୁସ୍ଥ ରଖିବା ପାଇଁ ଥଣ୍ଡା ଥିବା ସମୟରେ ଆପଣଙ୍କର କଠିନ କାମ କରନ୍ତୁ।,Before 10 AM or After 5 PM,tractor
Moderate,Very Dry,Breezy,Heavy Rain,irrigation,CAUTION,45,Irrigation Caution,WATERING: The ground is dry. Best to water in the early morning so the plants stay strong during the heat.,"ನೀರುಹಾಕುವುದು: ನೆಲ ಒಣಗಿದೆ. ಬೆಳಿಗ್ಗೆ ಬೇಗನೆ ನೀರು ಹಾಕುವುದು ಉತ್ತಮ, ಇದರಿಂದ ಸಸ್ಯಗಳು ಶಾಖದ ಸಮಯದಲ್ಲಿ ಬಲವಾಗಿರುತ್ತವೆ.",पानी देना: मिट्टी सूखी है। पौधों को गर्मी के दौरान स्वस्थ रखने के लिए सुबह जल्दी पानी देना सबसे अच्छा है।,"நீர்ப்பாசனம்: நிலம் வறண்டு உள்ளது. அதிகாலையில் தண்ணீர் பாய்ச்சுவது நல்லது, இதனால் வெப்பத்தின் போது தாவரங்கள் வலுவாக இருக்கும்.","నీరు త్రాగుట: నేల పొడిగా ఉంటుంది. ఉదయాన్నే నీరు పోయడం మంచిది, తద్వారా వేడి సమయంలో మొక్కలు బలంగా ఉంటాయి.","നനവ്: നിലം വരണ്ടതാണ്. അതിരാവിലെ നനയ്ക്കുന്നതാണ് നല്ലത്, അങ്ങനെ ചൂടിൽ ചെടികൾ ശക്തമായി നിലനിൽക്കും.",पाणी देणे: जमीन कोरडी आहे. सकाळी लवकर पाणी देणे चांगले जेणेकरून उष्णतेमध्ये झाडे मजबूत राहतील.,પાણી આપવું: જમીન સૂકી છે. ગરમી દરમિયાન છોડ મજબૂત રહે તે માટે વહેલી સવારે પાણી આપવું શ્રેષ્ઠ છે.,"জল দেওয়া: মাটি শুষ্ক। খুব ভোরে জল দেওয়া ভালো, যাতে গরমের সময় গাছপালা শক্তিশালী থাকে।",ਪਾਣੀ ਦੇਣਾ: ਜ਼ਮੀਨ ਸੁੱਕੀ ਹੈ। ਸਵੇਰੇ ਜਲਦੀ ਪਾਣੀ ਦੇਣਾ ਸਭ ਤੋਂ ਵਧੀਆ ਹੈ ਤਾਂ ਜੋ ਪੌਦੇ ਗਰਮੀ ਦੌਰਾਨ ਮਜ਼ਬੂਤ ​​ਰਹਿਣ।,پانی دینا: زمین خشک ہے۔ صبح سویرے پانی دینا بہتر ہے تاکہ گرمی کے دوران پودے مضبوط رہیں۔,पानी हाल्ने: जमिन सुख्खा छ। बिहान सबेरै पानी हाल्नु राम्रो हुन्छ ताकि गर्मीको समयमा बिरुवाहरू बलियो रहून्।,ପାଣି ଦେବା: ଜମି ଶୁଖିଲା ଅଛି। ଗରମ ସମୟରେ ଗଛଗୁଡ଼ିକ ଶକ୍ତିଶାଳୀ ରହିବା ପାଇଁ ସକାଳୁ ପାଣି ଦେବା ଭଲ।,Before 8 AM,droplet
Moderate,Very Dry,Breezy,Heavy Rain,spraying,CAUTION,45,Spray With Caution,SPRAYING: The air is calm right now. Spray your crops now before the wind picks up and wastes your medicine.,ಸಿಂಪಡಣೆ: ಗಾಳಿ ಈಗ ಶಾಂತವಾಗಿದೆ. ಗಾಳಿ ಬೀಸಿ ನಿಮ್ಮ ಔಷಧ ವ್ಯರ್ಥವಾಗುವ ಮೊದಲು ನಿಮ್ಮ ಬೆಳೆಗಳಿಗೆ ಈಗಲೇ ಸಿಂಪಡಿಸಿ.,छिड़काव: इस समय हवा शांत है। हवा चलने और दवा बर्बाद होने से पहले अपनी फसलों पर छिड़काव करें।,தெளித்தல்: காற்று இப்போது அமைதியாக இருக்கிறது. காற்று வீசி உங்கள் மருந்தை வீணாக்கும் முன் உங்கள் பயிர்களுக்கு இப்போதே தெளிக்கவும்.,స్ప్రేయింగ్: ప్రస్తుతం గాలి ప్రశాంతంగా ఉంది. గాలి వీచి మీ ఔషధం వృధా అయ్యేలోపు మీ పంటలపై ఇప్పుడే పిచికారీ చేయండి.,സ്പ്രേയിംഗ്: ഇപ്പോൾ വായു ശാന്തമാണ്. കാറ്റ് വീശി നിങ്ങളുടെ മരുന്നുകൾ പാഴാക്കുന്നതിനുമുമ്പ് നിങ്ങളുടെ വിളകൾക്ക് ഇപ്പോൾ തന്നെ തളിക്കുക.,फवारणी: सध्या हवा शांत आहे. वारा येऊन तुमचे औषध वाया जाण्यापूर्वी आत्ताच तुमच्या पिकांवर फवारणी करा.,છંટકાવ: અત્યારે હવા શાંત છે. પવન ફૂંકાય અને તમારી દવા બગાડે તે પહેલાં હમણાં જ તમારા પાક પર છંટકાવ કરો.,স্প্রে করা: বাতাস এখন শান্ত। বাতাস বইতে শুরু করে এবং আপনার ওষুধ নষ্ট করার আগে এখনই আপনার ফসলে স্প্রে করুন।,ਛਿੜਕਾਅ: ਇਸ ਵੇਲੇ ਹਵਾ ਸ਼ਾਂਤ ਹੈ। ਹਵਾ ਚੱਲਣ ਅਤੇ ਤੁਹਾਡੀ ਦਵਾਈ ਬਰਬਾਦ ਹੋਣ ਤੋਂ ਪਹਿਲਾਂ ਆਪਣੀਆਂ ਫਸਲਾਂ 'ਤੇ ਹੁਣੇ ਛਿੜਕਾਅ ਕਰੋ।,چھڑکاؤ: اس وقت ہوا پرسکون ہے۔ اپنی فصلوں پر چھڑکاؤ اس سے پہلے کہ ہوا تیز ہو جائے اور آپ کی دوائی ضائع ہو جائے۔,छर्कने: अहिले हावा शान्त छ। हावा चल्नु र तपाईंको औषधि खेर जानु अघि नै आफ्नो बालीनालीमा छर्कनुहोस्।,ସିଞ୍ଚନ: ବର୍ତ୍ତମାନ ବାୟୁ ଶାନ୍ତ ଅଛି। ପବନ ବହିବା ଏବଂ ଔଷଧ ନଷ୍ଟ କରିବା ପୂର୍ବରୁ ଏବେ ଆପଣଙ୍କ ଫସଲରେ ସିଞ୍ଚନ କରନ୍ତୁ।,Before 10 AM,spray
Moderate,Very Dry,Breezy,Heavy Rain,fungal_risk,CAUTION,45,Monitor Fungal Risk,DISEASE ALERT: It is very damp and warm. Check your leaves for rot and use protection to save your harvest.,ರೋಗ ಎಚ್ಚರಿಕೆ: ಇದು ತುಂಬಾ ತೇವ ಮತ್ತು ಬೆಚ್ಚಗಿರುತ್ತದೆ. ನಿಮ್ಮ ಎಲೆಗಳನ್ನು ಕೊಳೆತಕ್ಕಾಗಿ ಪರಿಶೀಲಿಸಿ ಮತ್ತು ನಿಮ್ಮ ಬೆಳೆಯನ್ನು ಉಳಿಸಲು ರಕ್ಷಣೆಯನ್ನು ಬಳಸಿ.,रोग चेतावनी: मौसम बहुत नम और गर्म है। पत्तियों में सड़न की जांच करें और अपनी फसल को बचाने के लिए सुरक्षात्मक उपाय करें।,"நோய் எச்சரிக்கை: இது மிகவும் ஈரப்பதமாகவும் சூடாகவும் இருக்கும். உங்கள் இலைகளில் அழுகல் இருக்கிறதா என்று சரிபார்த்து, உங்கள் அறுவடையை சேமிக்க பாதுகாப்பைப் பயன்படுத்துங்கள்.",వ్యాధి హెచ్చరిక: ఇది చాలా తడిగా మరియు వెచ్చగా ఉంటుంది. మీ ఆకులు తెగులు కోసం తనిఖీ చేయండి మరియు మీ పంటను కాపాడటానికి రక్షణను ఉపయోగించండి.,രോഗ മുന്നറിയിപ്പ്: ഇത് വളരെ ഈർപ്പമുള്ളതും ചൂടുള്ളതുമാണ്. നിങ്ങളുടെ ഇലകൾ അഴുകുന്നുണ്ടോ എന്ന് പരിശോധിച്ച് നിങ്ങളുടെ വിള സംരക്ഷിക്കാൻ സംരക്ഷണം ഉപയോഗിക്കുക.,रोगाचा इशारा: हे खूप ओलसर आणि उबदार आहे. तुमची पाने कुजली आहेत का ते तपासा आणि तुमचे पीक वाचवण्यासाठी संरक्षण वापरा.,રોગની ચેતવણી: તે ખૂબ જ ભેજવાળી અને ગરમ છે. તમારા પાંદડા સડી ગયા છે કે નહીં તે તપાસો અને તમારા પાકને બચાવવા માટે રક્ષણનો ઉપયોગ કરો.,রোগের সতর্কতা: এটি খুব স্যাঁতসেঁতে এবং উষ্ণ। আপনার পাতা পচে গেছে কিনা তা পরীক্ষা করুন এবং আপনার ফসল বাঁচাতে সুরক্ষা ব্যবস্থা ব্যবহার করুন।,ਬਿਮਾਰੀ ਦੀ ਚੇਤਾਵਨੀ: ਇਹ ਬਹੁਤ ਗਿੱਲਾ ਅਤੇ ਗਰਮ ਹੈ। ਆਪਣੇ ਪੱਤਿਆਂ ਦੀ ਸੜਨ ਦੀ ਜਾਂਚ ਕਰੋ ਅਤੇ ਆਪਣੀ ਫ਼ਸਲ ਨੂੰ ਬਚਾਉਣ ਲਈ ਸੁਰੱਖਿਆ ਦੀ ਵਰਤੋਂ ਕਰੋ।,بیماری کا انتباہ: یہ بہت نم اور گرم ہے۔ اپنے پتوں کو سڑنے کے لیے چیک کریں اور اپنی فصل کو بچانے کے لیے تحفظ کا استعمال کریں۔,रोगको चेतावनी: यो धेरै ओसिलो र न्यानो छ। आफ्नो पातहरू कुहिन जाँच गर्नुहोस् र आफ्नो बाली बचाउन सुरक्षा प्रयोग गर्नुहोस्।,ରୋଗ ସତର୍କତା: ଏହା ବହୁତ ଓଦା ଏବଂ ଉଷ୍ମ। ଆପଣଙ୍କ ପତ୍ର ପଚିଛି କି ନାହିଁ ଯାଞ୍ଚ କରନ୍ତୁ ଏବଂ ଆପଣଙ୍କ ଫସଲକୁ ବଞ୍ଚାଇବା ପାଇଁ ସୁରକ୍ଷା ବ୍ୟବହାର କରନ୍ତୁ।,,warning
Moderate,Very Dry,Breezy,Heavy Rain,field_work,CAUTION,45,Limit Field Work Hours,FIELD WORK: It is getting very hot. Do your heavy work while it is still cool to keep yourself and your plants healthy.,ಕ್ಷೇತ್ರದ ಕೆಲಸ: ತುಂಬಾ ಬಿಸಿಯಾಗುತ್ತಿದೆ. ನಿಮ್ಮನ್ನು ಮತ್ತು ನಿಮ್ಮ ಸಸ್ಯಗಳನ್ನು ಆರೋಗ್ಯವಾಗಿಡಲು ತಂಪಾಗಿರುವಾಗಲೇ ನಿಮ್ಮ ಭಾರವಾದ ಕೆಲಸವನ್ನು ಮಾಡಿ.,"खेत का काम: बहुत गर्मी पड़ रही है। अपना भारी काम तब करें जब मौसम ठंडा हो, ताकि आप और आपके पौधे स्वस्थ रहें।","களப்பணி: மிகவும் சூடாகி வருகிறது. உங்களையும் உங்கள் தாவரங்களையும் ஆரோக்கியமாக வைத்திருக்க, குளிர்ச்சியாக இருக்கும்போதே உங்கள் கனமான வேலையைச் செய்யுங்கள்.",ఫీల్డ్ వర్క్: చాలా వేడిగా ఉంది. మిమ్మల్ని మరియు మీ మొక్కలను ఆరోగ్యంగా ఉంచుకోవడానికి చల్లగా ఉన్నప్పుడే మీ భారీ పని చేయండి.,വയലിലെ ജോലി: ചൂട് കൂടിവരികയാണ്. നിങ്ങളെയും നിങ്ങളുടെ ചെടികളെയും ആരോഗ്യത്തോടെ നിലനിർത്താൻ തണുപ്പുള്ളപ്പോൾ തന്നെ ഭാരിച്ച ജോലികൾ ചെയ്യുക.,शेतातील काम: खूप उष्णता वाढत आहे. स्वतःला आणि तुमच्या झाडांना निरोगी ठेवण्यासाठी थंड असतानाच तुमचे जड काम करा.,ખેતરમાં કામ: ખૂબ ગરમી પડી રહી છે. ઠંડી હોય ત્યારે ભારે કામ કરો જેથી તમારી જાતને અને તમારા છોડને સ્વસ્થ રાખી શકાય.,মাঠের কাজ: খুব গরম পড়ছে। নিজেকে এবং আপনার গাছপালা সুস্থ রাখতে ঠান্ডা থাকতেই ভারী কাজ করুন।,ਖੇਤ ਦਾ ਕੰਮ: ਬਹੁਤ ਗਰਮੀ ਪੈ ਰਹੀ ਹੈ। ਆਪਣੇ ਆਪ ਨੂੰ ਅਤੇ ਆਪਣੇ ਪੌਦਿਆਂ ਨੂੰ ਸਿਹਤਮੰਦ ਰੱਖਣ ਲਈ ਠੰਡਾ ਹੋਣ ਤੱਕ ਆਪਣਾ ਭਾਰੀ ਕੰਮ ਕਰੋ।,فیلڈ ورک: یہ بہت گرم ہو رہا ہے۔ اپنے آپ کو اور اپنے پودوں کو صحت مند رکھنے کے لیے ٹھنڈا ہونے کے دوران اپنا بھاری کام کریں۔,खेतबारीको काम: धेरै गर्मी भइरहेको छ। आफू र आफ्ना बिरुवाहरूलाई स्वस्थ राख्न चिसो हुँदा नै आफ्नो भारी काम गर्नुहोस्।,କ୍ଷେତ କାମ: ବହୁତ ଗରମ ହେଉଛି। ନିଜକୁ ଏବଂ ଆପଣଙ୍କ ଗଛଗୁଡ଼ିକୁ ସୁସ୍ଥ ରଖିବା ପାଇଁ ଥଣ୍ଡା ଥିବା ସମୟରେ ଆପଣଙ୍କର କଠିନ କାମ କରନ୍ତୁ।,Before 10 AM or After 5 PM,tractor
Moderate,Very Dry,Strong Gusts,Dry,irrigation,CAUTION,45,Irrigation Caution,WATERING: The ground is dry. Best to water in the early morning so the plants stay strong during the heat.,"ನೀರುಹಾಕುವುದು: ನೆಲ ಒಣಗಿದೆ. ಬೆಳಿಗ್ಗೆ ಬೇಗನೆ ನೀರು ಹಾಕುವುದು ಉತ್ತಮ, ಇದರಿಂದ ಸಸ್ಯಗಳು ಶಾಖದ ಸಮಯದಲ್ಲಿ ಬಲವಾಗಿರುತ್ತವೆ.",पानी देना: मिट्टी सूखी है। पौधों को गर्मी के दौरान स्वस्थ रखने के लिए सुबह जल्दी पानी देना सबसे अच्छा है।,"நீர்ப்பாசனம்: நிலம் வறண்டு உள்ளது. அதிகாலையில் தண்ணீர் பாய்ச்சுவது நல்லது, இதனால் வெப்பத்தின் போது தாவரங்கள் வலுவாக இருக்கும்.","నీరు త్రాగుట: నేల పొడిగా ఉంటుంది. ఉదయాన్నే నీరు పోయడం మంచిది, తద్వారా వేడి సమయంలో మొక్కలు బలంగా ఉంటాయి.","നനവ്: നിലം വരണ്ടതാണ്. അതിരാവിലെ നനയ്ക്കുന്നതാണ് നല്ലത്, അങ്ങനെ ചൂടിൽ ചെടികൾ ശക്തമായി നിലനിൽക്കും.",पाणी देणे: जमीन कोरडी आहे. सकाळी लवकर पाणी देणे चांगले जेणेकरून उष्णतेमध्ये झाडे मजबूत राहतील.,પાણી આપવું: જમીન સૂકી છે. ગરમી દરમિયાન છોડ મજબૂત રહે તે માટે વહેલી સવારે પાણી આપવું શ્રેષ્ઠ છે.,"জল দেওয়া: মাটি শুষ্ক। খুব ভোরে জল দেওয়া ভালো, যাতে গরমের সময় গাছপালা শক্তিশালী থাকে।",ਪਾਣੀ ਦੇਣਾ: ਜ਼ਮੀਨ ਸੁੱਕੀ ਹੈ। ਸਵੇਰੇ ਜਲਦੀ ਪਾਣੀ ਦੇਣਾ ਸਭ ਤੋਂ ਵਧੀਆ ਹੈ ਤਾਂ ਜੋ ਪੌਦੇ ਗਰਮੀ ਦੌਰਾਨ ਮਜ਼ਬੂਤ ​​ਰਹਿਣ।,پانی دینا: زمین خشک ہے۔ صبح سویرے پانی دینا بہتر ہے تاکہ گرمی کے دوران پودے مضبوط رہیں۔,पानी हाल्ने: जमिन सुख्खा छ। बिहान सबेरै पानी हाल्नु राम्रो हुन्छ ताकि गर्मीको समयमा बिरुवाहरू बलियो रहून्।,ପାଣି ଦେବା: ଜମି ଶୁଖିଲା ଅଛି। ଗରମ ସମୟରେ ଗଛଗୁଡ଼ିକ ଶକ୍ତିଶାଳୀ ରହିବା ପାଇଁ ସକାଳୁ ପାଣି ଦେବା ଭଲ।,Before 8 AM,droplet
Moderate,Very Dry,Strong Gusts,Dry,spraying,CAUTION,45,Spray With Caution,SPRAYING: The air is calm right now. Spray your crops now before the wind picks up and wastes your medicine.,ಸಿಂಪಡಣೆ: ಗಾಳಿ ಈಗ ಶಾಂತವಾಗಿದೆ. ಗಾಳಿ ಬೀಸಿ ನಿಮ್ಮ ಔಷಧ ವ್ಯರ್ಥವಾಗುವ ಮೊದಲು ನಿಮ್ಮ ಬೆಳೆಗಳಿಗೆ ಈಗಲೇ ಸಿಂಪಡಿಸಿ.,छिड़काव: इस समय हवा शांत है। हवा चलने और दवा बर्बाद होने से पहले अपनी फसलों पर छिड़काव करें।,தெளித்தல்: காற்று இப்போது அமைதியாக இருக்கிறது. காற்று வீசி உங்கள் மருந்தை வீணாக்கும் முன் உங்கள் பயிர்களுக்கு இப்போதே தெளிக்கவும்.,స్ప్రేయింగ్: ప్రస్తుతం గాలి ప్రశాంతంగా ఉంది. గాలి వీచి మీ ఔషధం వృధా అయ్యేలోపు మీ పంటలపై ఇప్పుడే పిచికారీ చేయండి.,സ്പ്രേയിംഗ്: ഇപ്പോൾ വായു ശാന്തമാണ്. കാറ്റ് വീശി നിങ്ങളുടെ മരുന്നുകൾ പാഴാക്കുന്നതിനുമുമ്പ് നിങ്ങളുടെ വിളകൾക്ക് ഇപ്പോൾ തന്നെ തളിക്കുക.,फवारणी: सध्या हवा शांत आहे. वारा येऊन तुमचे औषध वाया जाण्यापूर्वी आत्ताच तुमच्या पिकांवर फवारणी करा.,છંટકાવ: અત્યારે હવા શાંત છે. પવન ફૂંકાય અને તમારી દવા બગાડે તે પહેલાં હમણાં જ તમારા પાક પર છંટકાવ કરો.,স্প্রে করা: বাতাস এখন শান্ত। বাতাস বইতে শুরু করে এবং আপনার ওষুধ নষ্ট করার আগে এখনই আপনার ফসলে স্প্রে করুন।,ਛਿੜਕਾਅ: ਇਸ ਵੇਲੇ ਹਵਾ ਸ਼ਾਂਤ ਹੈ। ਹਵਾ ਚੱਲਣ ਅਤੇ ਤੁਹਾਡੀ ਦਵਾਈ ਬਰਬਾਦ ਹੋਣ ਤੋਂ ਪਹਿਲਾਂ ਆਪਣੀਆਂ ਫਸਲਾਂ 'ਤੇ ਹੁਣੇ ਛਿੜਕਾਅ ਕਰੋ।,چھڑکاؤ: اس وقت ہوا پرسکون ہے۔ اپنی فصلوں پر چھڑکاؤ اس سے پہلے کہ ہوا تیز ہو جائے اور آپ کی دوائی ضائع ہو جائے۔,छर्कने: अहिले हावा शान्त छ। हावा चल्नु र तपाईंको औषधि खेर जानु अघि नै आफ्नो बालीनालीमा छर्कनुहोस्।,ସିଞ୍ଚନ: ବର୍ତ୍ତମାନ ବାୟୁ ଶାନ୍ତ ଅଛି। ପବନ ବହିବା ଏବଂ ଔଷଧ ନଷ୍ଟ କରିବା ପୂର୍ବରୁ ଏବେ ଆପଣଙ୍କ ଫସଲରେ ସିଞ୍ଚନ କରନ୍ତୁ।,Before 10 AM,spray
Moderate,Very Dry,Strong Gusts,Dry,fungal_risk,CAUTION,45,Monitor Fungal Risk,DISEASE ALERT: It is very damp and warm. Check your leaves for rot and use protection to save your harvest.,ರೋಗ ಎಚ್ಚರಿಕೆ: ಇದು ತುಂಬಾ ತೇವ ಮತ್ತು ಬೆಚ್ಚಗಿರುತ್ತದೆ. ನಿಮ್ಮ ಎಲೆಗಳನ್ನು ಕೊಳೆತಕ್ಕಾಗಿ ಪರಿಶೀಲಿಸಿ ಮತ್ತು ನಿಮ್ಮ ಬೆಳೆಯನ್ನು ಉಳಿಸಲು ರಕ್ಷಣೆಯನ್ನು ಬಳಸಿ.,रोग चेतावनी: मौसम बहुत नम और गर्म है। पत्तियों में सड़न की जांच करें और अपनी फसल को बचाने के लिए सुरक्षात्मक उपाय करें।,"நோய் எச்சரிக்கை: இது மிகவும் ஈரப்பதமாகவும் சூடாகவும் இருக்கும். உங்கள் இலைகளில் அழுகல் இருக்கிறதா என்று சரிபார்த்து, உங்கள் அறுவடையை சேமிக்க பாதுகாப்பைப் பயன்படுத்துங்கள்.",వ్యాధి హెచ్చరిక: ఇది చాలా తడిగా మరియు వెచ్చగా ఉంటుంది. మీ ఆకులు తెగులు కోసం తనిఖీ చేయండి మరియు మీ పంటను కాపాడటానికి రక్షణను ఉపయోగించండి.,രോഗ മുന്നറിയിപ്പ്: ഇത് വളരെ ഈർപ്പമുള്ളതും ചൂടുള്ളതുമാണ്. നിങ്ങളുടെ ഇലകൾ അഴുകുന്നുണ്ടോ എന്ന് പരിശോധിച്ച് നിങ്ങളുടെ വിള സംരക്ഷിക്കാൻ സംരക്ഷണം ഉപയോഗിക്കുക.,रोगाचा इशारा: हे खूप ओलसर आणि उबदार आहे. तुमची पाने कुजली आहेत का ते तपासा आणि तुमचे पीक वाचवण्यासाठी संरक्षण वापरा.,રોગની ચેતવણી: તે ખૂબ જ ભેજવાળી અને ગરમ છે. તમારા પાંદડા સડી ગયા છે કે નહીં તે તપાસો અને તમારા પાકને બચાવવા માટે રક્ષણનો ઉપયોગ કરો.,রোগের সতর্কতা: এটি খুব স্যাঁতসেঁতে এবং উষ্ণ। আপনার পাতা পচে গেছে কিনা তা পরীক্ষা করুন এবং আপনার ফসল বাঁচাতে সুরক্ষা ব্যবস্থা ব্যবহার করুন।,ਬਿਮਾਰੀ ਦੀ ਚੇਤਾਵਨੀ: ਇਹ ਬਹੁਤ ਗਿੱਲਾ ਅਤੇ ਗਰਮ ਹੈ। ਆਪਣੇ ਪੱਤਿਆਂ ਦੀ ਸੜਨ ਦੀ ਜਾਂਚ ਕਰੋ ਅਤੇ ਆਪਣੀ ਫ਼ਸਲ ਨੂੰ ਬਚਾਉਣ ਲਈ ਸੁਰੱਖਿਆ ਦੀ ਵਰਤੋਂ ਕਰੋ।,بیماری کا انتباہ: یہ بہت نم اور گرم ہے۔ اپنے پتوں کو سڑنے کے لیے چیک کریں اور اپنی فصل کو بچانے کے لیے تحفظ کا استعمال کریں۔,रोगको चेतावनी: यो धेरै ओसिलो र न्यानो छ। आफ्नो पातहरू कुहिन जाँच गर्नुहोस् र आफ्नो बाली बचाउन सुरक्षा प्रयोग गर्नुहोस्।,ରୋଗ ସତର୍କତା: ଏହା ବହୁତ ଓଦା ଏବଂ ଉଷ୍ମ। ଆପଣଙ୍କ ପତ୍ର ପଚିଛି କି ନାହିଁ ଯାଞ୍ଚ କରନ୍ତୁ ଏବଂ ଆପଣଙ୍କ ଫସଲକୁ ବଞ୍ଚାଇବା ପାଇଁ ସୁରକ୍ଷା ବ୍ୟବହାର କରନ୍ତୁ।,,warning
Moderate,Very Dry,Strong Gusts,Dry,field_work,CAUTION,45,Limit Field Work Hours,FIELD WORK: It is getting very hot. Do your heavy work while it is still cool to keep yourself and your plants healthy.,ಕ್ಷೇತ್ರದ ಕೆಲಸ: ತುಂಬಾ ಬಿಸಿಯಾಗುತ್ತಿದೆ. ನಿಮ್ಮನ್ನು ಮತ್ತು ನಿಮ್ಮ ಸಸ್ಯಗಳನ್ನು ಆರೋಗ್ಯವಾಗಿಡಲು ತಂಪಾಗಿರುವಾಗಲೇ ನಿಮ್ಮ ಭಾರವಾದ ಕೆಲಸವನ್ನು ಮಾಡಿ.,"खेत का काम: बहुत गर्मी पड़ रही है। अपना भारी काम तब करें जब मौसम ठंडा हो, ताकि आप और आपके पौधे स्वस्थ रहें।","களப்பணி: மிகவும் சூடாகி வருகிறது. உங்களையும் உங்கள் தாவரங்களையும் ஆரோக்கியமாக வைத்திருக்க, குளிர்ச்சியாக இருக்கும்போதே உங்கள் கனமான வேலையைச் செய்யுங்கள்.",ఫీల్డ్ వర్క్: చాలా వేడిగా ఉంది. మిమ్మల్ని మరియు మీ మొక్కలను ఆరోగ్యంగా ఉంచుకోవడానికి చల్లగా ఉన్నప్పుడే మీ భారీ పని చేయండి.,വയലിലെ ജോലി: ചൂട് കൂടിവരികയാണ്. നിങ്ങളെയും നിങ്ങളുടെ ചെടികളെയും ആരോഗ്യത്തോടെ നിലനിർത്താൻ തണുപ്പുള്ളപ്പോൾ തന്നെ ഭാരിച്ച ജോലികൾ ചെയ്യുക.,शेतातील काम: खूप उष्णता वाढत आहे. स्वतःला आणि तुमच्या झाडांना निरोगी ठेवण्यासाठी थंड असतानाच तुमचे जड काम करा.,ખેતરમાં કામ: ખૂબ ગરમી પડી રહી છે. ઠંડી હોય ત્યારે ભારે કામ કરો જેથી તમારી જાતને અને તમારા છોડને સ્વસ્થ રાખી શકાય.,মাঠের কাজ: খুব গরম পড়ছে। নিজেকে এবং আপনার গাছপালা সুস্থ রাখতে ঠান্ডা থাকতেই ভারী কাজ করুন।,ਖੇਤ ਦਾ ਕੰਮ: ਬਹੁਤ ਗਰਮੀ ਪੈ ਰਹੀ ਹੈ। ਆਪਣੇ ਆਪ ਨੂੰ ਅਤੇ ਆਪਣੇ ਪੌਦਿਆਂ ਨੂੰ ਸਿਹਤਮੰਦ ਰੱਖਣ ਲਈ ਠੰਡਾ ਹੋਣ ਤੱਕ ਆਪਣਾ ਭਾਰੀ ਕੰਮ ਕਰੋ।,فیلڈ ورک: یہ بہت گرم ہو رہا ہے۔ اپنے آپ کو اور اپنے پودوں کو صحت مند رکھنے کے لیے ٹھنڈا ہونے کے دوران اپنا بھاری کام کریں۔,खेतबारीको काम: धेरै गर्मी भइरहेको छ। आफू र आफ्ना बिरुवाहरूलाई स्वस्थ राख्न चिसो हुँदा नै आफ्नो भारी काम गर्नुहोस्।,କ୍ଷେତ କାମ: ବହୁତ ଗରମ ହେଉଛି। ନିଜକୁ ଏବଂ ଆପଣଙ୍କ ଗଛଗୁଡ଼ିକୁ ସୁସ୍ଥ ରଖିବା ପାଇଁ ଥଣ୍ଡା ଥିବା ସମୟରେ ଆପଣଙ୍କର କଠିନ କାମ କରନ୍ତୁ।,Before 10 AM or After 5 PM,tractor
Moderate,Very Dry,Strong Gusts,Light Rain,irrigation,CAUTION,45,Irrigation Caution,WATERING: The ground is dry. Best to water in the early morning so the plants stay strong during the heat.,"ನೀರುಹಾಕುವುದು: ನೆಲ ಒಣಗಿದೆ. ಬೆಳಿಗ್ಗೆ ಬೇಗನೆ ನೀರು ಹಾಕುವುದು ಉತ್ತಮ, ಇದರಿಂದ ಸಸ್ಯಗಳು ಶಾಖದ ಸಮಯದಲ್ಲಿ ಬಲವಾಗಿರುತ್ತವೆ.",पानी देना: मिट्टी सूखी है। पौधों को गर्मी के दौरान स्वस्थ रखने के लिए सुबह जल्दी पानी देना सबसे अच्छा है।,"நீர்ப்பாசனம்: நிலம் வறண்டு உள்ளது. அதிகாலையில் தண்ணீர் பாய்ச்சுவது நல்லது, இதனால் வெப்பத்தின் போது தாவரங்கள் வலுவாக இருக்கும்.","నీరు త్రాగుట: నేల పొడిగా ఉంటుంది. ఉదయాన్నే నీరు పోయడం మంచిది, తద్వారా వేడి సమయంలో మొక్కలు బలంగా ఉంటాయి.","നനവ്: നിലം വരണ്ടതാണ്. അതിരാവിലെ നനയ്ക്കുന്നതാണ് നല്ലത്, അങ്ങനെ ചൂടിൽ ചെടികൾ ശക്തമായി നിലനിൽക്കും.",पाणी देणे: जमीन कोरडी आहे. सकाळी लवकर पाणी देणे चांगले जेणेकरून उष्णतेमध्ये झाडे मजबूत राहतील.,પાણી આપવું: જમીન સૂકી છે. ગરમી દરમિયાન છોડ મજબૂત રહે તે માટે વહેલી સવારે પાણી આપવું શ્રેષ્ઠ છે.,"জল দেওয়া: মাটি শুষ্ক। খুব ভোরে জল দেওয়া ভালো, যাতে গরমের সময় গাছপালা শক্তিশালী থাকে।",ਪਾਣੀ ਦੇਣਾ: ਜ਼ਮੀਨ ਸੁੱਕੀ ਹੈ। ਸਵੇਰੇ ਜਲਦੀ ਪਾਣੀ ਦੇਣਾ ਸਭ ਤੋਂ ਵਧੀਆ ਹੈ ਤਾਂ ਜੋ ਪੌਦੇ ਗਰਮੀ ਦੌਰਾਨ ਮਜ਼ਬੂਤ ​​ਰਹਿਣ।,پانی دینا: زمین خشک ہے۔ صبح سویرے پانی دینا بہتر ہے تاکہ گرمی کے دوران پودے مضبوط رہیں۔,पानी हाल्ने: जमिन सुख्खा छ। बिहान सबेरै पानी हाल्नु राम्रो हुन्छ ताकि गर्मीको समयमा बिरुवाहरू बलियो रहून्।,ପାଣି ଦେବା: ଜମି ଶୁଖିଲା ଅଛି। ଗରମ ସମୟରେ ଗଛଗୁଡ଼ିକ ଶକ୍ତିଶାଳୀ ରହିବା ପାଇଁ ସକାଳୁ ପାଣି ଦେବା ଭଲ।,Before 8 AM,droplet
Moderate,Very Dry,Strong Gusts,Light Rain,spraying,CAUTION,45,Spray With Caution,SPRAYING: The air is calm right now. Spray your crops now before the wind picks up and wastes your medicine.,ಸಿಂಪಡಣೆ: ಗಾಳಿ ಈಗ ಶಾಂತವಾಗಿದೆ. ಗಾಳಿ ಬೀಸಿ ನಿಮ್ಮ ಔಷಧ ವ್ಯರ್ಥವಾಗುವ ಮೊದಲು ನಿಮ್ಮ ಬೆಳೆಗಳಿಗೆ ಈಗಲೇ ಸಿಂಪಡಿಸಿ.,छिड़काव: इस समय हवा शांत है। हवा चलने और दवा बर्बाद होने से पहले अपनी फसलों पर छिड़काव करें।,தெளித்தல்: காற்று இப்போது அமைதியாக இருக்கிறது. காற்று வீசி உங்கள் மருந்தை வீணாக்கும் முன் உங்கள் பயிர்களுக்கு இப்போதே தெளிக்கவும்.,స్ప్రేయింగ్: ప్రస్తుతం గాలి ప్రశాంతంగా ఉంది. గాలి వీచి మీ ఔషధం వృధా అయ్యేలోపు మీ పంటలపై ఇప్పుడే పిచికారీ చేయండి.,സ്പ്രേയിംഗ്: ഇപ്പോൾ വായു ശാന്തമാണ്. കാറ്റ് വീശി നിങ്ങളുടെ മരുന്നുകൾ പാഴാക്കുന്നതിനുമുമ്പ് നിങ്ങളുടെ വിളകൾക്ക് ഇപ്പോൾ തന്നെ തളിക്കുക.,फवारणी: सध्या हवा शांत आहे. वारा येऊन तुमचे औषध वाया जाण्यापूर्वी आत्ताच तुमच्या पिकांवर फवारणी करा.,છંટકાવ: અત્યારે હવા શાંત છે. પવન ફૂંકાય અને તમારી દવા બગાડે તે પહેલાં હમણાં જ તમારા પાક પર છંટકાવ કરો.,স্প্রে করা: বাতাস এখন শান্ত। বাতাস বইতে শুরু করে এবং আপনার ওষুধ নষ্ট করার আগে এখনই আপনার ফসলে স্প্রে করুন।,ਛਿੜਕਾਅ: ਇਸ ਵੇਲੇ ਹਵਾ ਸ਼ਾਂਤ ਹੈ। ਹਵਾ ਚੱਲਣ ਅਤੇ ਤੁਹਾਡੀ ਦਵਾਈ ਬਰਬਾਦ ਹੋਣ ਤੋਂ ਪਹਿਲਾਂ ਆਪਣੀਆਂ ਫਸਲਾਂ 'ਤੇ ਹੁਣੇ ਛਿੜਕਾਅ ਕਰੋ।,چھڑکاؤ: اس وقت ہوا پرسکون ہے۔ اپنی فصلوں پر چھڑکاؤ اس سے پہلے کہ ہوا تیز ہو جائے اور آپ کی دوائی ضائع ہو جائے۔,छर्कने: अहिले हावा शान्त छ। हावा चल्नु र तपाईंको औषधि खेर जानु अघि नै आफ्नो बालीनालीमा छर्कनुहोस्।,ସିଞ୍ଚନ: ବର୍ତ୍ତମାନ ବାୟୁ ଶାନ୍ତ ଅଛି। ପବନ ବହିବା ଏବଂ ଔଷଧ ନଷ୍ଟ କରିବା ପୂର୍ବରୁ ଏବେ ଆପଣଙ୍କ ଫସଲରେ ସିଞ୍ଚନ କରନ୍ତୁ।,Before 10 AM,spray
Moderate,Very Dry,Strong Gusts,Light Rain,fungal_risk,CAUTION,45,Monitor Fungal Risk,DISEASE ALERT: It is very damp and warm. Check your leaves for rot and use protection to save your harvest.,ರೋಗ ಎಚ್ಚರಿಕೆ: ಇದು ತುಂಬಾ ತೇವ ಮತ್ತು ಬೆಚ್ಚಗಿರುತ್ತದೆ. ನಿಮ್ಮ ಎಲೆಗಳನ್ನು ಕೊಳೆತಕ್ಕಾಗಿ ಪರಿಶೀಲಿಸಿ ಮತ್ತು ನಿಮ್ಮ ಬೆಳೆಯನ್ನು ಉಳಿಸಲು ರಕ್ಷಣೆಯನ್ನು ಬಳಸಿ.,रोग चेतावनी: मौसम बहुत नम और गर्म है। पत्तियों में सड़न की जांच करें और अपनी फसल को बचाने के लिए सुरक्षात्मक उपाय करें।,"நோய் எச்சரிக்கை: இது மிகவும் ஈரப்பதமாகவும் சூடாகவும் இருக்கும். உங்கள் இலைகளில் அழுகல் இருக்கிறதா என்று சரிபார்த்து, உங்கள் அறுவடையை சேமிக்க பாதுகாப்பைப் பயன்படுத்துங்கள்.",వ్యాధి హెచ్చరిక: ఇది చాలా తడిగా మరియు వెచ్చగా ఉంటుంది. మీ ఆకులు తెగులు కోసం తనిఖీ చేయండి మరియు మీ పంటను కాపాడటానికి రక్షణను ఉపయోగించండి.,രോഗ മുന്നറിയിപ്പ്: ഇത് വളരെ ഈർപ്പമുള്ളതും ചൂടുള്ളതുമാണ്. നിങ്ങളുടെ ഇലകൾ അഴുകുന്നുണ്ടോ എന്ന് പരിശോധിച്ച് നിങ്ങളുടെ വിള സംരക്ഷിക്കാൻ സംരക്ഷണം ഉപയോഗിക്കുക.,रोगाचा इशारा: हे खूप ओलसर आणि उबदार आहे. तुमची पाने कुजली आहेत का ते तपासा आणि तुमचे पीक वाचवण्यासाठी संरक्षण वापरा.,રોગની ચેતવણી: તે ખૂબ જ ભેજવાળી અને ગરમ છે. તમારા પાંદડા સડી ગયા છે કે નહીં તે તપાસો અને તમારા પાકને બચાવવા માટે રક્ષણનો ઉપયોગ કરો.,রোগের সতর্কতা: এটি খুব স্যাঁতসেঁতে এবং উষ্ণ। আপনার পাতা পচে গেছে কিনা তা পরীক্ষা করুন এবং আপনার ফসল বাঁচাতে সুরক্ষা ব্যবস্থা ব্যবহার করুন।,ਬਿਮਾਰੀ ਦੀ ਚੇਤਾਵਨੀ: ਇਹ ਬਹੁਤ ਗਿੱਲਾ ਅਤੇ ਗਰਮ ਹੈ। ਆਪਣੇ ਪੱਤਿਆਂ ਦੀ ਸੜਨ ਦੀ ਜਾਂਚ ਕਰੋ ਅਤੇ ਆਪਣੀ ਫ਼ਸਲ ਨੂੰ ਬਚਾਉਣ ਲਈ ਸੁਰੱਖਿਆ ਦੀ ਵਰਤੋਂ ਕਰੋ।,بیماری کا انتباہ: یہ بہت نم اور گرم ہے۔ اپنے پتوں کو سڑنے کے لیے چیک کریں اور اپنی فصل کو بچانے کے لیے تحفظ کا استعمال کریں۔,रोगको चेतावनी: यो धेरै ओसिलो र न्यानो छ। आफ्नो पातहरू कुहिन जाँच गर्नुहोस् र आफ्नो बाली बचाउन सुरक्षा प्रयोग गर्नुहोस्।,ରୋଗ ସତର୍କତା: ଏହା ବହୁତ ଓଦା ଏବଂ ଉଷ୍ମ। ଆପଣଙ୍କ ପତ୍ର ପଚିଛି କି ନାହିଁ ଯାଞ୍ଚ କରନ୍ତୁ ଏବଂ ଆପଣଙ୍କ ଫସଲକୁ ବଞ୍ଚାଇବା ପାଇଁ ସୁରକ୍ଷା ବ୍ୟବହାର କରନ୍ତୁ।,,warning
Moderate,Very Dry,Strong Gusts,Light Rain,field_work,CAUTION,45,Limit Field Work Hours,FIELD WORK: It is getting very hot. Do your heavy work while it is still cool to keep yourself and your plants healthy.,ಕ್ಷೇತ್ರದ ಕೆಲಸ: ತುಂಬಾ ಬಿಸಿಯಾಗುತ್ತಿದೆ. ನಿಮ್ಮನ್ನು ಮತ್ತು ನಿಮ್ಮ ಸಸ್ಯಗಳನ್ನು ಆರೋಗ್ಯವಾಗಿಡಲು ತಂಪಾಗಿರುವಾಗಲೇ ನಿಮ್ಮ ಭಾರವಾದ ಕೆಲಸವನ್ನು ಮಾಡಿ.,"खेत का काम: बहुत गर्मी पड़ रही है। अपना भारी काम तब करें जब मौसम ठंडा हो, ताकि आप और आपके पौधे स्वस्थ रहें।","களப்பணி: மிகவும் சூடாகி வருகிறது. உங்களையும் உங்கள் தாவரங்களையும் ஆரோக்கியமாக வைத்திருக்க, குளிர்ச்சியாக இருக்கும்போதே உங்கள் கனமான வேலையைச் செய்யுங்கள்.",ఫీల్డ్ వర్క్: చాలా వేడిగా ఉంది. మిమ్మల్ని మరియు మీ మొక్కలను ఆరోగ్యంగా ఉంచుకోవడానికి చల్లగా ఉన్నప్పుడే మీ భారీ పని చేయండి.,വയലിലെ ജോലി: ചൂട് കൂടിവരികയാണ്. നിങ്ങളെയും നിങ്ങളുടെ ചെടികളെയും ആരോഗ്യത്തോടെ നിലനിർത്താൻ തണുപ്പുള്ളപ്പോൾ തന്നെ ഭാരിച്ച ജോലികൾ ചെയ്യുക.,शेतातील काम: खूप उष्णता वाढत आहे. स्वतःला आणि तुमच्या झाडांना निरोगी ठेवण्यासाठी थंड असतानाच तुमचे जड काम करा.,ખેતરમાં કામ: ખૂબ ગરમી પડી રહી છે. ઠંડી હોય ત્યારે ભારે કામ કરો જેથી તમારી જાતને અને તમારા છોડને સ્વસ્થ રાખી શકાય.,মাঠের কাজ: খুব গরম পড়ছে। নিজেকে এবং আপনার গাছপালা সুস্থ রাখতে ঠান্ডা থাকতেই ভারী কাজ করুন।,ਖੇਤ ਦਾ ਕੰਮ: ਬਹੁਤ ਗਰਮੀ ਪੈ ਰਹੀ ਹੈ। ਆਪਣੇ ਆਪ ਨੂੰ ਅਤੇ ਆਪਣੇ ਪੌਦਿਆਂ ਨੂੰ ਸਿਹਤਮੰਦ ਰੱਖਣ ਲਈ ਠੰਡਾ ਹੋਣ ਤੱਕ ਆਪਣਾ ਭਾਰੀ ਕੰਮ ਕਰੋ।,فیلڈ ورک: یہ بہت گرم ہو رہا ہے۔ اپنے آپ کو اور اپنے پودوں کو صحت مند رکھنے کے لیے ٹھنڈا ہونے کے دوران اپنا بھاری کام کریں۔,खेतबारीको काम: धेरै गर्मी भइरहेको छ। आफू र आफ्ना बिरुवाहरूलाई स्वस्थ राख्न चिसो हुँदा नै आफ्नो भारी काम गर्नुहोस्।,କ୍ଷେତ କାମ: ବହୁତ ଗରମ ହେଉଛି। ନିଜକୁ ଏବଂ ଆପଣଙ୍କ ଗଛଗୁଡ଼ିକୁ ସୁସ୍ଥ ରଖିବା ପାଇଁ ଥଣ୍ଡା ଥିବା ସମୟରେ ଆପଣଙ୍କର କଠିନ କାମ କରନ୍ତୁ।,Before 10 AM or After 5 PM,tractor
Moderate,Very Dry,Strong Gusts,Heavy Rain,irrigation,CAUTION,45,Irrigation Caution,WATERING: The ground is dry. Best to water in the early morning so the plants stay strong during the heat.,"ನೀರುಹಾಕುವುದು: ನೆಲ ಒಣಗಿದೆ. ಬೆಳಿಗ್ಗೆ ಬೇಗನೆ ನೀರು ಹಾಕುವುದು ಉತ್ತಮ, ಇದರಿಂದ ಸಸ್ಯಗಳು ಶಾಖದ ಸಮಯದಲ್ಲಿ ಬಲವಾಗಿರುತ್ತವೆ.",पानी देना: मिट्टी सूखी है। पौधों को गर्मी के दौरान स्वस्थ रखने के लिए सुबह जल्दी पानी देना सबसे अच्छा है।,"நீர்ப்பாசனம்: நிலம் வறண்டு உள்ளது. அதிகாலையில் தண்ணீர் பாய்ச்சுவது நல்லது, இதனால் வெப்பத்தின் போது தாவரங்கள் வலுவாக இருக்கும்.","నీరు త్రాగుట: నేల పొడిగా ఉంటుంది. ఉదయాన్నే నీరు పోయడం మంచిది, తద్వారా వేడి సమయంలో మొక్కలు బలంగా ఉంటాయి.","നനവ്: നിലം വരണ്ടതാണ്. അതിരാവിലെ നനയ്ക്കുന്നതാണ് നല്ലത്, അങ്ങനെ ചൂടിൽ ചെടികൾ ശക്തമായി നിലനിൽക്കും.",पाणी देणे: जमीन कोरडी आहे. सकाळी लवकर पाणी देणे चांगले जेणेकरून उष्णतेमध्ये झाडे मजबूत राहतील.,પાણી આપવું: જમીન સૂકી છે. ગરમી દરમિયાન છોડ મજબૂત રહે તે માટે વહેલી સવારે પાણી આપવું શ્રેષ્ઠ છે.,"জল দেওয়া: মাটি শুষ্ক। খুব ভোরে জল দেওয়া ভালো, যাতে গরমের সময় গাছপালা শক্তিশালী থাকে।",ਪਾਣੀ ਦੇਣਾ: ਜ਼ਮੀਨ ਸੁੱਕੀ ਹੈ। ਸਵੇਰੇ ਜਲਦੀ ਪਾਣੀ ਦੇਣਾ ਸਭ ਤੋਂ ਵਧੀਆ ਹੈ ਤਾਂ ਜੋ ਪੌਦੇ ਗਰਮੀ ਦੌਰਾਨ ਮਜ਼ਬੂਤ ​​ਰਹਿਣ।,پانی دینا: زمین خشک ہے۔ صبح سویرے پانی دینا بہتر ہے تاکہ گرمی کے دوران پودے مضبوط رہیں۔,पानी हाल्ने: जमिन सुख्खा छ। बिहान सबेरै पानी हाल्नु राम्रो हुन्छ ताकि गर्मीको समयमा बिरुवाहरू बलियो रहून्।,ପାଣି ଦେବା: ଜମି ଶୁଖିଲା ଅଛି। ଗରମ ସମୟରେ ଗଛଗୁଡ଼ିକ ଶକ୍ତିଶାଳୀ ରହିବା ପାଇଁ ସକାଳୁ ପାଣି ଦେବା ଭଲ।,Before 8 AM,droplet
Moderate,Very Dry,Strong Gusts,Heavy Rain,spraying,CAUTION,45,Spray With Caution,SPRAYING: The air is calm right now. Spray your crops now before the wind picks up and wastes your medicine.,ಸಿಂಪಡಣೆ: ಗಾಳಿ ಈಗ ಶಾಂತವಾಗಿದೆ. ಗಾಳಿ ಬೀಸಿ ನಿಮ್ಮ ಔಷಧ ವ್ಯರ್ಥವಾಗುವ ಮೊದಲು ನಿಮ್ಮ ಬೆಳೆಗಳಿಗೆ ಈಗಲೇ ಸಿಂಪಡಿಸಿ.,छिड़काव: इस समय हवा शांत है। हवा चलने और दवा बर्बाद होने से पहले अपनी फसलों पर छिड़काव करें।,தெளித்தல்: காற்று இப்போது அமைதியாக இருக்கிறது. காற்று வீசி உங்கள் மருந்தை வீணாக்கும் முன் உங்கள் பயிர்களுக்கு இப்போதே தெளிக்கவும்.,స్ప్రేయింగ్: ప్రస్తుతం గాలి ప్రశాంతంగా ఉంది. గాలి వీచి మీ ఔషధం వృధా అయ్యేలోపు మీ పంటలపై ఇప్పుడే పిచికారీ చేయండి.,സ്പ്രേയിംഗ്: ഇപ്പോൾ വായു ശാന്തമാണ്. കാറ്റ് വീശി നിങ്ങളുടെ മരുന്നുകൾ പാഴാക്കുന്നതിനുമുമ്പ് നിങ്ങളുടെ വിളകൾക്ക് ഇപ്പോൾ തന്നെ തളിക്കുക.,फवारणी: सध्या हवा शांत आहे. वारा येऊन तुमचे औषध वाया जाण्यापूर्वी आत्ताच तुमच्या पिकांवर फवारणी करा.,છંટકાવ: અત્યારે હવા શાંત છે. પવન ફૂંકાય અને તમારી દવા બગાડે તે પહેલાં હમણાં જ તમારા પાક પર છંટકાવ કરો.,স্প্রে করা: বাতাস এখন শান্ত। বাতাস বইতে শুরু করে এবং আপনার ওষুধ নষ্ট করার আগে এখনই আপনার ফসলে স্প্রে করুন।,ਛਿੜਕਾਅ: ਇਸ ਵੇਲੇ ਹਵਾ ਸ਼ਾਂਤ ਹੈ। ਹਵਾ ਚੱਲਣ ਅਤੇ ਤੁਹਾਡੀ ਦਵਾਈ ਬਰਬਾਦ ਹੋਣ ਤੋਂ ਪਹਿਲਾਂ ਆਪਣੀਆਂ ਫਸਲਾਂ 'ਤੇ ਹੁਣੇ ਛਿੜਕਾਅ ਕਰੋ।,چھڑکاؤ: اس وقت ہوا پرسکون ہے۔ اپنی فصلوں پر چھڑکاؤ اس سے پہلے کہ ہوا تیز ہو جائے اور آپ کی دوائی ضائع ہو جائے۔,छर्कने: अहिले हावा शान्त छ। हावा चल्नु र तपाईंको औषधि खेर जानु अघि नै आफ्नो बालीनालीमा छर्कनुहोस्।,ସିଞ୍ଚନ: ବର୍ତ୍ତମାନ ବାୟୁ ଶାନ୍ତ ଅଛି। ପବନ ବହିବା ଏବଂ ଔଷଧ ନଷ୍ଟ କରିବା ପୂର୍ବରୁ ଏବେ ଆପଣଙ୍କ ଫସଲରେ ସିଞ୍ଚନ କରନ୍ତୁ।,Before 10 AM,spray
Moderate,Very Dry,Strong Gusts,Heavy Rain,fungal_risk,CAUTION,45,Monitor Fungal Risk,DISEASE ALERT: It is very damp and warm. Check your leaves for rot and use protection to save your harvest.,ರೋಗ ಎಚ್ಚರಿಕೆ: ಇದು ತುಂಬಾ ತೇವ ಮತ್ತು ಬೆಚ್ಚಗಿರುತ್ತದೆ. ನಿಮ್ಮ ಎಲೆಗಳನ್ನು ಕೊಳೆತಕ್ಕಾಗಿ ಪರಿಶೀಲಿಸಿ ಮತ್ತು ನಿಮ್ಮ ಬೆಳೆಯನ್ನು ಉಳಿಸಲು ರಕ್ಷಣೆಯನ್ನು ಬಳಸಿ.,रोग चेतावनी: मौसम बहुत नम और गर्म है। पत्तियों में सड़न की जांच करें और अपनी फसल को बचाने के लिए सुरक्षात्मक उपाय करें।,"நோய் எச்சரிக்கை: இது மிகவும் ஈரப்பதமாகவும் சூடாகவும் இருக்கும். உங்கள் இலைகளில் அழுகல் இருக்கிறதா என்று சரிபார்த்து, உங்கள் அறுவடையை சேமிக்க பாதுகாப்பைப் பயன்படுத்துங்கள்.",వ్యాధి హెచ్చరిక: ఇది చాలా తడిగా మరియు వెచ్చగా ఉంటుంది. మీ ఆకులు తెగులు కోసం తనిఖీ చేయండి మరియు మీ పంటను కాపాడటానికి రక్షణను ఉపయోగించండి.,രോഗ മുന്നറിയിപ്പ്: ഇത് വളരെ ഈർപ്പമുള്ളതും ചൂടുള്ളതുമാണ്. നിങ്ങളുടെ ഇലകൾ അഴുകുന്നുണ്ടോ എന്ന് പരിശോധിച്ച് നിങ്ങളുടെ വിള സംരക്ഷിക്കാൻ സംരക്ഷണം ഉപയോഗിക്കുക.,रोगाचा इशारा: हे खूप ओलसर आणि उबदार आहे. तुमची पाने कुजली आहेत का ते तपासा आणि तुमचे पीक वाचवण्यासाठी संरक्षण वापरा.,રોગની ચેતવણી: તે ખૂબ જ ભેજવાળી અને ગરમ છે. તમારા પાંદડા સડી ગયા છે કે નહીં તે તપાસો અને તમારા પાકને બચાવવા માટે રક્ષણનો ઉપયોગ કરો.,রোগের সতর্কতা: এটি খুব স্যাঁতসেঁতে এবং উষ্ণ। আপনার পাতা পচে গেছে কিনা তা পরীক্ষা করুন এবং আপনার ফসল বাঁচাতে সুরক্ষা ব্যবস্থা ব্যবহার করুন।,ਬਿਮਾਰੀ ਦੀ ਚੇਤਾਵਨੀ: ਇਹ ਬਹੁਤ ਗਿੱਲਾ ਅਤੇ ਗਰਮ ਹੈ। ਆਪਣੇ ਪੱਤਿਆਂ ਦੀ ਸੜਨ ਦੀ ਜਾਂਚ ਕਰੋ ਅਤੇ ਆਪਣੀ ਫ਼ਸਲ ਨੂੰ ਬਚਾਉਣ ਲਈ ਸੁਰੱਖਿਆ ਦੀ ਵਰਤੋਂ ਕਰੋ।,بیماری کا انتباہ: یہ بہت نم اور گرم ہے۔ اپنے پتوں کو سڑنے کے لیے چیک کریں اور اپنی فصل کو بچانے کے لیے تحفظ کا استعمال کریں۔,रोगको चेतावनी: यो धेरै ओसिलो र न्यानो छ। आफ्नो पातहरू कुहिन जाँच गर्नुहोस् र आफ्नो बाली बचाउन सुरक्षा प्रयोग गर्नुहोस्।,ରୋଗ ସତର୍କତା: ଏହା ବହୁତ ଓଦା ଏବଂ ଉଷ୍ମ। ଆପଣଙ୍କ ପତ୍ର ପଚିଛି କି ନାହିଁ ଯାଞ୍ଚ କରନ୍ତୁ ଏବଂ ଆପଣଙ୍କ ଫସଲକୁ ବଞ୍ଚାଇବା ପାଇଁ ସୁରକ୍ଷା ବ୍ୟବହାର କରନ୍ତୁ।,,warning
Moderate,Very Dry,Strong Gusts,Heavy Rain,field_work,CAUTION,45,Limit Field Work Hours,FIELD WORK: It is getting very hot. Do your heavy work while it is still cool to keep yourself and your plants healthy.,ಕ್ಷೇತ್ರದ ಕೆಲಸ: ತುಂಬಾ ಬಿಸಿಯಾಗುತ್ತಿದೆ. ನಿಮ್ಮನ್ನು ಮತ್ತು ನಿಮ್ಮ ಸಸ್ಯಗಳನ್ನು ಆರೋಗ್ಯವಾಗಿಡಲು ತಂಪಾಗಿರುವಾಗಲೇ ನಿಮ್ಮ ಭಾರವಾದ ಕೆಲಸವನ್ನು ಮಾಡಿ.,"खेत का काम: बहुत गर्मी पड़ रही है। अपना भारी काम तब करें जब मौसम ठंडा हो, ताकि आप और आपके पौधे स्वस्थ रहें।","களப்பணி: மிகவும் சூடாகி வருகிறது. உங்களையும் உங்கள் தாவரங்களையும் ஆரோக்கியமாக வைத்திருக்க, குளிர்ச்சியாக இருக்கும்போதே உங்கள் கனமான வேலையைச் செய்யுங்கள்.",ఫీల్డ్ వర్క్: చాలా వేడిగా ఉంది. మిమ్మల్ని మరియు మీ మొక్కలను ఆరోగ్యంగా ఉంచుకోవడానికి చల్లగా ఉన్నప్పుడే మీ భారీ పని చేయండి.,വയലിലെ ജോലി: ചൂട് കൂടിവരികയാണ്. നിങ്ങളെയും നിങ്ങളുടെ ചെടികളെയും ആരോഗ്യത്തോടെ നിലനിർത്താൻ തണുപ്പുള്ളപ്പോൾ തന്നെ ഭാരിച്ച ജോലികൾ ചെയ്യുക.,शेतातील काम: खूप उष्णता वाढत आहे. स्वतःला आणि तुमच्या झाडांना निरोगी ठेवण्यासाठी थंड असतानाच तुमचे जड काम करा.,ખેતરમાં કામ: ખૂબ ગરમી પડી રહી છે. ઠંડી હોય ત્યારે ભારે કામ કરો જેથી તમારી જાતને અને તમારા છોડને સ્વસ્થ રાખી શકાય.,মাঠের কাজ: খুব গরম পড়ছে। নিজেকে এবং আপনার গাছপালা সুস্থ রাখতে ঠান্ডা থাকতেই ভারী কাজ করুন।,ਖੇਤ ਦਾ ਕੰਮ: ਬਹੁਤ ਗਰਮੀ ਪੈ ਰਹੀ ਹੈ। ਆਪਣੇ ਆਪ ਨੂੰ ਅਤੇ ਆਪਣੇ ਪੌਦਿਆਂ ਨੂੰ ਸਿਹਤਮੰਦ ਰੱਖਣ ਲਈ ਠੰਡਾ ਹੋਣ ਤੱਕ ਆਪਣਾ ਭਾਰੀ ਕੰਮ ਕਰੋ।,فیلڈ ورک: یہ بہت گرم ہو رہا ہے۔ اپنے آپ کو اور اپنے پودوں کو صحت مند رکھنے کے لیے ٹھنڈا ہونے کے دوران اپنا بھاری کام کریں۔,खेतबारीको काम: धेरै गर्मी भइरहेको छ। आफू र आफ्ना बिरुवाहरूलाई स्वस्थ राख्न चिसो हुँदा नै आफ्नो भारी काम गर्नुहोस्।,କ୍ଷେତ କାମ: ବହୁତ ଗରମ ହେଉଛି। ନିଜକୁ ଏବଂ ଆପଣଙ୍କ ଗଛଗୁଡ଼ିକୁ ସୁସ୍ଥ ରଖିବା ପାଇଁ ଥଣ୍ଡା ଥିବା ସମୟରେ ଆପଣଙ୍କର କଠିନ କାମ କରନ୍ତୁ।,Before 10 AM or After 5 PM,tractor
Moderate,Balanced,Calm,Dry,irrigation,STABLE,15,Irrigation Safe,WATERING: The ground is dry. Best to water in the early morning so the plants stay strong during the heat.,"ನೀರುಹಾಕುವುದು: ನೆಲ ಒಣಗಿದೆ. ಬೆಳಿಗ್ಗೆ ಬೇಗನೆ ನೀರು ಹಾಕುವುದು ಉತ್ತಮ, ಇದರಿಂದ ಸಸ್ಯಗಳು ಶಾಖದ ಸಮಯದಲ್ಲಿ ಬಲವಾಗಿರುತ್ತವೆ.",पानी देना: मिट्टी सूखी है। पौधों को गर्मी के दौरान स्वस्थ रखने के लिए सुबह जल्दी पानी देना सबसे अच्छा है।,"நீர்ப்பாசனம்: நிலம் வறண்டு உள்ளது. அதிகாலையில் தண்ணீர் பாய்ச்சுவது நல்லது, இதனால் வெப்பத்தின் போது தாவரங்கள் வலுவாக இருக்கும்.","నీరు త్రాగుట: నేల పొడిగా ఉంటుంది. ఉదయాన్నే నీరు పోయడం మంచిది, తద్వారా వేడి సమయంలో మొక్కలు బలంగా ఉంటాయి.","നനവ്: നിലം വരണ്ടതാണ്. അതിരാവിലെ നനയ്ക്കുന്നതാണ് നല്ലത്, അങ്ങനെ ചൂടിൽ ചെടികൾ ശക്തമായി നിലനിൽക്കും.",पाणी देणे: जमीन कोरडी आहे. सकाळी लवकर पाणी देणे चांगले जेणेकरून उष्णतेमध्ये झाडे मजबूत राहतील.,પાણી આપવું: જમીન સૂકી છે. ગરમી દરમિયાન છોડ મજબૂત રહે તે માટે વહેલી સવારે પાણી આપવું શ્રેષ્ઠ છે.,"জল দেওয়া: মাটি শুষ্ক। খুব ভোরে জল দেওয়া ভালো, যাতে গরমের সময় গাছপালা শক্তিশালী থাকে।",ਪਾਣੀ ਦੇਣਾ: ਜ਼ਮੀਨ ਸੁੱਕੀ ਹੈ। ਸਵੇਰੇ ਜਲਦੀ ਪਾਣੀ ਦੇਣਾ ਸਭ ਤੋਂ ਵਧੀਆ ਹੈ ਤਾਂ ਜੋ ਪੌਦੇ ਗਰਮੀ ਦੌਰਾਨ ਮਜ਼ਬੂਤ ​​ਰਹਿਣ।,پانی دینا: زمین خشک ہے۔ صبح سویرے پانی دینا بہتر ہے تاکہ گرمی کے دوران پودے مضبوط رہیں۔,पानी हाल्ने: जमिन सुख्खा छ। बिहान सबेरै पानी हाल्नु राम्रो हुन्छ ताकि गर्मीको समयमा बिरुवाहरू बलियो रहून्।,ପାଣି ଦେବା: ଜମି ଶୁଖିଲା ଅଛି। ଗରମ ସମୟରେ ଗଛଗୁଡ଼ିକ ଶକ୍ତିଶାଳୀ ରହିବା ପାଇଁ ସକାଳୁ ପାଣି ଦେବା ଭଲ।,,droplet
Moderate,Balanced,Calm,Dry,spraying,STABLE,15,Good Spraying Conditions,SPRAYING: The air is calm right now. Spray your crops now before the wind picks up and wastes your medicine.,ಸಿಂಪಡಣೆ: ಗಾಳಿ ಈಗ ಶಾಂತವಾಗಿದೆ. ಗಾಳಿ ಬೀಸಿ ನಿಮ್ಮ ಔಷಧ ವ್ಯರ್ಥವಾಗುವ ಮೊದಲು ನಿಮ್ಮ ಬೆಳೆಗಳಿಗೆ ಈಗಲೇ ಸಿಂಪಡಿಸಿ.,छिड़काव: इस समय हवा शांत है। हवा चलने और दवा बर्बाद होने से पहले अपनी फसलों पर छिड़काव करें।,தெளித்தல்: காற்று இப்போது அமைதியாக இருக்கிறது. காற்று வீசி உங்கள் மருந்தை வீணாக்கும் முன் உங்கள் பயிர்களுக்கு இப்போதே தெளிக்கவும்.,స్ప్రేయింగ్: ప్రస్తుతం గాలి ప్రశాంతంగా ఉంది. గాలి వీచి మీ ఔషధం వృధా అయ్యేలోపు మీ పంటలపై ఇప్పుడే పిచికారీ చేయండి.,സ്പ്രേയിംഗ്: ഇപ്പോൾ വായു ശാന്തമാണ്. കാറ്റ് വീശി നിങ്ങളുടെ മരുന്നുകൾ പാഴാക്കുന്നതിനുമുമ്പ് നിങ്ങളുടെ വിളകൾക്ക് ഇപ്പോൾ തന്നെ തളിക്കുക.,फवारणी: सध्या हवा शांत आहे. वारा येऊन तुमचे औषध वाया जाण्यापूर्वी आत्ताच तुमच्या पिकांवर फवारणी करा.,છંટકાવ: અત્યારે હવા શાંત છે. પવન ફૂંકાય અને તમારી દવા બગાડે તે પહેલાં હમણાં જ તમારા પાક પર છંટકાવ કરો.,স্প্রে করা: বাতাস এখন শান্ত। বাতাস বইতে শুরু করে এবং আপনার ওষুধ নষ্ট করার আগে এখনই আপনার ফসলে স্প্রে করুন।,ਛਿੜਕਾਅ: ਇਸ ਵੇਲੇ ਹਵਾ ਸ਼ਾਂਤ ਹੈ। ਹਵਾ ਚੱਲਣ ਅਤੇ ਤੁਹਾਡੀ ਦਵਾਈ ਬਰਬਾਦ ਹੋਣ ਤੋਂ ਪਹਿਲਾਂ ਆਪਣੀਆਂ ਫਸਲਾਂ 'ਤੇ ਹੁਣੇ ਛਿੜਕਾਅ ਕਰੋ।,چھڑکاؤ: اس وقت ہوا پرسکون ہے۔ اپنی فصلوں پر چھڑکاؤ اس سے پہلے کہ ہوا تیز ہو جائے اور آپ کی دوائی ضائع ہو جائے۔,छर्कने: अहिले हावा शान्त छ। हावा चल्नु र तपाईंको औषधि खेर जानु अघि नै आफ्नो बालीनालीमा छर्कनुहोस्।,ସିଞ୍ଚନ: ବର୍ତ୍ତମାନ ବାୟୁ ଶାନ୍ତ ଅଛି। ପବନ ବହିବା ଏବଂ ଔଷଧ ନଷ୍ଟ କରିବା ପୂର୍ବରୁ ଏବେ ଆପଣଙ୍କ ଫସଲରେ ସିଞ୍ଚନ କରନ୍ତୁ।,,spray
Moderate,Balanced,Calm,Dry,fungal_risk,STABLE,15,Low Fungal Risk,DISEASE ALERT: It is very damp and warm. Check your leaves for rot and use protection to save your harvest.,ರೋಗ ಎಚ್ಚರಿಕೆ: ಇದು ತುಂಬಾ ತೇವ ಮತ್ತು ಬೆಚ್ಚಗಿರುತ್ತದೆ. ನಿಮ್ಮ ಎಲೆಗಳನ್ನು ಕೊಳೆತಕ್ಕಾಗಿ ಪರಿಶೀಲಿಸಿ ಮತ್ತು ನಿಮ್ಮ ಬೆಳೆಯನ್ನು ಉಳಿಸಲು ರಕ್ಷಣೆಯನ್ನು ಬಳಸಿ.,रोग चेतावनी: मौसम बहुत नम और गर्म है। पत्तियों में सड़न की जांच करें और अपनी फसल को बचाने के लिए सुरक्षात्मक उपाय करें।,"நோய் எச்சரிக்கை: இது மிகவும் ஈரப்பதமாகவும் சூடாகவும் இருக்கும். உங்கள் இலைகளில் அழுகல் இருக்கிறதா என்று சரிபார்த்து, உங்கள் அறுவடையை சேமிக்க பாதுகாப்பைப் பயன்படுத்துங்கள்.",వ్యాధి హెచ్చరిక: ఇది చాలా తడిగా మరియు వెచ్చగా ఉంటుంది. మీ ఆకులు తెగులు కోసం తనిఖీ చేయండి మరియు మీ పంటను కాపాడటానికి రక్షణను ఉపయోగించండి.,രോഗ മുന്നറിയിപ്പ്: ഇത് വളരെ ഈർപ്പമുള്ളതും ചൂടുള്ളതുമാണ്. നിങ്ങളുടെ ഇലകൾ അഴുകുന്നുണ്ടോ എന്ന് പരിശോധിച്ച് നിങ്ങളുടെ വിള സംരക്ഷിക്കാൻ സംരക്ഷണം ഉപയോഗിക്കുക.,रोगाचा इशारा: हे खूप ओलसर आणि उबदार आहे. तुमची पाने कुजली आहेत का ते तपासा आणि तुमचे पीक वाचवण्यासाठी संरक्षण वापरा.,રોગની ચેતવણી: તે ખૂબ જ ભેજવાળી અને ગરમ છે. તમારા પાંદડા સડી ગયા છે કે નહીં તે તપાસો અને તમારા પાકને બચાવવા માટે રક્ષણનો ઉપયોગ કરો.,রোগের সতর্কতা: এটি খুব স্যাঁতসেঁতে এবং উষ্ণ। আপনার পাতা পচে গেছে কিনা তা পরীক্ষা করুন এবং আপনার ফসল বাঁচাতে সুরক্ষা ব্যবস্থা ব্যবহার করুন।,ਬਿਮਾਰੀ ਦੀ ਚੇਤਾਵਨੀ: ਇਹ ਬਹੁਤ ਗਿੱਲਾ ਅਤੇ ਗਰਮ ਹੈ। ਆਪਣੇ ਪੱਤਿਆਂ ਦੀ ਸੜਨ ਦੀ ਜਾਂਚ ਕਰੋ ਅਤੇ ਆਪਣੀ ਫ਼ਸਲ ਨੂੰ ਬਚਾਉਣ ਲਈ ਸੁਰੱਖਿਆ ਦੀ ਵਰਤੋਂ ਕਰੋ।,بیماری کا انتباہ: یہ بہت نم اور گرم ہے۔ اپنے پتوں کو سڑنے کے لیے چیک کریں اور اپنی فصل کو بچانے کے لیے تحفظ کا استعمال کریں۔,रोगको चेतावनी: यो धेरै ओसिलो र न्यानो छ। आफ्नो पातहरू कुहिन जाँच गर्नुहोस् र आफ्नो बाली बचाउन सुरक्षा प्रयोग गर्नुहोस्।,ରୋଗ ସତର୍କତା: ଏହା ବହୁତ ଓଦା ଏବଂ ଉଷ୍ମ। ଆପଣଙ୍କ ପତ୍ର ପଚିଛି କି ନାହିଁ ଯାଞ୍ଚ କରନ୍ତୁ ଏବଂ ଆପଣଙ୍କ ଫସଲକୁ ବଞ୍ଚାଇବା ପାଇଁ ସୁରକ୍ଷା ବ୍ୟବହାର କରନ୍ତୁ।,,shield
Moderate,Balanced,Calm,Dry,field_work,STABLE,15,Good Field Work Day,FIELD WORK: It is getting very hot. Do your heavy work while it is still cool to keep yourself and your plants healthy.,ಕ್ಷೇತ್ರದ ಕೆಲಸ: ತುಂಬಾ ಬಿಸಿಯಾಗುತ್ತಿದೆ. ನಿಮ್ಮನ್ನು ಮತ್ತು ನಿಮ್ಮ ಸಸ್ಯಗಳನ್ನು ಆರೋಗ್ಯವಾಗಿಡಲು ತಂಪಾಗಿರುವಾಗಲೇ ನಿಮ್ಮ ಭಾರವಾದ ಕೆಲಸವನ್ನು ಮಾಡಿ.,"खेत का काम: बहुत गर्मी पड़ रही है। अपना भारी काम तब करें जब मौसम ठंडा हो, ताकि आप और आपके पौधे स्वस्थ रहें।","களப்பணி: மிகவும் சூடாகி வருகிறது. உங்களையும் உங்கள் தாவரங்களையும் ஆரோக்கியமாக வைத்திருக்க, குளிர்ச்சியாக இருக்கும்போதே உங்கள் கனமான வேலையைச் செய்யுங்கள்.",ఫీల్డ్ వర్క్: చాలా వేడిగా ఉంది. మిమ్మల్ని మరియు మీ మొక్కలను ఆరోగ్యంగా ఉంచుకోవడానికి చల్లగా ఉన్నప్పుడే మీ భారీ పని చేయండి.,വയലിലെ ജോലി: ചൂട് കൂടിവരികയാണ്. നിങ്ങളെയും നിങ്ങളുടെ ചെടികളെയും ആരോഗ്യത്തോടെ നിലനിർത്താൻ തണുപ്പുള്ളപ്പോൾ തന്നെ ഭാരിച്ച ജോലികൾ ചെയ്യുക.,शेतातील काम: खूप उष्णता वाढत आहे. स्वतःला आणि तुमच्या झाडांना निरोगी ठेवण्यासाठी थंड असतानाच तुमचे जड काम करा.,ખેતરમાં કામ: ખૂબ ગરમી પડી રહી છે. ઠંડી હોય ત્યારે ભારે કામ કરો જેથી તમારી જાતને અને તમારા છોડને સ્વસ્થ રાખી શકાય.,মাঠের কাজ: খুব গরম পড়ছে। নিজেকে এবং আপনার গাছপালা সুস্থ রাখতে ঠান্ডা থাকতেই ভারী কাজ করুন।,ਖੇਤ ਦਾ ਕੰਮ: ਬਹੁਤ ਗਰਮੀ ਪੈ ਰਹੀ ਹੈ। ਆਪਣੇ ਆਪ ਨੂੰ ਅਤੇ ਆਪਣੇ ਪੌਦਿਆਂ ਨੂੰ ਸਿਹਤਮੰਦ ਰੱਖਣ ਲਈ ਠੰਡਾ ਹੋਣ ਤੱਕ ਆਪਣਾ ਭਾਰੀ ਕੰਮ ਕਰੋ।,فیلڈ ورک: یہ بہت گرم ہو رہا ہے۔ اپنے آپ کو اور اپنے پودوں کو صحت مند رکھنے کے لیے ٹھنڈا ہونے کے دوران اپنا بھاری کام کریں۔,खेतबारीको काम: धेरै गर्मी भइरहेको छ। आफू र आफ्ना बिरुवाहरूलाई स्वस्थ राख्न चिसो हुँदा नै आफ्नो भारी काम गर्नुहोस्।,କ୍ଷେତ କାମ: ବହୁତ ଗରମ ହେଉଛି। ନିଜକୁ ଏବଂ ଆପଣଙ୍କ ଗଛଗୁଡ଼ିକୁ ସୁସ୍ଥ ରଖିବା ପାଇଁ ଥଣ୍ଡା ଥିବା ସମୟରେ ଆପଣଙ୍କର କଠିନ କାମ କରନ୍ତୁ।,,tractor
Moderate,Balanced,Calm,Light Rain,irrigation,STABLE,15,Irrigation Safe,WATERING: The ground is dry. Best to water in the early morning so the plants stay strong during the heat.,"ನೀರುಹಾಕುವುದು: ನೆಲ ಒಣಗಿದೆ. ಬೆಳಿಗ್ಗೆ ಬೇಗನೆ ನೀರು ಹಾಕುವುದು ಉತ್ತಮ, ಇದರಿಂದ ಸಸ್ಯಗಳು ಶಾಖದ ಸಮಯದಲ್ಲಿ ಬಲವಾಗಿರುತ್ತವೆ.",पानी देना: मिट्टी सूखी है। पौधों को गर्मी के दौरान स्वस्थ रखने के लिए सुबह जल्दी पानी देना सबसे अच्छा है।,"நீர்ப்பாசனம்: நிலம் வறண்டு உள்ளது. அதிகாலையில் தண்ணீர் பாய்ச்சுவது நல்லது, இதனால் வெப்பத்தின் போது தாவரங்கள் வலுவாக இருக்கும்.","నీరు త్రాగుట: నేల పొడిగా ఉంటుంది. ఉదయాన్నే నీరు పోయడం మంచిది, తద్వారా వేడి సమయంలో మొక్కలు బలంగా ఉంటాయి.","നനവ്: നിലം വരണ്ടതാണ്. അതിരാവിലെ നനയ്ക്കുന്നതാണ് നല്ലത്, അങ്ങനെ ചൂടിൽ ചെടികൾ ശക്തമായി നിലനിൽക്കും.",पाणी देणे: जमीन कोरडी आहे. सकाळी लवकर पाणी देणे चांगले जेणेकरून उष्णतेमध्ये झाडे मजबूत राहतील.,પાણી આપવું: જમીન સૂકી છે. ગરમી દરમિયાન છોડ મજબૂત રહે તે માટે વહેલી સવારે પાણી આપવું શ્રેષ્ઠ છે.,"জল দেওয়া: মাটি শুষ্ক। খুব ভোরে জল দেওয়া ভালো, যাতে গরমের সময় গাছপালা শক্তিশালী থাকে।",ਪਾਣੀ ਦੇਣਾ: ਜ਼ਮੀਨ ਸੁੱਕੀ ਹੈ। ਸਵੇਰੇ ਜਲਦੀ ਪਾਣੀ ਦੇਣਾ ਸਭ ਤੋਂ ਵਧੀਆ ਹੈ ਤਾਂ ਜੋ ਪੌਦੇ ਗਰਮੀ ਦੌਰਾਨ ਮਜ਼ਬੂਤ ​​ਰਹਿਣ।,پانی دینا: زمین خشک ہے۔ صبح سویرے پانی دینا بہتر ہے تاکہ گرمی کے دوران پودے مضبوط رہیں۔,पानी हाल्ने: जमिन सुख्खा छ। बिहान सबेरै पानी हाल्नु राम्रो हुन्छ ताकि गर्मीको समयमा बिरुवाहरू बलियो रहून्।,ପାଣି ଦେବା: ଜମି ଶୁଖିଲା ଅଛି। ଗରମ ସମୟରେ ଗଛଗୁଡ଼ିକ ଶକ୍ତିଶାଳୀ ରହିବା ପାଇଁ ସକାଳୁ ପାଣି ଦେବା ଭଲ।,,droplet
Moderate,Balanced,Calm,Light Rain,spraying,STABLE,15,Good Spraying Conditions,SPRAYING: The air is calm right now. Spray your crops now before the wind picks up and wastes your medicine.,ಸಿಂಪಡಣೆ: ಗಾಳಿ ಈಗ ಶಾಂತವಾಗಿದೆ. ಗಾಳಿ ಬೀಸಿ ನಿಮ್ಮ ಔಷಧ ವ್ಯರ್ಥವಾಗುವ ಮೊದಲು ನಿಮ್ಮ ಬೆಳೆಗಳಿಗೆ ಈಗಲೇ ಸಿಂಪಡಿಸಿ.,छिड़काव: इस समय हवा शांत है। हवा चलने और दवा बर्बाद होने से पहले अपनी फसलों पर छिड़काव करें।,தெளித்தல்: காற்று இப்போது அமைதியாக இருக்கிறது. காற்று வீசி உங்கள் மருந்தை வீணாக்கும் முன் உங்கள் பயிர்களுக்கு இப்போதே தெளிக்கவும்.,స్ప్రేయింగ్: ప్రస్తుతం గాలి ప్రశాంతంగా ఉంది. గాలి వీచి మీ ఔషధం వృధా అయ్యేలోపు మీ పంటలపై ఇప్పుడే పిచికారీ చేయండి.,സ്പ്രേയിംഗ്: ഇപ്പോൾ വായു ശാന്തമാണ്. കാറ്റ് വീശി നിങ്ങളുടെ മരുന്നുകൾ പാഴാക്കുന്നതിനുമുമ്പ് നിങ്ങളുടെ വിളകൾക്ക് ഇപ്പോൾ തന്നെ തളിക്കുക.,फवारणी: सध्या हवा शांत आहे. वारा येऊन तुमचे औषध वाया जाण्यापूर्वी आत्ताच तुमच्या पिकांवर फवारणी करा.,છંટકાવ: અત્યારે હવા શાંત છે. પવન ફૂંકાય અને તમારી દવા બગાડે તે પહેલાં હમણાં જ તમારા પાક પર છંટકાવ કરો.,স্প্রে করা: বাতাস এখন শান্ত। বাতাস বইতে শুরু করে এবং আপনার ওষুধ নষ্ট করার আগে এখনই আপনার ফসলে স্প্রে করুন।,ਛਿੜਕਾਅ: ਇਸ ਵੇਲੇ ਹਵਾ ਸ਼ਾਂਤ ਹੈ। ਹਵਾ ਚੱਲਣ ਅਤੇ ਤੁਹਾਡੀ ਦਵਾਈ ਬਰਬਾਦ ਹੋਣ ਤੋਂ ਪਹਿਲਾਂ ਆਪਣੀਆਂ ਫਸਲਾਂ 'ਤੇ ਹੁਣੇ ਛਿੜਕਾਅ ਕਰੋ।,چھڑکاؤ: اس وقت ہوا پرسکون ہے۔ اپنی فصلوں پر چھڑکاؤ اس سے پہلے کہ ہوا تیز ہو جائے اور آپ کی دوائی ضائع ہو جائے۔,छर्कने: अहिले हावा शान्त छ। हावा चल्नु र तपाईंको औषधि खेर जानु अघि नै आफ्नो बालीनालीमा छर्कनुहोस्।,ସିଞ୍ଚନ: ବର୍ତ୍ତମାନ ବାୟୁ ଶାନ୍ତ ଅଛି। ପବନ ବହିବା ଏବଂ ଔଷଧ ନଷ୍ଟ କରିବା ପୂର୍ବରୁ ଏବେ ଆପଣଙ୍କ ଫସଲରେ ସିଞ୍ଚନ କରନ୍ତୁ।,,spray
Moderate,Balanced,Calm,Light Rain,fungal_risk,STABLE,15,Low Fungal Risk,DISEASE ALERT: It is very damp and warm. Check your leaves for rot and use protection to save your harvest.,ರೋಗ ಎಚ್ಚರಿಕೆ: ಇದು ತುಂಬಾ ತೇವ ಮತ್ತು ಬೆಚ್ಚಗಿರುತ್ತದೆ. ನಿಮ್ಮ ಎಲೆಗಳನ್ನು ಕೊಳೆತಕ್ಕಾಗಿ ಪರಿಶೀಲಿಸಿ ಮತ್ತು ನಿಮ್ಮ ಬೆಳೆಯನ್ನು ಉಳಿಸಲು ರಕ್ಷಣೆಯನ್ನು ಬಳಸಿ.,रोग चेतावनी: मौसम बहुत नम और गर्म है। पत्तियों में सड़न की जांच करें और अपनी फसल को बचाने के लिए सुरक्षात्मक उपाय करें।,"நோய் எச்சரிக்கை: இது மிகவும் ஈரப்பதமாகவும் சூடாகவும் இருக்கும். உங்கள் இலைகளில் அழுகல் இருக்கிறதா என்று சரிபார்த்து, உங்கள் அறுவடையை சேமிக்க பாதுகாப்பைப் பயன்படுத்துங்கள்.",వ్యాధి హెచ్చరిక: ఇది చాలా తడిగా మరియు వెచ్చగా ఉంటుంది. మీ ఆకులు తెగులు కోసం తనిఖీ చేయండి మరియు మీ పంటను కాపాడటానికి రక్షణను ఉపయోగించండి.,രോഗ മുന്നറിയിപ്പ്: ഇത് വളരെ ഈർപ്പമുള്ളതും ചൂടുള്ളതുമാണ്. നിങ്ങളുടെ ഇലകൾ അഴുകുന്നുണ്ടോ എന്ന് പരിശോധിച്ച് നിങ്ങളുടെ വിള സംരക്ഷിക്കാൻ സംരക്ഷണം ഉപയോഗിക്കുക.,रोगाचा इशारा: हे खूप ओलसर आणि उबदार आहे. तुमची पाने कुजली आहेत का ते तपासा आणि तुमचे पीक वाचवण्यासाठी संरक्षण वापरा.,રોગની ચેતવણી: તે ખૂબ જ ભેજવાળી અને ગરમ છે. તમારા પાંદડા સડી ગયા છે કે નહીં તે તપાસો અને તમારા પાકને બચાવવા માટે રક્ષણનો ઉપયોગ કરો.,রোগের সতর্কতা: এটি খুব স্যাঁতসেঁতে এবং উষ্ণ। আপনার পাতা পচে গেছে কিনা তা পরীক্ষা করুন এবং আপনার ফসল বাঁচাতে সুরক্ষা ব্যবস্থা ব্যবহার করুন।,ਬਿਮਾਰੀ ਦੀ ਚੇਤਾਵਨੀ: ਇਹ ਬਹੁਤ ਗਿੱਲਾ ਅਤੇ ਗਰਮ ਹੈ। ਆਪਣੇ ਪੱਤਿਆਂ ਦੀ ਸੜਨ ਦੀ ਜਾਂਚ ਕਰੋ ਅਤੇ ਆਪਣੀ ਫ਼ਸਲ ਨੂੰ ਬਚਾਉਣ ਲਈ ਸੁਰੱਖਿਆ ਦੀ ਵਰਤੋਂ ਕਰੋ।,بیماری کا انتباہ: یہ بہت نم اور گرم ہے۔ اپنے پتوں کو سڑنے کے لیے چیک کریں اور اپنی فصل کو بچانے کے لیے تحفظ کا استعمال کریں۔,रोगको चेतावनी: यो धेरै ओसिलो र न्यानो छ। आफ्नो पातहरू कुहिन जाँच गर्नुहोस् र आफ्नो बाली बचाउन सुरक्षा प्रयोग गर्नुहोस्।,ରୋଗ ସତର୍କତା: ଏହା ବହୁତ ଓଦା ଏବଂ ଉଷ୍ମ। ଆପଣଙ୍କ ପତ୍ର ପଚିଛି କି ନାହିଁ ଯାଞ୍ଚ କରନ୍ତୁ ଏବଂ ଆପଣଙ୍କ ଫସଲକୁ ବଞ୍ଚାଇବା ପାଇଁ ସୁରକ୍ଷା ବ୍ୟବହାର କରନ୍ତୁ।,,shield
Moderate,Balanced,Calm,Light Rain,field_work,STABLE,15,Good Field Work Day,FIELD WORK: It is getting very hot. Do your heavy work while it is still cool to keep yourself and your plants healthy.,ಕ್ಷೇತ್ರದ ಕೆಲಸ: ತುಂಬಾ ಬಿಸಿಯಾಗುತ್ತಿದೆ. ನಿಮ್ಮನ್ನು ಮತ್ತು ನಿಮ್ಮ ಸಸ್ಯಗಳನ್ನು ಆರೋಗ್ಯವಾಗಿಡಲು ತಂಪಾಗಿರುವಾಗಲೇ ನಿಮ್ಮ ಭಾರವಾದ ಕೆಲಸವನ್ನು ಮಾಡಿ.,"खेत का काम: बहुत गर्मी पड़ रही है। अपना भारी काम तब करें जब मौसम ठंडा हो, ताकि आप और आपके पौधे स्वस्थ रहें।","களப்பணி: மிகவும் சூடாகி வருகிறது. உங்களையும் உங்கள் தாவரங்களையும் ஆரோக்கியமாக வைத்திருக்க, குளிர்ச்சியாக இருக்கும்போதே உங்கள் கனமான வேலையைச் செய்யுங்கள்.",ఫీల్డ్ వర్క్: చాలా వేడిగా ఉంది. మిమ్మల్ని మరియు మీ మొక్కలను ఆరోగ్యంగా ఉంచుకోవడానికి చల్లగా ఉన్నప్పుడే మీ భారీ పని చేయండి.,വയലിലെ ജോലി: ചൂട് കൂടിവരികയാണ്. നിങ്ങളെയും നിങ്ങളുടെ ചെടികളെയും ആരോഗ്യത്തോടെ നിലനിർത്താൻ തണുപ്പുള്ളപ്പോൾ തന്നെ ഭാരിച്ച ജോലികൾ ചെയ്യുക.,शेतातील काम: खूप उष्णता वाढत आहे. स्वतःला आणि तुमच्या झाडांना निरोगी ठेवण्यासाठी थंड असतानाच तुमचे जड काम करा.,ખેતરમાં કામ: ખૂબ ગરમી પડી રહી છે. ઠંડી હોય ત્યારે ભારે કામ કરો જેથી તમારી જાતને અને તમારા છોડને સ્વસ્થ રાખી શકાય.,মাঠের কাজ: খুব গরম পড়ছে। নিজেকে এবং আপনার গাছপালা সুস্থ রাখতে ঠান্ডা থাকতেই ভারী কাজ করুন।,ਖੇਤ ਦਾ ਕੰਮ: ਬਹੁਤ ਗਰਮੀ ਪੈ ਰਹੀ ਹੈ। ਆਪਣੇ ਆਪ ਨੂੰ ਅਤੇ ਆਪਣੇ ਪੌਦਿਆਂ ਨੂੰ ਸਿਹਤਮੰਦ ਰੱਖਣ ਲਈ ਠੰਡਾ ਹੋਣ ਤੱਕ ਆਪਣਾ ਭਾਰੀ ਕੰਮ ਕਰੋ।,فیلڈ ورک: یہ بہت گرم ہو رہا ہے۔ اپنے آپ کو اور اپنے پودوں کو صحت مند رکھنے کے لیے ٹھنڈا ہونے کے دوران اپنا بھاری کام کریں۔,खेतबारीको काम: धेरै गर्मी भइरहेको छ। आफू र आफ्ना बिरुवाहरूलाई स्वस्थ राख्न चिसो हुँदा नै आफ्नो भारी काम गर्नुहोस्।,କ୍ଷେତ କାମ: ବହୁତ ଗରମ ହେଉଛି। ନିଜକୁ ଏବଂ ଆପଣଙ୍କ ଗଛଗୁଡ଼ିକୁ ସୁସ୍ଥ ରଖିବା ପାଇଁ ଥଣ୍ଡା ଥିବା ସମୟରେ ଆପଣଙ୍କର କଠିନ କାମ କରନ୍ତୁ।,,tractor
Moderate,Balanced,Calm,Heavy Rain,irrigation,STABLE,15,Irrigation Safe,WATERING: The ground is dry. Best to water in the early morning so the plants stay strong during the heat.,"ನೀರುಹಾಕುವುದು: ನೆಲ ಒಣಗಿದೆ. ಬೆಳಿಗ್ಗೆ ಬೇಗನೆ ನೀರು ಹಾಕುವುದು ಉತ್ತಮ, ಇದರಿಂದ ಸಸ್ಯಗಳು ಶಾಖದ ಸಮಯದಲ್ಲಿ ಬಲವಾಗಿರುತ್ತವೆ.",पानी देना: मिट्टी सूखी है। पौधों को गर्मी के दौरान स्वस्थ रखने के लिए सुबह जल्दी पानी देना सबसे अच्छा है।,"நீர்ப்பாசனம்: நிலம் வறண்டு உள்ளது. அதிகாலையில் தண்ணீர் பாய்ச்சுவது நல்லது, இதனால் வெப்பத்தின் போது தாவரங்கள் வலுவாக இருக்கும்.","నీరు త్రాగుట: నేల పొడిగా ఉంటుంది. ఉదయాన్నే నీరు పోయడం మంచిది, తద్వారా వేడి సమయంలో మొక్కలు బలంగా ఉంటాయి.","നനവ്: നിലം വരണ്ടതാണ്. അതിരാവിലെ നനയ്ക്കുന്നതാണ് നല്ലത്, അങ്ങനെ ചൂടിൽ ചെടികൾ ശക്തമായി നിലനിൽക്കും.",पाणी देणे: जमीन कोरडी आहे. सकाळी लवकर पाणी देणे चांगले जेणेकरून उष्णतेमध्ये झाडे मजबूत राहतील.,પાણી આપવું: જમીન સૂકી છે. ગરમી દરમિયાન છોડ મજબૂત રહે તે માટે વહેલી સવારે પાણી આપવું શ્રેષ્ઠ છે.,"জল দেওয়া: মাটি শুষ্ক। খুব ভোরে জল দেওয়া ভালো, যাতে গরমের সময় গাছপালা শক্তিশালী থাকে।",ਪਾਣੀ ਦੇਣਾ: ਜ਼ਮੀਨ ਸੁੱਕੀ ਹੈ। ਸਵੇਰੇ ਜਲਦੀ ਪਾਣੀ ਦੇਣਾ ਸਭ ਤੋਂ ਵਧੀਆ ਹੈ ਤਾਂ ਜੋ ਪੌਦੇ ਗਰਮੀ ਦੌਰਾਨ ਮਜ਼ਬੂਤ ​​ਰਹਿਣ।,پانی دینا: زمین خشک ہے۔ صبح سویرے پانی دینا بہتر ہے تاکہ گرمی کے دوران پودے مضبوط رہیں۔,पानी हाल्ने: जमिन सुख्खा छ। बिहान सबेरै पानी हाल्नु राम्रो हुन्छ ताकि गर्मीको समयमा बिरुवाहरू बलियो रहून्।,ପାଣି ଦେବା: ଜମି ଶୁଖିଲା ଅଛି। ଗରମ ସମୟରେ ଗଛଗୁଡ଼ିକ ଶକ୍ତିଶାଳୀ ରହିବା ପାଇଁ ସକାଳୁ ପାଣି ଦେବା ଭଲ।,,droplet
Moderate,Balanced,Calm,Heavy Rain,spraying,STABLE,15,Good Spraying Conditions,SPRAYING: The air is calm right now. Spray your crops now before the wind picks up and wastes your medicine.,ಸಿಂಪಡಣೆ: ಗಾಳಿ ಈಗ ಶಾಂತವಾಗಿದೆ. ಗಾಳಿ ಬೀಸಿ ನಿಮ್ಮ ಔಷಧ ವ್ಯರ್ಥವಾಗುವ ಮೊದಲು ನಿಮ್ಮ ಬೆಳೆಗಳಿಗೆ ಈಗಲೇ ಸಿಂಪಡಿಸಿ.,छिड़काव: इस समय हवा शांत है। हवा चलने और दवा बर्बाद होने से पहले अपनी फसलों पर छिड़काव करें।,தெளித்தல்: காற்று இப்போது அமைதியாக இருக்கிறது. காற்று வீசி உங்கள் மருந்தை வீணாக்கும் முன் உங்கள் பயிர்களுக்கு இப்போதே தெளிக்கவும்.,స్ప్రేయింగ్: ప్రస్తుతం గాలి ప్రశాంతంగా ఉంది. గాలి వీచి మీ ఔషధం వృధా అయ్యేలోపు మీ పంటలపై ఇప్పుడే పిచికారీ చేయండి.,സ്പ്രേയിംഗ്: ഇപ്പോൾ വായു ശാന്തമാണ്. കാറ്റ് വീശി നിങ്ങളുടെ മരുന്നുകൾ പാഴാക്കുന്നതിനുമുമ്പ് നിങ്ങളുടെ വിളകൾക്ക് ഇപ്പോൾ തന്നെ തളിക്കുക.,फवारणी: सध्या हवा शांत आहे. वारा येऊन तुमचे औषध वाया जाण्यापूर्वी आत्ताच तुमच्या पिकांवर फवारणी करा.,છંટકાવ: અત્યારે હવા શાંત છે. પવન ફૂંકાય અને તમારી દવા બગાડે તે પહેલાં હમણાં જ તમારા પાક પર છંટકાવ કરો.,স্প্রে করা: বাতাস এখন শান্ত। বাতাস বইতে শুরু করে এবং আপনার ওষুধ নষ্ট করার আগে এখনই আপনার ফসলে স্প্রে করুন।,ਛਿੜਕਾਅ: ਇਸ ਵੇਲੇ ਹਵਾ ਸ਼ਾਂਤ ਹੈ। ਹਵਾ ਚੱਲਣ ਅਤੇ ਤੁਹਾਡੀ ਦਵਾਈ ਬਰਬਾਦ ਹੋਣ ਤੋਂ ਪਹਿਲਾਂ ਆਪਣੀਆਂ ਫਸਲਾਂ 'ਤੇ ਹੁਣੇ ਛਿੜਕਾਅ ਕਰੋ।,چھڑکاؤ: اس وقت ہوا پرسکون ہے۔ اپنی فصلوں پر چھڑکاؤ اس سے پہلے کہ ہوا تیز ہو جائے اور آپ کی دوائی ضائع ہو جائے۔,छर्कने: अहिले हावा शान्त छ। हावा चल्नु र तपाईंको औषधि खेर जानु अघि नै आफ्नो बालीनालीमा छर्कनुहोस्।,ସିଞ୍ଚନ: ବର୍ତ୍ତମାନ ବାୟୁ ଶାନ୍ତ ଅଛି। ପବନ ବହିବା ଏବଂ ଔଷଧ ନଷ୍ଟ କରିବା ପୂର୍ବରୁ ଏବେ ଆପଣଙ୍କ ଫସଲରେ ସିଞ୍ଚନ କରନ୍ତୁ।,,spray
Moderate,Balanced,Calm,Heavy Rain,fungal_risk,STABLE,15,Low Fungal Risk,DISEASE ALERT: It is very damp and warm. Check your leaves for rot and use protection to save your harvest.,ರೋಗ ಎಚ್ಚರಿಕೆ: ಇದು ತುಂಬಾ ತೇವ ಮತ್ತು ಬೆಚ್ಚಗಿರುತ್ತದೆ. ನಿಮ್ಮ ಎಲೆಗಳನ್ನು ಕೊಳೆತಕ್ಕಾಗಿ ಪರಿಶೀಲಿಸಿ ಮತ್ತು ನಿಮ್ಮ ಬೆಳೆಯನ್ನು ಉಳಿಸಲು ರಕ್ಷಣೆಯನ್ನು ಬಳಸಿ.,रोग चेतावनी: मौसम बहुत नम और गर्म है। पत्तियों में सड़न की जांच करें और अपनी फसल को बचाने के लिए सुरक्षात्मक उपाय करें।,"நோய் எச்சரிக்கை: இது மிகவும் ஈரப்பதமாகவும் சூடாகவும் இருக்கும். உங்கள் இலைகளில் அழுகல் இருக்கிறதா என்று சரிபார்த்து, உங்கள் அறுவடையை சேமிக்க பாதுகாப்பைப் பயன்படுத்துங்கள்.",వ్యాధి హెచ్చరిక: ఇది చాలా తడిగా మరియు వెచ్చగా ఉంటుంది. మీ ఆకులు తెగులు కోసం తనిఖీ చేయండి మరియు మీ పంటను కాపాడటానికి రక్షణను ఉపయోగించండి.,രോഗ മുന്നറിയിപ്പ്: ഇത് വളരെ ഈർപ്പമുള്ളതും ചൂടുള്ളതുമാണ്. നിങ്ങളുടെ ഇലകൾ അഴുകുന്നുണ്ടോ എന്ന് പരിശോധിച്ച് നിങ്ങളുടെ വിള സംരക്ഷിക്കാൻ സംരക്ഷണം ഉപയോഗിക്കുക.,रोगाचा इशारा: हे खूप ओलसर आणि उबदार आहे. तुमची पाने कुजली आहेत का ते तपासा आणि तुमचे पीक वाचवण्यासाठी संरक्षण वापरा.,રોગની ચેતવણી: તે ખૂબ જ ભેજવાળી અને ગરમ છે. તમારા પાંદડા સડી ગયા છે કે નહીં તે તપાસો અને તમારા પાકને બચાવવા માટે રક્ષણનો ઉપયોગ કરો.,রোগের সতর্কতা: এটি খুব স্যাঁতসেঁতে এবং উষ্ণ। আপনার পাতা পচে গেছে কিনা তা পরীক্ষা করুন এবং আপনার ফসল বাঁচাতে সুরক্ষা ব্যবস্থা ব্যবহার করুন।,ਬਿਮਾਰੀ ਦੀ ਚੇਤਾਵਨੀ: ਇਹ ਬਹੁਤ ਗਿੱਲਾ ਅਤੇ ਗਰਮ ਹੈ। ਆਪਣੇ ਪੱਤਿਆਂ ਦੀ ਸੜਨ ਦੀ ਜਾਂਚ ਕਰੋ ਅਤੇ ਆਪਣੀ ਫ਼ਸਲ ਨੂੰ ਬਚਾਉਣ ਲਈ ਸੁਰੱਖਿਆ ਦੀ ਵਰਤੋਂ ਕਰੋ।,بیماری کا انتباہ: یہ بہت نم اور گرم ہے۔ اپنے پتوں کو سڑنے کے لیے چیک کریں اور اپنی فصل کو بچانے کے لیے تحفظ کا استعمال کریں۔,रोगको चेतावनी: यो धेरै ओसिलो र न्यानो छ। आफ्नो पातहरू कुहिन जाँच गर्नुहोस् र आफ्नो बाली बचाउन सुरक्षा प्रयोग गर्नुहोस्।,ରୋଗ ସତର୍କତା: ଏହା ବହୁତ ଓଦା ଏବଂ ଉଷ୍ମ। ଆପଣଙ୍କ ପତ୍ର ପଚିଛି କି ନାହିଁ ଯାଞ୍ଚ କରନ୍ତୁ ଏବଂ ଆପଣଙ୍କ ଫସଲକୁ ବଞ୍ଚାଇବା ପାଇଁ ସୁରକ୍ଷା ବ୍ୟବହାର କରନ୍ତୁ।,,shield
Moderate,Balanced,Calm,Heavy Rain,field_work,STABLE,15,Good Field Work Day,FIELD WORK: It is getting very hot. Do your heavy work while it is still cool to keep yourself and your plants healthy.,ಕ್ಷೇತ್ರದ ಕೆಲಸ: ತುಂಬಾ ಬಿಸಿಯಾಗುತ್ತಿದೆ. ನಿಮ್ಮನ್ನು ಮತ್ತು ನಿಮ್ಮ ಸಸ್ಯಗಳನ್ನು ಆರೋಗ್ಯವಾಗಿಡಲು ತಂಪಾಗಿರುವಾಗಲೇ ನಿಮ್ಮ ಭಾರವಾದ ಕೆಲಸವನ್ನು ಮಾಡಿ.,"खेत का काम: बहुत गर्मी पड़ रही है। अपना भारी काम तब करें जब मौसम ठंडा हो, ताकि आप और आपके पौधे स्वस्थ रहें।","களப்பணி: மிகவும் சூடாகி வருகிறது. உங்களையும் உங்கள் தாவரங்களையும் ஆரோக்கியமாக வைத்திருக்க, குளிர்ச்சியாக இருக்கும்போதே உங்கள் கனமான வேலையைச் செய்யுங்கள்.",ఫీల్డ్ వర్క్: చాలా వేడిగా ఉంది. మిమ్మల్ని మరియు మీ మొక్కలను ఆరోగ్యంగా ఉంచుకోవడానికి చల్లగా ఉన్నప్పుడే మీ భారీ పని చేయండి.,വയലിലെ ജോലി: ചൂട് കൂടിവരികയാണ്. നിങ്ങളെയും നിങ്ങളുടെ ചെടികളെയും ആരോഗ്യത്തോടെ നിലനിർത്താൻ തണുപ്പുള്ളപ്പോൾ തന്നെ ഭാരിച്ച ജോലികൾ ചെയ്യുക.,शेतातील काम: खूप उष्णता वाढत आहे. स्वतःला आणि तुमच्या झाडांना निरोगी ठेवण्यासाठी थंड असतानाच तुमचे जड काम करा.,ખેતરમાં કામ: ખૂબ ગરમી પડી રહી છે. ઠંડી હોય ત્યારે ભારે કામ કરો જેથી તમારી જાતને અને તમારા છોડને સ્વસ્થ રાખી શકાય.,মাঠের কাজ: খুব গরম পড়ছে। নিজেকে এবং আপনার গাছপালা সুস্থ রাখতে ঠান্ডা থাকতেই ভারী কাজ করুন।,ਖੇਤ ਦਾ ਕੰਮ: ਬਹੁਤ ਗਰਮੀ ਪੈ ਰਹੀ ਹੈ। ਆਪਣੇ ਆਪ ਨੂੰ ਅਤੇ ਆਪਣੇ ਪੌਦਿਆਂ ਨੂੰ ਸਿਹਤਮੰਦ ਰੱਖਣ ਲਈ ਠੰਡਾ ਹੋਣ ਤੱਕ ਆਪਣਾ ਭਾਰੀ ਕੰਮ ਕਰੋ।,فیلڈ ورک: یہ بہت گرم ہو رہا ہے۔ اپنے آپ کو اور اپنے پودوں کو صحت مند رکھنے کے لیے ٹھنڈا ہونے کے دوران اپنا بھاری کام کریں۔,खेतबारीको काम: धेरै गर्मी भइरहेको छ। आफू र आफ्ना बिरुवाहरूलाई स्वस्थ राख्न चिसो हुँदा नै आफ्नो भारी काम गर्नुहोस्।,କ୍ଷେତ କାମ: ବହୁତ ଗରମ ହେଉଛି। ନିଜକୁ ଏବଂ ଆପଣଙ୍କ ଗଛଗୁଡ଼ିକୁ ସୁସ୍ଥ ରଖିବା ପାଇଁ ଥଣ୍ଡା ଥିବା ସମୟରେ ଆପଣଙ୍କର କଠିନ କାମ କରନ୍ତୁ।,,tractor
Moderate,Balanced,Breezy,Dry,irrigation,STABLE,15,Irrigation Safe,WATERING: The ground is dry. Best to water in the early morning so the plants stay strong during the heat.,"ನೀರುಹಾಕುವುದು: ನೆಲ ಒಣಗಿದೆ. ಬೆಳಿಗ್ಗೆ ಬೇಗನೆ ನೀರು ಹಾಕುವುದು ಉತ್ತಮ, ಇದರಿಂದ ಸಸ್ಯಗಳು ಶಾಖದ ಸಮಯದಲ್ಲಿ ಬಲವಾಗಿರುತ್ತವೆ.",पानी देना: मिट्टी सूखी है। पौधों को गर्मी के दौरान स्वस्थ रखने के लिए सुबह जल्दी पानी देना सबसे अच्छा है।,"நீர்ப்பாசனம்: நிலம் வறண்டு உள்ளது. அதிகாலையில் தண்ணீர் பாய்ச்சுவது நல்லது, இதனால் வெப்பத்தின் போது தாவரங்கள் வலுவாக இருக்கும்.","నీరు త్రాగుట: నేల పొడిగా ఉంటుంది. ఉదయాన్నే నీరు పోయడం మంచిది, తద్వారా వేడి సమయంలో మొక్కలు బలంగా ఉంటాయి.","നനവ്: നിലം വരണ്ടതാണ്. അതിരാവിലെ നനയ്ക്കുന്നതാണ് നല്ലത്, അങ്ങനെ ചൂടിൽ ചെടികൾ ശക്തമായി നിലനിൽക്കും.",पाणी देणे: जमीन कोरडी आहे. सकाळी लवकर पाणी देणे चांगले जेणेकरून उष्णतेमध्ये झाडे मजबूत राहतील.,પાણી આપવું: જમીન સૂકી છે. ગરમી દરમિયાન છોડ મજબૂત રહે તે માટે વહેલી સવારે પાણી આપવું શ્રેષ્ઠ છે.,"জল দেওয়া: মাটি শুষ্ক। খুব ভোরে জল দেওয়া ভালো, যাতে গরমের সময় গাছপালা শক্তিশালী থাকে।",ਪਾਣੀ ਦੇਣਾ: ਜ਼ਮੀਨ ਸੁੱਕੀ ਹੈ। ਸਵੇਰੇ ਜਲਦੀ ਪਾਣੀ ਦੇਣਾ ਸਭ ਤੋਂ ਵਧੀਆ ਹੈ ਤਾਂ ਜੋ ਪੌਦੇ ਗਰਮੀ ਦੌਰਾਨ ਮਜ਼ਬੂਤ ​​ਰਹਿਣ।,پانی دینا: زمین خشک ہے۔ صبح سویرے پانی دینا بہتر ہے تاکہ گرمی کے دوران پودے مضبوط رہیں۔,पानी हाल्ने: जमिन सुख्खा छ। बिहान सबेरै पानी हाल्नु राम्रो हुन्छ ताकि गर्मीको समयमा बिरुवाहरू बलियो रहून्।,ପାଣି ଦେବା: ଜମି ଶୁଖିଲା ଅଛି। ଗରମ ସମୟରେ ଗଛଗୁଡ଼ିକ ଶକ୍ତିଶାଳୀ ରହିବା ପାଇଁ ସକାଳୁ ପାଣି ଦେବା ଭଲ।,,droplet
Moderate,Balanced,Breezy,Dry,spraying,STABLE,15,Good Spraying Conditions,SPRAYING: The air is calm right now. Spray your crops now before the wind picks up and wastes your medicine.,ಸಿಂಪಡಣೆ: ಗಾಳಿ ಈಗ ಶಾಂತವಾಗಿದೆ. ಗಾಳಿ ಬೀಸಿ ನಿಮ್ಮ ಔಷಧ ವ್ಯರ್ಥವಾಗುವ ಮೊದಲು ನಿಮ್ಮ ಬೆಳೆಗಳಿಗೆ ಈಗಲೇ ಸಿಂಪಡಿಸಿ.,छिड़काव: इस समय हवा शांत है। हवा चलने और दवा बर्बाद होने से पहले अपनी फसलों पर छिड़काव करें।,தெளித்தல்: காற்று இப்போது அமைதியாக இருக்கிறது. காற்று வீசி உங்கள் மருந்தை வீணாக்கும் முன் உங்கள் பயிர்களுக்கு இப்போதே தெளிக்கவும்.,స్ప్రేయింగ్: ప్రస్తుతం గాలి ప్రశాంతంగా ఉంది. గాలి వీచి మీ ఔషధం వృధా అయ్యేలోపు మీ పంటలపై ఇప్పుడే పిచికారీ చేయండి.,സ്പ്രേയിംഗ്: ഇപ്പോൾ വായു ശാന്തമാണ്. കാറ്റ് വീശി നിങ്ങളുടെ മരുന്നുകൾ പാഴാക്കുന്നതിനുമുമ്പ് നിങ്ങളുടെ വിളകൾക്ക് ഇപ്പോൾ തന്നെ തളിക്കുക.,फवारणी: सध्या हवा शांत आहे. वारा येऊन तुमचे औषध वाया जाण्यापूर्वी आत्ताच तुमच्या पिकांवर फवारणी करा.,છંટકાવ: અત્યારે હવા શાંત છે. પવન ફૂંકાય અને તમારી દવા બગાડે તે પહેલાં હમણાં જ તમારા પાક પર છંટકાવ કરો.,স্প্রে করা: বাতাস এখন শান্ত। বাতাস বইতে শুরু করে এবং আপনার ওষুধ নষ্ট করার আগে এখনই আপনার ফসলে স্প্রে করুন।,ਛਿੜਕਾਅ: ਇਸ ਵੇਲੇ ਹਵਾ ਸ਼ਾਂਤ ਹੈ। ਹਵਾ ਚੱਲਣ ਅਤੇ ਤੁਹਾਡੀ ਦਵਾਈ ਬਰਬਾਦ ਹੋਣ ਤੋਂ ਪਹਿਲਾਂ ਆਪਣੀਆਂ ਫਸਲਾਂ 'ਤੇ ਹੁਣੇ ਛਿੜਕਾਅ ਕਰੋ।,چھڑکاؤ: اس وقت ہوا پرسکون ہے۔ اپنی فصلوں پر چھڑکاؤ اس سے پہلے کہ ہوا تیز ہو جائے اور آپ کی دوائی ضائع ہو جائے۔,छर्कने: अहिले हावा शान्त छ। हावा चल्नु र तपाईंको औषधि खेर जानु अघि नै आफ्नो बालीनालीमा छर्कनुहोस्।,ସିଞ୍ଚନ: ବର୍ତ୍ତମାନ ବାୟୁ ଶାନ୍ତ ଅଛି। ପବନ ବହିବା ଏବଂ ଔଷଧ ନଷ୍ଟ କରିବା ପୂର୍ବରୁ ଏବେ ଆପଣଙ୍କ ଫସଲରେ ସିଞ୍ଚନ କରନ୍ତୁ।,,spray
Moderate,Balanced,Breezy,Dry,fungal_risk,STABLE,15,Low Fungal Risk,DISEASE ALERT: It is very damp and warm. Check your leaves for rot and use protection to save your harvest.,ರೋಗ ಎಚ್ಚರಿಕೆ: ಇದು ತುಂಬಾ ತೇವ ಮತ್ತು ಬೆಚ್ಚಗಿರುತ್ತದೆ. ನಿಮ್ಮ ಎಲೆಗಳನ್ನು ಕೊಳೆತಕ್ಕಾಗಿ ಪರಿಶೀಲಿಸಿ ಮತ್ತು ನಿಮ್ಮ ಬೆಳೆಯನ್ನು ಉಳಿಸಲು ರಕ್ಷಣೆಯನ್ನು ಬಳಸಿ.,रोग चेतावनी: मौसम बहुत नम और गर्म है। पत्तियों में सड़न की जांच करें और अपनी फसल को बचाने के लिए सुरक्षात्मक उपाय करें।,"நோய் எச்சரிக்கை: இது மிகவும் ஈரப்பதமாகவும் சூடாகவும் இருக்கும். உங்கள் இலைகளில் அழுகல் இருக்கிறதா என்று சரிபார்த்து, உங்கள் அறுவடையை சேமிக்க பாதுகாப்பைப் பயன்படுத்துங்கள்.",వ్యాధి హెచ్చరిక: ఇది చాలా తడిగా మరియు వెచ్చగా ఉంటుంది. మీ ఆకులు తెగులు కోసం తనిఖీ చేయండి మరియు మీ పంటను కాపాడటానికి రక్షణను ఉపయోగించండి.,രോഗ മുന്നറിയിപ്പ്: ഇത് വളരെ ഈർപ്പമുള്ളതും ചൂടുള്ളതുമാണ്. നിങ്ങളുടെ ഇലകൾ അഴുകുന്നുണ്ടോ എന്ന് പരിശോധിച്ച് നിങ്ങളുടെ വിള സംരക്ഷിക്കാൻ സംരക്ഷണം ഉപയോഗിക്കുക.,रोगाचा इशारा: हे खूप ओलसर आणि उबदार आहे. तुमची पाने कुजली आहेत का ते तपासा आणि तुमचे पीक वाचवण्यासाठी संरक्षण वापरा.,રોગની ચેતવણી: તે ખૂબ જ ભેજવાળી અને ગરમ છે. તમારા પાંદડા સડી ગયા છે કે નહીં તે તપાસો અને તમારા પાકને બચાવવા માટે રક્ષણનો ઉપયોગ કરો.,রোগের সতর্কতা: এটি খুব স্যাঁতসেঁতে এবং উষ্ণ। আপনার পাতা পচে গেছে কিনা তা পরীক্ষা করুন এবং আপনার ফসল বাঁচাতে সুরক্ষা ব্যবস্থা ব্যবহার করুন।,ਬਿਮਾਰੀ ਦੀ ਚੇਤਾਵਨੀ: ਇਹ ਬਹੁਤ ਗਿੱਲਾ ਅਤੇ ਗਰਮ ਹੈ। ਆਪਣੇ ਪੱਤਿਆਂ ਦੀ ਸੜਨ ਦੀ ਜਾਂਚ ਕਰੋ ਅਤੇ ਆਪਣੀ ਫ਼ਸਲ ਨੂੰ ਬਚਾਉਣ ਲਈ ਸੁਰੱਖਿਆ ਦੀ ਵਰਤੋਂ ਕਰੋ।,بیماری کا انتباہ: یہ بہت نم اور گرم ہے۔ اپنے پتوں کو سڑنے کے لیے چیک کریں اور اپنی فصل کو بچانے کے لیے تحفظ کا استعمال کریں۔,रोगको चेतावनी: यो धेरै ओसिलो र न्यानो छ। आफ्नो पातहरू कुहिन जाँच गर्नुहोस् र आफ्नो बाली बचाउन सुरक्षा प्रयोग गर्नुहोस्।,ରୋଗ ସତର୍କତା: ଏହା ବହୁତ ଓଦା ଏବଂ ଉଷ୍ମ। ଆପଣଙ୍କ ପତ୍ର ପଚିଛି କି ନାହିଁ ଯାଞ୍ଚ କରନ୍ତୁ ଏବଂ ଆପଣଙ୍କ ଫସଲକୁ ବଞ୍ଚାଇବା ପାଇଁ ସୁରକ୍ଷା ବ୍ୟବହାର କରନ୍ତୁ।,,shield
Moderate,Balanced,Breezy,Dry,field_work,STABLE,15,Good Field Work Day,FIELD WORK: It is getting very hot. Do your heavy work while it is still cool to keep yourself and your plants healthy.,ಕ್ಷೇತ್ರದ ಕೆಲಸ: ತುಂಬಾ ಬಿಸಿಯಾಗುತ್ತಿದೆ. ನಿಮ್ಮನ್ನು ಮತ್ತು ನಿಮ್ಮ ಸಸ್ಯಗಳನ್ನು ಆರೋಗ್ಯವಾಗಿಡಲು ತಂಪಾಗಿರುವಾಗಲೇ ನಿಮ್ಮ ಭಾರವಾದ ಕೆಲಸವನ್ನು ಮಾಡಿ.,"खेत का काम: बहुत गर्मी पड़ रही है। अपना भारी काम तब करें जब मौसम ठंडा हो, ताकि आप और आपके पौधे स्वस्थ रहें।","களப்பணி: மிகவும் சூடாகி வருகிறது. உங்களையும் உங்கள் தாவரங்களையும் ஆரோக்கியமாக வைத்திருக்க, குளிர்ச்சியாக இருக்கும்போதே உங்கள் கனமான வேலையைச் செய்யுங்கள்.",ఫీల్డ్ వర్క్: చాలా వేడిగా ఉంది. మిమ్మల్ని మరియు మీ మొక్కలను ఆరోగ్యంగా ఉంచుకోవడానికి చల్లగా ఉన్నప్పుడే మీ భారీ పని చేయండి.,വയലിലെ ജോലി: ചൂട് കൂടിവരികയാണ്. നിങ്ങളെയും നിങ്ങളുടെ ചെടികളെയും ആരോഗ്യത്തോടെ നിലനിർത്താൻ തണുപ്പുള്ളപ്പോൾ തന്നെ ഭാരിച്ച ജോലികൾ ചെയ്യുക.,शेतातील काम: खूप उष्णता वाढत आहे. स्वतःला आणि तुमच्या झाडांना निरोगी ठेवण्यासाठी थंड असतानाच तुमचे जड काम करा.,ખેતરમાં કામ: ખૂબ ગરમી પડી રહી છે. ઠંડી હોય ત્યારે ભારે કામ કરો જેથી તમારી જાતને અને તમારા છોડને સ્વસ્થ રાખી શકાય.,মাঠের কাজ: খুব গরম পড়ছে। নিজেকে এবং আপনার গাছপালা সুস্থ রাখতে ঠান্ডা থাকতেই ভারী কাজ করুন।,ਖੇਤ ਦਾ ਕੰਮ: ਬਹੁਤ ਗਰਮੀ ਪੈ ਰਹੀ ਹੈ। ਆਪਣੇ ਆਪ ਨੂੰ ਅਤੇ ਆਪਣੇ ਪੌਦਿਆਂ ਨੂੰ ਸਿਹਤਮੰਦ ਰੱਖਣ ਲਈ ਠੰਡਾ ਹੋਣ ਤੱਕ ਆਪਣਾ ਭਾਰੀ ਕੰਮ ਕਰੋ।,فیلڈ ورک: یہ بہت گرم ہو رہا ہے۔ اپنے آپ کو اور اپنے پودوں کو صحت مند رکھنے کے لیے ٹھنڈا ہونے کے دوران اپنا بھاری کام کریں۔,खेतबारीको काम: धेरै गर्मी भइरहेको छ। आफू र आफ्ना बिरुवाहरूलाई स्वस्थ राख्न चिसो हुँदा नै आफ्नो भारी काम गर्नुहोस्।,କ୍ଷେତ କାମ: ବହୁତ ଗରମ ହେଉଛି। ନିଜକୁ ଏବଂ ଆପଣଙ୍କ ଗଛଗୁଡ଼ିକୁ ସୁସ୍ଥ ରଖିବା ପାଇଁ ଥଣ୍ଡା ଥିବା ସମୟରେ ଆପଣଙ୍କର କଠିନ କାମ କରନ୍ତୁ।,,tractor
Moderate,Balanced,Breezy,Light Rain,irrigation,STABLE,15,Irrigation Safe,WATERING: The ground is dry. Best to water in the early morning so the plants stay strong during the heat.,"ನೀರುಹಾಕುವುದು: ನೆಲ ಒಣಗಿದೆ. ಬೆಳಿಗ್ಗೆ ಬೇಗನೆ ನೀರು ಹಾಕುವುದು ಉತ್ತಮ, ಇದರಿಂದ ಸಸ್ಯಗಳು ಶಾಖದ ಸಮಯದಲ್ಲಿ ಬಲವಾಗಿರುತ್ತವೆ.",पानी देना: मिट्टी सूखी है। पौधों को गर्मी के दौरान स्वस्थ रखने के लिए सुबह जल्दी पानी देना सबसे अच्छा है।,"நீர்ப்பாசனம்: நிலம் வறண்டு உள்ளது. அதிகாலையில் தண்ணீர் பாய்ச்சுவது நல்லது, இதனால் வெப்பத்தின் போது தாவரங்கள் வலுவாக இருக்கும்.","నీరు త్రాగుట: నేల పొడిగా ఉంటుంది. ఉదయాన్నే నీరు పోయడం మంచిది, తద్వారా వేడి సమయంలో మొక్కలు బలంగా ఉంటాయి.","നനവ്: നിലം വരണ്ടതാണ്. അതിരാവിലെ നനയ്ക്കുന്നതാണ് നല്ലത്, അങ്ങനെ ചൂടിൽ ചെടികൾ ശക്തമായി നിലനിൽക്കും.",पाणी देणे: जमीन कोरडी आहे. सकाळी लवकर पाणी देणे चांगले जेणेकरून उष्णतेमध्ये झाडे मजबूत राहतील.,પાણી આપવું: જમીન સૂકી છે. ગરમી દરમિયાન છોડ મજબૂત રહે તે માટે વહેલી સવારે પાણી આપવું શ્રેષ્ઠ છે.,"জল দেওয়া: মাটি শুষ্ক। খুব ভোরে জল দেওয়া ভালো, যাতে গরমের সময় গাছপালা শক্তিশালী থাকে।",ਪਾਣੀ ਦੇਣਾ: ਜ਼ਮੀਨ ਸੁੱਕੀ ਹੈ। ਸਵੇਰੇ ਜਲਦੀ ਪਾਣੀ ਦੇਣਾ ਸਭ ਤੋਂ ਵਧੀਆ ਹੈ ਤਾਂ ਜੋ ਪੌਦੇ ਗਰਮੀ ਦੌਰਾਨ ਮਜ਼ਬੂਤ ​​ਰਹਿਣ।,پانی دینا: زمین خشک ہے۔ صبح سویرے پانی دینا بہتر ہے تاکہ گرمی کے دوران پودے مضبوط رہیں۔,पानी हाल्ने: जमिन सुख्खा छ। बिहान सबेरै पानी हाल्नु राम्रो हुन्छ ताकि गर्मीको समयमा बिरुवाहरू बलियो रहून्।,ପାଣି ଦେବା: ଜମି ଶୁଖିଲା ଅଛି। ଗରମ ସମୟରେ ଗଛଗୁଡ଼ିକ ଶକ୍ତିଶାଳୀ ରହିବା ପାଇଁ ସକାଳୁ ପାଣି ଦେବା ଭଲ।,,droplet
Moderate,Balanced,Breezy,Light Rain,spraying,STABLE,15,Good Spraying Conditions,SPRAYING: The air is calm right now. Spray your crops now before the wind picks up and wastes your medicine.,ಸಿಂಪಡಣೆ: ಗಾಳಿ ಈಗ ಶಾಂತವಾಗಿದೆ. ಗಾಳಿ ಬೀಸಿ ನಿಮ್ಮ ಔಷಧ ವ್ಯರ್ಥವಾಗುವ ಮೊದಲು ನಿಮ್ಮ ಬೆಳೆಗಳಿಗೆ ಈಗಲೇ ಸಿಂಪಡಿಸಿ.,छिड़काव: इस समय हवा शांत है। हवा चलने और दवा बर्बाद होने से पहले अपनी फसलों पर छिड़काव करें।,தெளித்தல்: காற்று இப்போது அமைதியாக இருக்கிறது. காற்று வீசி உங்கள் மருந்தை வீணாக்கும் முன் உங்கள் பயிர்களுக்கு இப்போதே தெளிக்கவும்.,స్ప్రేయింగ్: ప్రస్తుతం గాలి ప్రశాంతంగా ఉంది. గాలి వీచి మీ ఔషధం వృధా అయ్యేలోపు మీ పంటలపై ఇప్పుడే పిచికారీ చేయండి.,സ്പ്രേയിംഗ്: ഇപ്പോൾ വായു ശാന്തമാണ്. കാറ്റ് വീശി നിങ്ങളുടെ മരുന്നുകൾ പാഴാക്കുന്നതിനുമുമ്പ് നിങ്ങളുടെ വിളകൾക്ക് ഇപ്പോൾ തന്നെ തളിക്കുക.,फवारणी: सध्या हवा शांत आहे. वारा येऊन तुमचे औषध वाया जाण्यापूर्वी आत्ताच तुमच्या पिकांवर फवारणी करा.,છંટકાવ: અત્યારે હવા શાંત છે. પવન ફૂંકાય અને તમારી દવા બગાડે તે પહેલાં હમણાં જ તમારા પાક પર છંટકાવ કરો.,স্প্রে করা: বাতাস এখন শান্ত। বাতাস বইতে শুরু করে এবং আপনার ওষুধ নষ্ট করার আগে এখনই আপনার ফসলে স্প্রে করুন।,ਛਿੜਕਾਅ: ਇਸ ਵੇਲੇ ਹਵਾ ਸ਼ਾਂਤ ਹੈ। ਹਵਾ ਚੱਲਣ ਅਤੇ ਤੁਹਾਡੀ ਦਵਾਈ ਬਰਬਾਦ ਹੋਣ ਤੋਂ ਪਹਿਲਾਂ ਆਪਣੀਆਂ ਫਸਲਾਂ 'ਤੇ ਹੁਣੇ ਛਿੜਕਾਅ ਕਰੋ।,چھڑکاؤ: اس وقت ہوا پرسکون ہے۔ اپنی فصلوں پر چھڑکاؤ اس سے پہلے کہ ہوا تیز ہو جائے اور آپ کی دوائی ضائع ہو جائے۔,छर्कने: अहिले हावा शान्त छ। हावा चल्नु र तपाईंको औषधि खेर जानु अघि नै आफ्नो बालीनालीमा छर्कनुहोस्।,ସିଞ୍ଚନ: ବର୍ତ୍ତମାନ ବାୟୁ ଶାନ୍ତ ଅଛି। ପବନ ବହିବା ଏବଂ ଔଷଧ ନଷ୍ଟ କରିବା ପୂର୍ବରୁ ଏବେ ଆପଣଙ୍କ ଫସଲରେ ସିଞ୍ଚନ କରନ୍ତୁ।,,spray
Moderate,Balanced,Breezy,Light Rain,fungal_risk,STABLE,15,Low Fungal Risk,DISEASE ALERT: It is very damp and warm. Check your leaves for rot and use protection to save your harvest.,ರೋಗ ಎಚ್ಚರಿಕೆ: ಇದು ತುಂಬಾ ತೇವ ಮತ್ತು ಬೆಚ್ಚಗಿರುತ್ತದೆ. ನಿಮ್ಮ ಎಲೆಗಳನ್ನು ಕೊಳೆತಕ್ಕಾಗಿ ಪರಿಶೀಲಿಸಿ ಮತ್ತು ನಿಮ್ಮ ಬೆಳೆಯನ್ನು ಉಳಿಸಲು ರಕ್ಷಣೆಯನ್ನು ಬಳಸಿ.,रोग चेतावनी: मौसम बहुत नम और गर्म है। पत्तियों में सड़न की जांच करें और अपनी फसल को बचाने के लिए सुरक्षात्मक उपाय करें।,"நோய் எச்சரிக்கை: இது மிகவும் ஈரப்பதமாகவும் சூடாகவும் இருக்கும். உங்கள் இலைகளில் அழுகல் இருக்கிறதா என்று சரிபார்த்து, உங்கள் அறுவடையை சேமிக்க பாதுகாப்பைப் பயன்படுத்துங்கள்.",వ్యాధి హెచ్చరిక: ఇది చాలా తడిగా మరియు వెచ్చగా ఉంటుంది. మీ ఆకులు తెగులు కోసం తనిఖీ చేయండి మరియు మీ పంటను కాపాడటానికి రక్షణను ఉపయోగించండి.,രോഗ മുന്നറിയിപ്പ്: ഇത് വളരെ ഈർപ്പമുള്ളതും ചൂടുള്ളതുമാണ്. നിങ്ങളുടെ ഇലകൾ അഴുകുന്നുണ്ടോ എന്ന് പരിശോധിച്ച് നിങ്ങളുടെ വിള സംരക്ഷിക്കാൻ സംരക്ഷണം ഉപയോഗിക്കുക.,रोगाचा इशारा: हे खूप ओलसर आणि उबदार आहे. तुमची पाने कुजली आहेत का ते तपासा आणि तुमचे पीक वाचवण्यासाठी संरक्षण वापरा.,રોગની ચેતવણી: તે ખૂબ જ ભેજવાળી અને ગરમ છે. તમારા પાંદડા સડી ગયા છે કે નહીં તે તપાસો અને તમારા પાકને બચાવવા માટે રક્ષણનો ઉપયોગ કરો.,রোগের সতর্কতা: এটি খুব স্যাঁতসেঁতে এবং উষ্ণ। আপনার পাতা পচে গেছে কিনা তা পরীক্ষা করুন এবং আপনার ফসল বাঁচাতে সুরক্ষা ব্যবস্থা ব্যবহার করুন।,ਬਿਮਾਰੀ ਦੀ ਚੇਤਾਵਨੀ: ਇਹ ਬਹੁਤ ਗਿੱਲਾ ਅਤੇ ਗਰਮ ਹੈ। ਆਪਣੇ ਪੱਤਿਆਂ ਦੀ ਸੜਨ ਦੀ ਜਾਂਚ ਕਰੋ ਅਤੇ ਆਪਣੀ ਫ਼ਸਲ ਨੂੰ ਬਚਾਉਣ ਲਈ ਸੁਰੱਖਿਆ ਦੀ ਵਰਤੋਂ ਕਰੋ।,بیماری کا انتباہ: یہ بہت نم اور گرم ہے۔ اپنے پتوں کو سڑنے کے لیے چیک کریں اور اپنی فصل کو بچانے کے لیے تحفظ کا استعمال کریں۔,रोगको चेतावनी: यो धेरै ओसिलो र न्यानो छ। आफ्नो पातहरू कुहिन जाँच गर्नुहोस् र आफ्नो बाली बचाउन सुरक्षा प्रयोग गर्नुहोस्।,ରୋଗ ସତର୍କତା: ଏହା ବହୁତ ଓଦା ଏବଂ ଉଷ୍ମ। ଆପଣଙ୍କ ପତ୍ର ପଚିଛି କି ନାହିଁ ଯାଞ୍ଚ କରନ୍ତୁ ଏବଂ ଆପଣଙ୍କ ଫସଲକୁ ବଞ୍ଚାଇବା ପାଇଁ ସୁରକ୍ଷା ବ୍ୟବହାର କରନ୍ତୁ।,,shield
Moderate,Balanced,Breezy,Light Rain,field_work,STABLE,15,Good Field Work Day,FIELD WORK: It is getting very hot. Do your heavy work while it is still cool to keep yourself and your plants healthy.,ಕ್ಷೇತ್ರದ ಕೆಲಸ: ತುಂಬಾ ಬಿಸಿಯಾಗುತ್ತಿದೆ. ನಿಮ್ಮನ್ನು ಮತ್ತು ನಿಮ್ಮ ಸಸ್ಯಗಳನ್ನು ಆರೋಗ್ಯವಾಗಿಡಲು ತಂಪಾಗಿರುವಾಗಲೇ ನಿಮ್ಮ ಭಾರವಾದ ಕೆಲಸವನ್ನು ಮಾಡಿ.,"खेत का काम: बहुत गर्मी पड़ रही है। अपना भारी काम तब करें जब मौसम ठंडा हो, ताकि आप और आपके पौधे स्वस्थ रहें।","களப்பணி: மிகவும் சூடாகி வருகிறது. உங்களையும் உங்கள் தாவரங்களையும் ஆரோக்கியமாக வைத்திருக்க, குளிர்ச்சியாக இருக்கும்போதே உங்கள் கனமான வேலையைச் செய்யுங்கள்.",ఫీల్డ్ వర్క్: చాలా వేడిగా ఉంది. మిమ్మల్ని మరియు మీ మొక్కలను ఆరోగ్యంగా ఉంచుకోవడానికి చల్లగా ఉన్నప్పుడే మీ భారీ పని చేయండి.,വയലിലെ ജോലി: ചൂട് കൂടിവരികയാണ്. നിങ്ങളെയും നിങ്ങളുടെ ചെടികളെയും ആരോഗ്യത്തോടെ നിലനിർത്താൻ തണുപ്പുള്ളപ്പോൾ തന്നെ ഭാരിച്ച ജോലികൾ ചെയ്യുക.,शेतातील काम: खूप उष्णता वाढत आहे. स्वतःला आणि तुमच्या झाडांना निरोगी ठेवण्यासाठी थंड असतानाच तुमचे जड काम करा.,ખેતરમાં કામ: ખૂબ ગરમી પડી રહી છે. ઠંડી હોય ત્યારે ભારે કામ કરો જેથી તમારી જાતને અને તમારા છોડને સ્વસ્થ રાખી શકાય.,মাঠের কাজ: খুব গরম পড়ছে। নিজেকে এবং আপনার গাছপালা সুস্থ রাখতে ঠান্ডা থাকতেই ভারী কাজ করুন।,ਖੇਤ ਦਾ ਕੰਮ: ਬਹੁਤ ਗਰਮੀ ਪੈ ਰਹੀ ਹੈ। ਆਪਣੇ ਆਪ ਨੂੰ ਅਤੇ ਆਪਣੇ ਪੌਦਿਆਂ ਨੂੰ ਸਿਹਤਮੰਦ ਰੱਖਣ ਲਈ ਠੰਡਾ ਹੋਣ ਤੱਕ ਆਪਣਾ ਭਾਰੀ ਕੰਮ ਕਰੋ।,فیلڈ ورک: یہ بہت گرم ہو رہا ہے۔ اپنے آپ کو اور اپنے پودوں کو صحت مند رکھنے کے لیے ٹھنڈا ہونے کے دوران اپنا بھاری کام کریں۔,खेतबारीको काम: धेरै गर्मी भइरहेको छ। आफू र आफ्ना बिरुवाहरूलाई स्वस्थ राख्न चिसो हुँदा नै आफ्नो भारी काम गर्नुहोस्।,କ୍ଷେତ କାମ: ବହୁତ ଗରମ ହେଉଛି। ନିଜକୁ ଏବଂ ଆପଣଙ୍କ ଗଛଗୁଡ଼ିକୁ ସୁସ୍ଥ ରଖିବା ପାଇଁ ଥଣ୍ଡା ଥିବା ସମୟରେ ଆପଣଙ୍କର କଠିନ କାମ କରନ୍ତୁ।,,tractor
Moderate,Balanced,Breezy,Heavy Rain,irrigation,STABLE,15,Irrigation Safe,WATERING: The ground is dry. Best to water in the early morning so the plants stay strong during the heat.,"ನೀರುಹಾಕುವುದು: ನೆಲ ಒಣಗಿದೆ. ಬೆಳಿಗ್ಗೆ ಬೇಗನೆ ನೀರು ಹಾಕುವುದು ಉತ್ತಮ, ಇದರಿಂದ ಸಸ್ಯಗಳು ಶಾಖದ ಸಮಯದಲ್ಲಿ ಬಲವಾಗಿರುತ್ತವೆ.",पानी देना: मिट्टी सूखी है। पौधों को गर्मी के दौरान स्वस्थ रखने के लिए सुबह जल्दी पानी देना सबसे अच्छा है।,"நீர்ப்பாசனம்: நிலம் வறண்டு உள்ளது. அதிகாலையில் தண்ணீர் பாய்ச்சுவது நல்லது, இதனால் வெப்பத்தின் போது தாவரங்கள் வலுவாக இருக்கும்.","నీరు త్రాగుట: నేల పొడిగా ఉంటుంది. ఉదయాన్నే నీరు పోయడం మంచిది, తద్వారా వేడి సమయంలో మొక్కలు బలంగా ఉంటాయి.","നനവ്: നിലം വരണ്ടതാണ്. അതിരാവിലെ നനയ്ക്കുന്നതാണ് നല്ലത്, അങ്ങനെ ചൂടിൽ ചെടികൾ ശക്തമായി നിലനിൽക്കും.",पाणी देणे: जमीन कोरडी आहे. सकाळी लवकर पाणी देणे चांगले जेणेकरून उष्णतेमध्ये झाडे मजबूत राहतील.,પાણી આપવું: જમીન સૂકી છે. ગરમી દરમિયાન છોડ મજબૂત રહે તે માટે વહેલી સવારે પાણી આપવું શ્રેષ્ઠ છે.,"জল দেওয়া: মাটি শুষ্ক। খুব ভোরে জল দেওয়া ভালো, যাতে গরমের সময় গাছপালা শক্তিশালী থাকে।",ਪਾਣੀ ਦੇਣਾ: ਜ਼ਮੀਨ ਸੁੱਕੀ ਹੈ। ਸਵੇਰੇ ਜਲਦੀ ਪਾਣੀ ਦੇਣਾ ਸਭ ਤੋਂ ਵਧੀਆ ਹੈ ਤਾਂ ਜੋ ਪੌਦੇ ਗਰਮੀ ਦੌਰਾਨ ਮਜ਼ਬੂਤ ​​ਰਹਿਣ।,پانی دینا: زمین خشک ہے۔ صبح سویرے پانی دینا بہتر ہے تاکہ گرمی کے دوران پودے مضبوط رہیں۔,पानी हाल्ने: जमिन सुख्खा छ। बिहान सबेरै पानी हाल्नु राम्रो हुन्छ ताकि गर्मीको समयमा बिरुवाहरू बलियो रहून्।,ପାଣି ଦେବା: ଜମି ଶୁଖିଲା ଅଛି। ଗରମ ସମୟରେ ଗଛଗୁଡ଼ିକ ଶକ୍ତିଶାଳୀ ରହିବା ପାଇଁ ସକାଳୁ ପାଣି ଦେବା ଭଲ।,,droplet
Moderate,Balanced,Breezy,Heavy Rain,spraying,STABLE,15,Good Spraying Conditions,SPRAYING: The air is calm right now. Spray your crops now before the wind picks up and wastes your medicine.,ಸಿಂಪಡಣೆ: ಗಾಳಿ ಈಗ ಶಾಂತವಾಗಿದೆ. ಗಾಳಿ ಬೀಸಿ ನಿಮ್ಮ ಔಷಧ ವ್ಯರ್ಥವಾಗುವ ಮೊದಲು ನಿಮ್ಮ ಬೆಳೆಗಳಿಗೆ ಈಗಲೇ ಸಿಂಪಡಿಸಿ.,छिड़काव: इस समय हवा शांत है। हवा चलने और दवा बर्बाद होने से पहले अपनी फसलों पर छिड़काव करें।,தெளித்தல்: காற்று இப்போது அமைதியாக இருக்கிறது. காற்று வீசி உங்கள் மருந்தை வீணாக்கும் முன் உங்கள் பயிர்களுக்கு இப்போதே தெளிக்கவும்.,స్ప్రేయింగ్: ప్రస్తుతం గాలి ప్రశాంతంగా ఉంది. గాలి వీచి మీ ఔషధం వృధా అయ్యేలోపు మీ పంటలపై ఇప్పుడే పిచికారీ చేయండి.,സ്പ്രേയിംഗ്: ഇപ്പോൾ വായു ശാന്തമാണ്. കാറ്റ് വീശി നിങ്ങളുടെ മരുന്നുകൾ പാഴാക്കുന്നതിനുമുമ്പ് നിങ്ങളുടെ വിളകൾക്ക് ഇപ്പോൾ തന്നെ തളിക്കുക.,फवारणी: सध्या हवा शांत आहे. वारा येऊन तुमचे औषध वाया जाण्यापूर्वी आत्ताच तुमच्या पिकांवर फवारणी करा.,છંટકાવ: અત્યારે હવા શાંત છે. પવન ફૂંકાય અને તમારી દવા બગાડે તે પહેલાં હમણાં જ તમારા પાક પર છંટકાવ કરો.,স্প্রে করা: বাতাস এখন শান্ত। বাতাস বইতে শুরু করে এবং আপনার ওষুধ নষ্ট করার আগে এখনই আপনার ফসলে স্প্রে করুন।,ਛਿੜਕਾਅ: ਇਸ ਵੇਲੇ ਹਵਾ ਸ਼ਾਂਤ ਹੈ। ਹਵਾ ਚੱਲਣ ਅਤੇ ਤੁਹਾਡੀ ਦਵਾਈ ਬਰਬਾਦ ਹੋਣ ਤੋਂ ਪਹਿਲਾਂ ਆਪਣੀਆਂ ਫਸਲਾਂ 'ਤੇ ਹੁਣੇ ਛਿੜਕਾਅ ਕਰੋ।,چھڑکاؤ: اس وقت ہوا پرسکون ہے۔ اپنی فصلوں پر چھڑکاؤ اس سے پہلے کہ ہوا تیز ہو جائے اور آپ کی دوائی ضائع ہو جائے۔,छर्कने: अहिले हावा शान्त छ। हावा चल्नु र तपाईंको औषधि खेर जानु अघि नै आफ्नो बालीनालीमा छर्कनुहोस्।,ସିଞ୍ଚନ: ବର୍ତ୍ତମାନ ବାୟୁ ଶାନ୍ତ ଅଛି। ପବନ ବହିବା ଏବଂ ଔଷଧ ନଷ୍ଟ କରିବା ପୂର୍ବରୁ ଏବେ ଆପଣଙ୍କ ଫସଲରେ ସିଞ୍ଚନ କରନ୍ତୁ।,,spray
Moderate,Balanced,Breezy,Heavy Rain,fungal_risk,STABLE,15,Low Fungal Risk,DISEASE ALERT: It is very damp and warm. Check your leaves for rot and use protection to save your harvest.,ರೋಗ ಎಚ್ಚರಿಕೆ: ಇದು ತುಂಬಾ ತೇವ ಮತ್ತು ಬೆಚ್ಚಗಿರುತ್ತದೆ. ನಿಮ್ಮ ಎಲೆಗಳನ್ನು ಕೊಳೆತಕ್ಕಾಗಿ ಪರಿಶೀಲಿಸಿ ಮತ್ತು ನಿಮ್ಮ ಬೆಳೆಯನ್ನು ಉಳಿಸಲು ರಕ್ಷಣೆಯನ್ನು ಬಳಸಿ.,रोग चेतावनी: मौसम बहुत नम और गर्म है। पत्तियों में सड़न की जांच करें और अपनी फसल को बचाने के लिए सुरक्षात्मक उपाय करें।,"நோய் எச்சரிக்கை: இது மிகவும் ஈரப்பதமாகவும் சூடாகவும் இருக்கும். உங்கள் இலைகளில் அழுகல் இருக்கிறதா என்று சரிபார்த்து, உங்கள் அறுவடையை சேமிக்க பாதுகாப்பைப் பயன்படுத்துங்கள்.",వ్యాధి హెచ్చరిక: ఇది చాలా తడిగా మరియు వెచ్చగా ఉంటుంది. మీ ఆకులు తెగులు కోసం తనిఖీ చేయండి మరియు మీ పంటను కాపాడటానికి రక్షణను ఉపయోగించండి.,രോഗ മുന്നറിയിപ്പ്: ഇത് വളരെ ഈർപ്പമുള്ളതും ചൂടുള്ളതുമാണ്. നിങ്ങളുടെ ഇലകൾ അഴുകുന്നുണ്ടോ എന്ന് പരിശോധിച്ച് നിങ്ങളുടെ വിള സംരക്ഷിക്കാൻ സംരക്ഷണം ഉപയോഗിക്കുക.,रोगाचा इशारा: हे खूप ओलसर आणि उबदार आहे. तुमची पाने कुजली आहेत का ते तपासा आणि तुमचे पीक वाचवण्यासाठी संरक्षण वापरा.,રોગની ચેતવણી: તે ખૂબ જ ભેજવાળી અને ગરમ છે. તમારા પાંદડા સડી ગયા છે કે નહીં તે તપાસો અને તમારા પાકને બચાવવા માટે રક્ષણનો ઉપયોગ કરો.,রোগের সতর্কতা: এটি খুব স্যাঁতসেঁতে এবং উষ্ণ। আপনার পাতা পচে গেছে কিনা তা পরীক্ষা করুন এবং আপনার ফসল বাঁচাতে সুরক্ষা ব্যবস্থা ব্যবহার করুন।,ਬਿਮਾਰੀ ਦੀ ਚੇਤਾਵਨੀ: ਇਹ ਬਹੁਤ ਗਿੱਲਾ ਅਤੇ ਗਰਮ ਹੈ। ਆਪਣੇ ਪੱਤਿਆਂ ਦੀ ਸੜਨ ਦੀ ਜਾਂਚ ਕਰੋ ਅਤੇ ਆਪਣੀ ਫ਼ਸਲ ਨੂੰ ਬਚਾਉਣ ਲਈ ਸੁਰੱਖਿਆ ਦੀ ਵਰਤੋਂ ਕਰੋ।,بیماری کا انتباہ: یہ بہت نم اور گرم ہے۔ اپنے پتوں کو سڑنے کے لیے چیک کریں اور اپنی فصل کو بچانے کے لیے تحفظ کا استعمال کریں۔,रोगको चेतावनी: यो धेरै ओसिलो र न्यानो छ। आफ्नो पातहरू कुहिन जाँच गर्नुहोस् र आफ्नो बाली बचाउन सुरक्षा प्रयोग गर्नुहोस्।,ରୋଗ ସତର୍କତା: ଏହା ବହୁତ ଓଦା ଏବଂ ଉଷ୍ମ। ଆପଣଙ୍କ ପତ୍ର ପଚିଛି କି ନାହିଁ ଯାଞ୍ଚ କରନ୍ତୁ ଏବଂ ଆପଣଙ୍କ ଫସଲକୁ ବଞ୍ଚାଇବା ପାଇଁ ସୁରକ୍ଷା ବ୍ୟବହାର କରନ୍ତୁ।,,shield
Moderate,Balanced,Breezy,Heavy Rain,field_work,STABLE,15,Good Field Work Day,FIELD WORK: It is getting very hot. Do your heavy work while it is still cool to keep yourself and your plants healthy.,ಕ್ಷೇತ್ರದ ಕೆಲಸ: ತುಂಬಾ ಬಿಸಿಯಾಗುತ್ತಿದೆ. ನಿಮ್ಮನ್ನು ಮತ್ತು ನಿಮ್ಮ ಸಸ್ಯಗಳನ್ನು ಆರೋಗ್ಯವಾಗಿಡಲು ತಂಪಾಗಿರುವಾಗಲೇ ನಿಮ್ಮ ಭಾರವಾದ ಕೆಲಸವನ್ನು ಮಾಡಿ.,"खेत का काम: बहुत गर्मी पड़ रही है। अपना भारी काम तब करें जब मौसम ठंडा हो, ताकि आप और आपके पौधे स्वस्थ रहें।","களப்பணி: மிகவும் சூடாகி வருகிறது. உங்களையும் உங்கள் தாவரங்களையும் ஆரோக்கியமாக வைத்திருக்க, குளிர்ச்சியாக இருக்கும்போதே உங்கள் கனமான வேலையைச் செய்யுங்கள்.",ఫీల్డ్ వర్క్: చాలా వేడిగా ఉంది. మిమ్మల్ని మరియు మీ మొక్కలను ఆరోగ్యంగా ఉంచుకోవడానికి చల్లగా ఉన్నప్పుడే మీ భారీ పని చేయండి.,വയലിലെ ജോലി: ചൂട് കൂടിവരികയാണ്. നിങ്ങളെയും നിങ്ങളുടെ ചെടികളെയും ആരോഗ്യത്തോടെ നിലനിർത്താൻ തണുപ്പുള്ളപ്പോൾ തന്നെ ഭാരിച്ച ജോലികൾ ചെയ്യുക.,शेतातील काम: खूप उष्णता वाढत आहे. स्वतःला आणि तुमच्या झाडांना निरोगी ठेवण्यासाठी थंड असतानाच तुमचे जड काम करा.,ખેતરમાં કામ: ખૂબ ગરમી પડી રહી છે. ઠંડી હોય ત્યારે ભારે કામ કરો જેથી તમારી જાતને અને તમારા છોડને સ્વસ્થ રાખી શકાય.,মাঠের কাজ: খুব গরম পড়ছে। নিজেকে এবং আপনার গাছপালা সুস্থ রাখতে ঠান্ডা থাকতেই ভারী কাজ করুন।,ਖੇਤ ਦਾ ਕੰਮ: ਬਹੁਤ ਗਰਮੀ ਪੈ ਰਹੀ ਹੈ। ਆਪਣੇ ਆਪ ਨੂੰ ਅਤੇ ਆਪਣੇ ਪੌਦਿਆਂ ਨੂੰ ਸਿਹਤਮੰਦ ਰੱਖਣ ਲਈ ਠੰਡਾ ਹੋਣ ਤੱਕ ਆਪਣਾ ਭਾਰੀ ਕੰਮ ਕਰੋ।,فیلڈ ورک: یہ بہت گرم ہو رہا ہے۔ اپنے آپ کو اور اپنے پودوں کو صحت مند رکھنے کے لیے ٹھنڈا ہونے کے دوران اپنا بھاری کام کریں۔,खेतबारीको काम: धेरै गर्मी भइरहेको छ। आफू र आफ्ना बिरुवाहरूलाई स्वस्थ राख्न चिसो हुँदा नै आफ्नो भारी काम गर्नुहोस्।,କ୍ଷେତ କାମ: ବହୁତ ଗରମ ହେଉଛି। ନିଜକୁ ଏବଂ ଆପଣଙ୍କ ଗଛଗୁଡ଼ିକୁ ସୁସ୍ଥ ରଖିବା ପାଇଁ ଥଣ୍ଡା ଥିବା ସମୟରେ ଆପଣଙ୍କର କଠିନ କାମ କରନ୍ତୁ।,,tractor
Moderate,Balanced,Strong Gusts,Dry,irrigation,CAUTION,45,Irrigation Caution,WATERING: The ground is dry. Best to water in the early morning so the plants stay strong during the heat.,"ನೀರುಹಾಕುವುದು: ನೆಲ ಒಣಗಿದೆ. ಬೆಳಿಗ್ಗೆ ಬೇಗನೆ ನೀರು ಹಾಕುವುದು ಉತ್ತಮ, ಇದರಿಂದ ಸಸ್ಯಗಳು ಶಾಖದ ಸಮಯದಲ್ಲಿ ಬಲವಾಗಿರುತ್ತವೆ.",पानी देना: मिट्टी सूखी है। पौधों को गर्मी के दौरान स्वस्थ रखने के लिए सुबह जल्दी पानी देना सबसे अच्छा है।,"நீர்ப்பாசனம்: நிலம் வறண்டு உள்ளது. அதிகாலையில் தண்ணீர் பாய்ச்சுவது நல்லது, இதனால் வெப்பத்தின் போது தாவரங்கள் வலுவாக இருக்கும்.","నీరు త్రాగుట: నేల పొడిగా ఉంటుంది. ఉదయాన్నే నీరు పోయడం మంచిది, తద్వారా వేడి సమయంలో మొక్కలు బలంగా ఉంటాయి.","നനവ്: നിലം വരണ്ടതാണ്. അതിരാവിലെ നനയ്ക്കുന്നതാണ് നല്ലത്, അങ്ങനെ ചൂടിൽ ചെടികൾ ശക്തമായി നിലനിൽക്കും.",पाणी देणे: जमीन कोरडी आहे. सकाळी लवकर पाणी देणे चांगले जेणेकरून उष्णतेमध्ये झाडे मजबूत राहतील.,પાણી આપવું: જમીન સૂકી છે. ગરમી દરમિયાન છોડ મજબૂત રહે તે માટે વહેલી સવારે પાણી આપવું શ્રેષ્ઠ છે.,"জল দেওয়া: মাটি শুষ্ক। খুব ভোরে জল দেওয়া ভালো, যাতে গরমের সময় গাছপালা শক্তিশালী থাকে।",ਪਾਣੀ ਦੇਣਾ: ਜ਼ਮੀਨ ਸੁੱਕੀ ਹੈ। ਸਵੇਰੇ ਜਲਦੀ ਪਾਣੀ ਦੇਣਾ ਸਭ ਤੋਂ ਵਧੀਆ ਹੈ ਤਾਂ ਜੋ ਪੌਦੇ ਗਰਮੀ ਦੌਰਾਨ ਮਜ਼ਬੂਤ ​​ਰਹਿਣ।,پانی دینا: زمین خشک ہے۔ صبح سویرے پانی دینا بہتر ہے تاکہ گرمی کے دوران پودے مضبوط رہیں۔,पानी हाल्ने: जमिन सुख्खा छ। बिहान सबेरै पानी हाल्नु राम्रो हुन्छ ताकि गर्मीको समयमा बिरुवाहरू बलियो रहून्।,ପାଣି ଦେବା: ଜମି ଶୁଖିଲା ଅଛି। ଗରମ ସମୟରେ ଗଛଗୁଡ଼ିକ ଶକ୍ତିଶାଳୀ ରହିବା ପାଇଁ ସକାଳୁ ପାଣି ଦେବା ଭଲ।,Before 8 AM,droplet
Moderate,Balanced,Strong Gusts,Dry,spraying,CAUTION,45,Spray With Caution,SPRAYING: The air is calm right now. Spray your crops now before the wind picks up and wastes your medicine.,ಸಿಂಪಡಣೆ: ಗಾಳಿ ಈಗ ಶಾಂತವಾಗಿದೆ. ಗಾಳಿ ಬೀಸಿ ನಿಮ್ಮ ಔಷಧ ವ್ಯರ್ಥವಾಗುವ ಮೊದಲು ನಿಮ್ಮ ಬೆಳೆಗಳಿಗೆ ಈಗಲೇ ಸಿಂಪಡಿಸಿ.,छिड़काव: इस समय हवा शांत है। हवा चलने और दवा बर्बाद होने से पहले अपनी फसलों पर छिड़काव करें।,தெளித்தல்: காற்று இப்போது அமைதியாக இருக்கிறது. காற்று வீசி உங்கள் மருந்தை வீணாக்கும் முன் உங்கள் பயிர்களுக்கு இப்போதே தெளிக்கவும்.,స్ప్రేయింగ్: ప్రస్తుతం గాలి ప్రశాంతంగా ఉంది. గాలి వీచి మీ ఔషధం వృధా అయ్యేలోపు మీ పంటలపై ఇప్పుడే పిచికారీ చేయండి.,സ്പ്രേയിംഗ്: ഇപ്പോൾ വായു ശാന്തമാണ്. കാറ്റ് വീശി നിങ്ങളുടെ മരുന്നുകൾ പാഴാക്കുന്നതിനുമുമ്പ് നിങ്ങളുടെ വിളകൾക്ക് ഇപ്പോൾ തന്നെ തളിക്കുക.,फवारणी: सध्या हवा शांत आहे. वारा येऊन तुमचे औषध वाया जाण्यापूर्वी आत्ताच तुमच्या पिकांवर फवारणी करा.,છંટકાવ: અત્યારે હવા શાંત છે. પવન ફૂંકાય અને તમારી દવા બગાડે તે પહેલાં હમણાં જ તમારા પાક પર છંટકાવ કરો.,স্প্রে করা: বাতাস এখন শান্ত। বাতাস বইতে শুরু করে এবং আপনার ওষুধ নষ্ট করার আগে এখনই আপনার ফসলে স্প্রে করুন।,ਛਿੜਕਾਅ: ਇਸ ਵੇਲੇ ਹਵਾ ਸ਼ਾਂਤ ਹੈ। ਹਵਾ ਚੱਲਣ ਅਤੇ ਤੁਹਾਡੀ ਦਵਾਈ ਬਰਬਾਦ ਹੋਣ ਤੋਂ ਪਹਿਲਾਂ ਆਪਣੀਆਂ ਫਸਲਾਂ 'ਤੇ ਹੁਣੇ ਛਿੜਕਾਅ ਕਰੋ।,چھڑکاؤ: اس وقت ہوا پرسکون ہے۔ اپنی فصلوں پر چھڑکاؤ اس سے پہلے کہ ہوا تیز ہو جائے اور آپ کی دوائی ضائع ہو جائے۔,छर्कने: अहिले हावा शान्त छ। हावा चल्नु र तपाईंको औषधि खेर जानु अघि नै आफ्नो बालीनालीमा छर्कनुहोस्।,ସିଞ୍ଚନ: ବର୍ତ୍ତମାନ ବାୟୁ ଶାନ୍ତ ଅଛି। ପବନ ବହିବା ଏବଂ ଔଷଧ ନଷ୍ଟ କରିବା ପୂର୍ବରୁ ଏବେ ଆପଣଙ୍କ ଫସଲରେ ସିଞ୍ଚନ କରନ୍ତୁ।,Before 10 AM,spray
Moderate,Balanced,Strong Gusts,Dry,fungal_risk,CAUTION,45,Monitor Fungal Risk,DISEASE ALERT: It is very damp and warm. Check your leaves for rot and use protection to save your harvest.,ರೋಗ ಎಚ್ಚರಿಕೆ: ಇದು ತುಂಬಾ ತೇವ ಮತ್ತು ಬೆಚ್ಚಗಿರುತ್ತದೆ. ನಿಮ್ಮ ಎಲೆಗಳನ್ನು ಕೊಳೆತಕ್ಕಾಗಿ ಪರಿಶೀಲಿಸಿ ಮತ್ತು ನಿಮ್ಮ ಬೆಳೆಯನ್ನು ಉಳಿಸಲು ರಕ್ಷಣೆಯನ್ನು ಬಳಸಿ.,रोग चेतावनी: मौसम बहुत नम और गर्म है। पत्तियों में सड़न की जांच करें और अपनी फसल को बचाने के लिए सुरक्षात्मक उपाय करें।,"நோய் எச்சரிக்கை: இது மிகவும் ஈரப்பதமாகவும் சூடாகவும் இருக்கும். உங்கள் இலைகளில் அழுகல் இருக்கிறதா என்று சரிபார்த்து, உங்கள் அறுவடையை சேமிக்க பாதுகாப்பைப் பயன்படுத்துங்கள்.",వ్యాధి హెచ్చరిక: ఇది చాలా తడిగా మరియు వెచ్చగా ఉంటుంది. మీ ఆకులు తెగులు కోసం తనిఖీ చేయండి మరియు మీ పంటను కాపాడటానికి రక్షణను ఉపయోగించండి.,രോഗ മുന്നറിയിപ്പ്: ഇത് വളരെ ഈർപ്പമുള്ളതും ചൂടുള്ളതുമാണ്. നിങ്ങളുടെ ഇലകൾ അഴുകുന്നുണ്ടോ എന്ന് പരിശോധിച്ച് നിങ്ങളുടെ വിള സംരക്ഷിക്കാൻ സംരക്ഷണം ഉപയോഗിക്കുക.,रोगाचा इशारा: हे खूप ओलसर आणि उबदार आहे. तुमची पाने कुजली आहेत का ते तपासा आणि तुमचे पीक वाचवण्यासाठी संरक्षण वापरा.,રોગની ચેતવણી: તે ખૂબ જ ભેજવાળી અને ગરમ છે. તમારા પાંદડા સડી ગયા છે કે નહીં તે તપાસો અને તમારા પાકને બચાવવા માટે રક્ષણનો ઉપયોગ કરો.,রোগের সতর্কতা: এটি খুব স্যাঁতসেঁতে এবং উষ্ণ। আপনার পাতা পচে গেছে কিনা তা পরীক্ষা করুন এবং আপনার ফসল বাঁচাতে সুরক্ষা ব্যবস্থা ব্যবহার করুন।,ਬਿਮਾਰੀ ਦੀ ਚੇਤਾਵਨੀ: ਇਹ ਬਹੁਤ ਗਿੱਲਾ ਅਤੇ ਗਰਮ ਹੈ। ਆਪਣੇ ਪੱਤਿਆਂ ਦੀ ਸੜਨ ਦੀ ਜਾਂਚ ਕਰੋ ਅਤੇ ਆਪਣੀ ਫ਼ਸਲ ਨੂੰ ਬਚਾਉਣ ਲਈ ਸੁਰੱਖਿਆ ਦੀ ਵਰਤੋਂ ਕਰੋ।,بیماری کا انتباہ: یہ بہت نم اور گرم ہے۔ اپنے پتوں کو سڑنے کے لیے چیک کریں اور اپنی فصل کو بچانے کے لیے تحفظ کا استعمال کریں۔,रोगको चेतावनी: यो धेरै ओसिलो र न्यानो छ। आफ्नो पातहरू कुहिन जाँच गर्नुहोस् र आफ्नो बाली बचाउन सुरक्षा प्रयोग गर्नुहोस्।,ରୋଗ ସତର୍କତା: ଏହା ବହୁତ ଓଦା ଏବଂ ଉଷ୍ମ। ଆପଣଙ୍କ ପତ୍ର ପଚିଛି କି ନାହିଁ ଯାଞ୍ଚ କରନ୍ତୁ ଏବଂ ଆପଣଙ୍କ ଫସଲକୁ ବଞ୍ଚାଇବା ପାଇଁ ସୁରକ୍ଷା ବ୍ୟବହାର କରନ୍ତୁ।,,warning
Moderate,Balanced,Strong Gusts,Dry,field_work,CAUTION,45,Limit Field Work Hours,FIELD WORK: It is getting very hot. Do your heavy work while it is still cool to keep yourself and your plants healthy.,ಕ್ಷೇತ್ರದ ಕೆಲಸ: ತುಂಬಾ ಬಿಸಿಯಾಗುತ್ತಿದೆ. ನಿಮ್ಮನ್ನು ಮತ್ತು ನಿಮ್ಮ ಸಸ್ಯಗಳನ್ನು ಆರೋಗ್ಯವಾಗಿಡಲು ತಂಪಾಗಿರುವಾಗಲೇ ನಿಮ್ಮ ಭಾರವಾದ ಕೆಲಸವನ್ನು ಮಾಡಿ.,"खेत का काम: बहुत गर्मी पड़ रही है। अपना भारी काम तब करें जब मौसम ठंडा हो, ताकि आप और आपके पौधे स्वस्थ रहें।","களப்பணி: மிகவும் சூடாகி வருகிறது. உங்களையும் உங்கள் தாவரங்களையும் ஆரோக்கியமாக வைத்திருக்க, குளிர்ச்சியாக இருக்கும்போதே உங்கள் கனமான வேலையைச் செய்யுங்கள்.",ఫీల్డ్ వర్క్: చాలా వేడిగా ఉంది. మిమ్మల్ని మరియు మీ మొక్కలను ఆరోగ్యంగా ఉంచుకోవడానికి చల్లగా ఉన్నప్పుడే మీ భారీ పని చేయండి.,വയലിലെ ജോലി: ചൂട് കൂടിവരികയാണ്. നിങ്ങളെയും നിങ്ങളുടെ ചെടികളെയും ആരോഗ്യത്തോടെ നിലനിർത്താൻ തണുപ്പുള്ളപ്പോൾ തന്നെ ഭാരിച്ച ജോലികൾ ചെയ്യുക.,शेतातील काम: खूप उष्णता वाढत आहे. स्वतःला आणि तुमच्या झाडांना निरोगी ठेवण्यासाठी थंड असतानाच तुमचे जड काम करा.,ખેતરમાં કામ: ખૂબ ગરમી પડી રહી છે. ઠંડી હોય ત્યારે ભારે કામ કરો જેથી તમારી જાતને અને તમારા છોડને સ્વસ્થ રાખી શકાય.,মাঠের কাজ: খুব গরম পড়ছে। নিজেকে এবং আপনার গাছপালা সুস্থ রাখতে ঠান্ডা থাকতেই ভারী কাজ করুন।,ਖੇਤ ਦਾ ਕੰਮ: ਬਹੁਤ ਗਰਮੀ ਪੈ ਰਹੀ ਹੈ। ਆਪਣੇ ਆਪ ਨੂੰ ਅਤੇ ਆਪਣੇ ਪੌਦਿਆਂ ਨੂੰ ਸਿਹਤਮੰਦ ਰੱਖਣ ਲਈ ਠੰਡਾ ਹੋਣ ਤੱਕ ਆਪਣਾ ਭਾਰੀ ਕੰਮ ਕਰੋ।,فیلڈ ورک: یہ بہت گرم ہو رہا ہے۔ اپنے آپ کو اور اپنے پودوں کو صحت مند رکھنے کے لیے ٹھنڈا ہونے کے دوران اپنا بھاری کام کریں۔,खेतबारीको काम: धेरै गर्मी भइरहेको छ। आफू र आफ्ना बिरुवाहरूलाई स्वस्थ राख्न चिसो हुँदा नै आफ्नो भारी काम गर्नुहोस्।,କ୍ଷେତ କାମ: ବହୁତ ଗରମ ହେଉଛି। ନିଜକୁ ଏବଂ ଆପଣଙ୍କ ଗଛଗୁଡ଼ିକୁ ସୁସ୍ଥ ରଖିବା ପାଇଁ ଥଣ୍ଡା ଥିବା ସମୟରେ ଆପଣଙ୍କର କଠିନ କାମ କରନ୍ତୁ।,Before 10 AM or After 5 PM,tractor
Moderate,Balanced,Strong Gusts,Light Rain,irrigation,CAUTION,45,Irrigation Caution,WATERING: The ground is dry. Best to water in the early morning so the plants stay strong during the heat.,"ನೀರುಹಾಕುವುದು: ನೆಲ ಒಣಗಿದೆ. ಬೆಳಿಗ್ಗೆ ಬೇಗನೆ ನೀರು ಹಾಕುವುದು ಉತ್ತಮ, ಇದರಿಂದ ಸಸ್ಯಗಳು ಶಾಖದ ಸಮಯದಲ್ಲಿ ಬಲವಾಗಿರುತ್ತವೆ.",पानी देना: मिट्टी सूखी है। पौधों को गर्मी के दौरान स्वस्थ रखने के लिए सुबह जल्दी पानी देना सबसे अच्छा है।,"நீர்ப்பாசனம்: நிலம் வறண்டு உள்ளது. அதிகாலையில் தண்ணீர் பாய்ச்சுவது நல்லது, இதனால் வெப்பத்தின் போது தாவரங்கள் வலுவாக இருக்கும்.","నీరు త్రాగుట: నేల పొడిగా ఉంటుంది. ఉదయాన్నే నీరు పోయడం మంచిది, తద్వారా వేడి సమయంలో మొక్కలు బలంగా ఉంటాయి.","നനവ്: നിലം വരണ്ടതാണ്. അതിരാവിലെ നനയ്ക്കുന്നതാണ് നല്ലത്, അങ്ങനെ ചൂടിൽ ചെടികൾ ശക്തമായി നിലനിൽക്കും.",पाणी देणे: जमीन कोरडी आहे. सकाळी लवकर पाणी देणे चांगले जेणेकरून उष्णतेमध्ये झाडे मजबूत राहतील.,પાણી આપવું: જમીન સૂકી છે. ગરમી દરમિયાન છોડ મજબૂત રહે તે માટે વહેલી સવારે પાણી આપવું શ્રેષ્ઠ છે.,"জল দেওয়া: মাটি শুষ্ক। খুব ভোরে জল দেওয়া ভালো, যাতে গরমের সময় গাছপালা শক্তিশালী থাকে।",ਪਾਣੀ ਦੇਣਾ: ਜ਼ਮੀਨ ਸੁੱਕੀ ਹੈ। ਸਵੇਰੇ ਜਲਦੀ ਪਾਣੀ ਦੇਣਾ ਸਭ ਤੋਂ ਵਧੀਆ ਹੈ ਤਾਂ ਜੋ ਪੌਦੇ ਗਰਮੀ ਦੌਰਾਨ ਮਜ਼ਬੂਤ ​​ਰਹਿਣ।,پانی دینا: زمین خشک ہے۔ صبح سویرے پانی دینا بہتر ہے تاکہ گرمی کے دوران پودے مضبوط رہیں۔,पानी हाल्ने: जमिन सुख्खा छ। बिहान सबेरै पानी हाल्नु राम्रो हुन्छ ताकि गर्मीको समयमा बिरुवाहरू बलियो रहून्।,ପାଣି ଦେବା: ଜମି ଶୁଖିଲା ଅଛି। ଗରମ ସମୟରେ ଗଛଗୁଡ଼ିକ ଶକ୍ତିଶାଳୀ ରହିବା ପାଇଁ ସକାଳୁ ପାଣି ଦେବା ଭଲ।,Before 8 AM,droplet
Moderate,Balanced,Strong Gusts,Light Rain,spraying,CAUTION,45,Spray With Caution,SPRAYING: The air is calm right now. Spray your crops now before the wind picks up and wastes your medicine.,ಸಿಂಪಡಣೆ: ಗಾಳಿ ಈಗ ಶಾಂತವಾಗಿದೆ. ಗಾಳಿ ಬೀಸಿ ನಿಮ್ಮ ಔಷಧ ವ್ಯರ್ಥವಾಗುವ ಮೊದಲು ನಿಮ್ಮ ಬೆಳೆಗಳಿಗೆ ಈಗಲೇ ಸಿಂಪಡಿಸಿ.,छिड़काव: इस समय हवा शांत है। हवा चलने और दवा बर्बाद होने से पहले अपनी फसलों पर छिड़काव करें।,தெளித்தல்: காற்று இப்போது அமைதியாக இருக்கிறது. காற்று வீசி உங்கள் மருந்தை வீணாக்கும் முன் உங்கள் பயிர்களுக்கு இப்போதே தெளிக்கவும்.,స్ప్రేయింగ్: ప్రస్తుతం గాలి ప్రశాంతంగా ఉంది. గాలి వీచి మీ ఔషధం వృధా అయ్యేలోపు మీ పంటలపై ఇప్పుడే పిచికారీ చేయండి.,സ്പ്രേയിംഗ്: ഇപ്പോൾ വായു ശാന്തമാണ്. കാറ്റ് വീശി നിങ്ങളുടെ മരുന്നുകൾ പാഴാക്കുന്നതിനുമുമ്പ് നിങ്ങളുടെ വിളകൾക്ക് ഇപ്പോൾ തന്നെ തളിക്കുക.,फवारणी: सध्या हवा शांत आहे. वारा येऊन तुमचे औषध वाया जाण्यापूर्वी आत्ताच तुमच्या पिकांवर फवारणी करा.,છંટકાવ: અત્યારે હવા શાંત છે. પવન ફૂંકાય અને તમારી દવા બગાડે તે પહેલાં હમણાં જ તમારા પાક પર છંટકાવ કરો.,স্প্রে করা: বাতাস এখন শান্ত। বাতাস বইতে শুরু করে এবং আপনার ওষুধ নষ্ট করার আগে এখনই আপনার ফসলে স্প্রে করুন।,ਛਿੜਕਾਅ: ਇਸ ਵੇਲੇ ਹਵਾ ਸ਼ਾਂਤ ਹੈ। ਹਵਾ ਚੱਲਣ ਅਤੇ ਤੁਹਾਡੀ ਦਵਾਈ ਬਰਬਾਦ ਹੋਣ ਤੋਂ ਪਹਿਲਾਂ ਆਪਣੀਆਂ ਫਸਲਾਂ 'ਤੇ ਹੁਣੇ ਛਿੜਕਾਅ ਕਰੋ।,چھڑکاؤ: اس وقت ہوا پرسکون ہے۔ اپنی فصلوں پر چھڑکاؤ اس سے پہلے کہ ہوا تیز ہو جائے اور آپ کی دوائی ضائع ہو جائے۔,छर्कने: अहिले हावा शान्त छ। हावा चल्नु र तपाईंको औषधि खेर जानु अघि नै आफ्नो बालीनालीमा छर्कनुहोस्।,ସିଞ୍ଚନ: ବର୍ତ୍ତମାନ ବାୟୁ ଶାନ୍ତ ଅଛି। ପବନ ବହିବା ଏବଂ ଔଷଧ ନଷ୍ଟ କରିବା ପୂର୍ବରୁ ଏବେ ଆପଣଙ୍କ ଫସଲରେ ସିଞ୍ଚନ କରନ୍ତୁ।,Before 10 AM,spray
Moderate,Balanced,Strong Gusts,Light Rain,fungal_risk,CAUTION,45,Monitor Fungal Risk,DISEASE ALERT: It is very damp and warm. Check your leaves for rot and use protection to save your harvest.,ರೋಗ ಎಚ್ಚರಿಕೆ: ಇದು ತುಂಬಾ ತೇವ ಮತ್ತು ಬೆಚ್ಚಗಿರುತ್ತದೆ. ನಿಮ್ಮ ಎಲೆಗಳನ್ನು ಕೊಳೆತಕ್ಕಾಗಿ ಪರಿಶೀಲಿಸಿ ಮತ್ತು ನಿಮ್ಮ ಬೆಳೆಯನ್ನು ಉಳಿಸಲು ರಕ್ಷಣೆಯನ್ನು ಬಳಸಿ.,रोग चेतावनी: मौसम बहुत नम और गर्म है। पत्तियों में सड़न की जांच करें और अपनी फसल को बचाने के लिए सुरक्षात्मक उपाय करें।,"நோய் எச்சரிக்கை: இது மிகவும் ஈரப்பதமாகவும் சூடாகவும் இருக்கும். உங்கள் இலைகளில் அழுகல் இருக்கிறதா என்று சரிபார்த்து, உங்கள் அறுவடையை சேமிக்க பாதுகாப்பைப் பயன்படுத்துங்கள்.",వ్యాధి హెచ్చరిక: ఇది చాలా తడిగా మరియు వెచ్చగా ఉంటుంది. మీ ఆకులు తెగులు కోసం తనిఖీ చేయండి మరియు మీ పంటను కాపాడటానికి రక్షణను ఉపయోగించండి.,രോഗ മുന്നറിയിപ്പ്: ഇത് വളരെ ഈർപ്പമുള്ളതും ചൂടുള്ളതുമാണ്. നിങ്ങളുടെ ഇലകൾ അഴുകുന്നുണ്ടോ എന്ന് പരിശോധിച്ച് നിങ്ങളുടെ വിള സംരക്ഷിക്കാൻ സംരക്ഷണം ഉപയോഗിക്കുക.,रोगाचा इशारा: हे खूप ओलसर आणि उबदार आहे. तुमची पाने कुजली आहेत का ते तपासा आणि तुमचे पीक वाचवण्यासाठी संरक्षण वापरा.,રોગની ચેતવણી: તે ખૂબ જ ભેજવાળી અને ગરમ છે. તમારા પાંદડા સડી ગયા છે કે નહીં તે તપાસો અને તમારા પાકને બચાવવા માટે રક્ષણનો ઉપયોગ કરો.,রোগের সতর্কতা: এটি খুব স্যাঁতসেঁতে এবং উষ্ণ। আপনার পাতা পচে গেছে কিনা তা পরীক্ষা করুন এবং আপনার ফসল বাঁচাতে সুরক্ষা ব্যবস্থা ব্যবহার করুন।,ਬਿਮਾਰੀ ਦੀ ਚੇਤਾਵਨੀ: ਇਹ ਬਹੁਤ ਗਿੱਲਾ ਅਤੇ ਗਰਮ ਹੈ। ਆਪਣੇ ਪੱਤਿਆਂ ਦੀ ਸੜਨ ਦੀ ਜਾਂਚ ਕਰੋ ਅਤੇ ਆਪਣੀ ਫ਼ਸਲ ਨੂੰ ਬਚਾਉਣ ਲਈ ਸੁਰੱਖਿਆ ਦੀ ਵਰਤੋਂ ਕਰੋ।,بیماری کا انتباہ: یہ بہت نم اور گرم ہے۔ اپنے پتوں کو سڑنے کے لیے چیک کریں اور اپنی فصل کو بچانے کے لیے تحفظ کا استعمال کریں۔,रोगको चेतावनी: यो धेरै ओसिलो र न्यानो छ। आफ्नो पातहरू कुहिन जाँच गर्नुहोस् र आफ्नो बाली बचाउन सुरक्षा प्रयोग गर्नुहोस्।,ରୋଗ ସତର୍କତା: ଏହା ବହୁତ ଓଦା ଏବଂ ଉଷ୍ମ। ଆପଣଙ୍କ ପତ୍ର ପଚିଛି କି ନାହିଁ ଯାଞ୍ଚ କରନ୍ତୁ ଏବଂ ଆପଣଙ୍କ ଫସଲକୁ ବଞ୍ଚାଇବା ପାଇଁ ସୁରକ୍ଷା ବ୍ୟବହାର କରନ୍ତୁ।,,warning
Moderate,Balanced,Strong Gusts,Light Rain,field_work,CAUTION,45,Limit Field Work Hours,FIELD WORK: It is getting very hot. Do your heavy work while it is still cool to keep yourself and your plants healthy.,ಕ್ಷೇತ್ರದ ಕೆಲಸ: ತುಂಬಾ ಬಿಸಿಯಾಗುತ್ತಿದೆ. ನಿಮ್ಮನ್ನು ಮತ್ತು ನಿಮ್ಮ ಸಸ್ಯಗಳನ್ನು ಆರೋಗ್ಯವಾಗಿಡಲು ತಂಪಾಗಿರುವಾಗಲೇ ನಿಮ್ಮ ಭಾರವಾದ ಕೆಲಸವನ್ನು ಮಾಡಿ.,"खेत का काम: बहुत गर्मी पड़ रही है। अपना भारी काम तब करें जब मौसम ठंडा हो, ताकि आप और आपके पौधे स्वस्थ रहें।","களப்பணி: மிகவும் சூடாகி வருகிறது. உங்களையும் உங்கள் தாவரங்களையும் ஆரோக்கியமாக வைத்திருக்க, குளிர்ச்சியாக இருக்கும்போதே உங்கள் கனமான வேலையைச் செய்யுங்கள்.",ఫీల్డ్ వర్క్: చాలా వేడిగా ఉంది. మిమ్మల్ని మరియు మీ మొక్కలను ఆరోగ్యంగా ఉంచుకోవడానికి చల్లగా ఉన్నప్పుడే మీ భారీ పని చేయండి.,വയലിലെ ജോലി: ചൂട് കൂടിവരികയാണ്. നിങ്ങളെയും നിങ്ങളുടെ ചെടികളെയും ആരോഗ്യത്തോടെ നിലനിർത്താൻ തണുപ്പുള്ളപ്പോൾ തന്നെ ഭാരിച്ച ജോലികൾ ചെയ്യുക.,शेतातील काम: खूप उष्णता वाढत आहे. स्वतःला आणि तुमच्या झाडांना निरोगी ठेवण्यासाठी थंड असतानाच तुमचे जड काम करा.,ખેતરમાં કામ: ખૂબ ગરમી પડી રહી છે. ઠંડી હોય ત્યારે ભારે કામ કરો જેથી તમારી જાતને અને તમારા છોડને સ્વસ્થ રાખી શકાય.,মাঠের কাজ: খুব গরম পড়ছে। নিজেকে এবং আপনার গাছপালা সুস্থ রাখতে ঠান্ডা থাকতেই ভারী কাজ করুন।,ਖੇਤ ਦਾ ਕੰਮ: ਬਹੁਤ ਗਰਮੀ ਪੈ ਰਹੀ ਹੈ। ਆਪਣੇ ਆਪ ਨੂੰ ਅਤੇ ਆਪਣੇ ਪੌਦਿਆਂ ਨੂੰ ਸਿਹਤਮੰਦ ਰੱਖਣ ਲਈ ਠੰਡਾ ਹੋਣ ਤੱਕ ਆਪਣਾ ਭਾਰੀ ਕੰਮ ਕਰੋ।,فیلڈ ورک: یہ بہت گرم ہو رہا ہے۔ اپنے آپ کو اور اپنے پودوں کو صحت مند رکھنے کے لیے ٹھنڈا ہونے کے دوران اپنا بھاری کام کریں۔,खेतबारीको काम: धेरै गर्मी भइरहेको छ। आफू र आफ्ना बिरुवाहरूलाई स्वस्थ राख्न चिसो हुँदा नै आफ्नो भारी काम गर्नुहोस्।,କ୍ଷେତ କାମ: ବହୁତ ଗରମ ହେଉଛି। ନିଜକୁ ଏବଂ ଆପଣଙ୍କ ଗଛଗୁଡ଼ିକୁ ସୁସ୍ଥ ରଖିବା ପାଇଁ ଥଣ୍ଡା ଥିବା ସମୟରେ ଆପଣଙ୍କର କଠିନ କାମ କରନ୍ତୁ।,Before 10 AM or After 5 PM,tractor
Moderate,Balanced,Strong Gusts,Heavy Rain,irrigation,CAUTION,45,Irrigation Caution,WATERING: The ground is dry. Best to water in the early morning so the plants stay strong during the heat.,"ನೀರುಹಾಕುವುದು: ನೆಲ ಒಣಗಿದೆ. ಬೆಳಿಗ್ಗೆ ಬೇಗನೆ ನೀರು ಹಾಕುವುದು ಉತ್ತಮ, ಇದರಿಂದ ಸಸ್ಯಗಳು ಶಾಖದ ಸಮಯದಲ್ಲಿ ಬಲವಾಗಿರುತ್ತವೆ.",पानी देना: मिट्टी सूखी है। पौधों को गर्मी के दौरान स्वस्थ रखने के लिए सुबह जल्दी पानी देना सबसे अच्छा है।,"நீர்ப்பாசனம்: நிலம் வறண்டு உள்ளது. அதிகாலையில் தண்ணீர் பாய்ச்சுவது நல்லது, இதனால் வெப்பத்தின் போது தாவரங்கள் வலுவாக இருக்கும்.","నీరు త్రాగుట: నేల పొడిగా ఉంటుంది. ఉదయాన్నే నీరు పోయడం మంచిది, తద్వారా వేడి సమయంలో మొక్కలు బలంగా ఉంటాయి.","നനവ്: നിലം വരണ്ടതാണ്. അതിരാവിലെ നനയ്ക്കുന്നതാണ് നല്ലത്, അങ്ങനെ ചൂടിൽ ചെടികൾ ശക്തമായി നിലനിൽക്കും.",पाणी देणे: जमीन कोरडी आहे. सकाळी लवकर पाणी देणे चांगले जेणेकरून उष्णतेमध्ये झाडे मजबूत राहतील.,પાણી આપવું: જમીન સૂકી છે. ગરમી દરમિયાન છોડ મજબૂત રહે તે માટે વહેલી સવારે પાણી આપવું શ્રેષ્ઠ છે.,"জল দেওয়া: মাটি শুষ্ক। খুব ভোরে জল দেওয়া ভালো, যাতে গরমের সময় গাছপালা শক্তিশালী থাকে।",ਪਾਣੀ ਦੇਣਾ: ਜ਼ਮੀਨ ਸੁੱਕੀ ਹੈ। ਸਵੇਰੇ ਜਲਦੀ ਪਾਣੀ ਦੇਣਾ ਸਭ ਤੋਂ ਵਧੀਆ ਹੈ ਤਾਂ ਜੋ ਪੌਦੇ ਗਰਮੀ ਦੌਰਾਨ ਮਜ਼ਬੂਤ ​​ਰਹਿਣ।,پانی دینا: زمین خشک ہے۔ صبح سویرے پانی دینا بہتر ہے تاکہ گرمی کے دوران پودے مضبوط رہیں۔,पानी हाल्ने: जमिन सुख्खा छ। बिहान सबेरै पानी हाल्नु राम्रो हुन्छ ताकि गर्मीको समयमा बिरुवाहरू बलियो रहून्।,ପାଣି ଦେବା: ଜମି ଶୁଖିଲା ଅଛି। ଗରମ ସମୟରେ ଗଛଗୁଡ଼ିକ ଶକ୍ତିଶାଳୀ ରହିବା ପାଇଁ ସକାଳୁ ପାଣି ଦେବା ଭଲ।,Before 8 AM,droplet
Moderate,Balanced,Strong Gusts,Heavy Rain,spraying,CAUTION,45,Spray With Caution,SPRAYING: The air is calm right now. Spray your crops now before the wind picks up and wastes your medicine.,ಸಿಂಪಡಣೆ: ಗಾಳಿ ಈಗ ಶಾಂತವಾಗಿದೆ. ಗಾಳಿ ಬೀಸಿ ನಿಮ್ಮ ಔಷಧ ವ್ಯರ್ಥವಾಗುವ ಮೊದಲು ನಿಮ್ಮ ಬೆಳೆಗಳಿಗೆ ಈಗಲೇ ಸಿಂಪಡಿಸಿ.,छिड़काव: इस समय हवा शांत है। हवा चलने और दवा बर्बाद होने से पहले अपनी फसलों पर छिड़काव करें।,தெளித்தல்: காற்று இப்போது அமைதியாக இருக்கிறது. காற்று வீசி உங்கள் மருந்தை வீணாக்கும் முன் உங்கள் பயிர்களுக்கு இப்போதே தெளிக்கவும்.,స్ప్రేయింగ్: ప్రస్తుతం గాలి ప్రశాంతంగా ఉంది. గాలి వీచి మీ ఔషధం వృధా అయ్యేలోపు మీ పంటలపై ఇప్పుడే పిచికారీ చేయండి.,സ്പ്രേയിംഗ്: ഇപ്പോൾ വായു ശാന്തമാണ്. കാറ്റ് വീശി നിങ്ങളുടെ മരുന്നുകൾ പാഴാക്കുന്നതിനുമുമ്പ് നിങ്ങളുടെ വിളകൾക്ക് ഇപ്പോൾ തന്നെ തളിക്കുക.,फवारणी: सध्या हवा शांत आहे. वारा येऊन तुमचे औषध वाया जाण्यापूर्वी आत्ताच तुमच्या पिकांवर फवारणी करा.,છંટકાવ: અત્યારે હવા શાંત છે. પવન ફૂંકાય અને તમારી દવા બગાડે તે પહેલાં હમણાં જ તમારા પાક પર છંટકાવ કરો.,স্প্রে করা: বাতাস এখন শান্ত। বাতাস বইতে শুরু করে এবং আপনার ওষুধ নষ্ট করার আগে এখনই আপনার ফসলে স্প্রে করুন।,ਛਿੜਕਾਅ: ਇਸ ਵੇਲੇ ਹਵਾ ਸ਼ਾਂਤ ਹੈ। ਹਵਾ ਚੱਲਣ ਅਤੇ ਤੁਹਾਡੀ ਦਵਾਈ ਬਰਬਾਦ ਹੋਣ ਤੋਂ ਪਹਿਲਾਂ ਆਪਣੀਆਂ ਫਸਲਾਂ 'ਤੇ ਹੁਣੇ ਛਿੜਕਾਅ ਕਰੋ।,چھڑکاؤ: اس وقت ہوا پرسکون ہے۔ اپنی فصلوں پر چھڑکاؤ اس سے پہلے کہ ہوا تیز ہو جائے اور آپ کی دوائی ضائع ہو جائے۔,छर्कने: अहिले हावा शान्त छ। हावा चल्नु र तपाईंको औषधि खेर जानु अघि नै आफ्नो बालीनालीमा छर्कनुहोस्।,ସିଞ୍ଚନ: ବର୍ତ୍ତମାନ ବାୟୁ ଶାନ୍ତ ଅଛି। ପବନ ବହିବା ଏବଂ ଔଷଧ ନଷ୍ଟ କରିବା ପୂର୍ବରୁ ଏବେ ଆପଣଙ୍କ ଫସଲରେ ସିଞ୍ଚନ କରନ୍ତୁ।,Before 10 AM,spray
Moderate,Balanced,Strong Gusts,Heavy Rain,fungal_risk,CAUTION,45,Monitor Fungal Risk,DISEASE ALERT: It is very damp and warm. Check your leaves for rot and use protection to save your harvest.,ರೋಗ ಎಚ್ಚರಿಕೆ: ಇದು ತುಂಬಾ ತೇವ ಮತ್ತು ಬೆಚ್ಚಗಿರುತ್ತದೆ. ನಿಮ್ಮ ಎಲೆಗಳನ್ನು ಕೊಳೆತಕ್ಕಾಗಿ ಪರಿಶೀಲಿಸಿ ಮತ್ತು ನಿಮ್ಮ ಬೆಳೆಯನ್ನು ಉಳಿಸಲು ರಕ್ಷಣೆಯನ್ನು ಬಳಸಿ.,रोग चेतावनी: मौसम बहुत नम और गर्म है। पत्तियों में सड़न की जांच करें और अपनी फसल को बचाने के लिए सुरक्षात्मक उपाय करें।,"நோய் எச்சரிக்கை: இது மிகவும் ஈரப்பதமாகவும் சூடாகவும் இருக்கும். உங்கள் இலைகளில் அழுகல் இருக்கிறதா என்று சரிபார்த்து, உங்கள் அறுவடையை சேமிக்க பாதுகாப்பைப் பயன்படுத்துங்கள்.",వ్యాధి హెచ్చరిక: ఇది చాలా తడిగా మరియు వెచ్చగా ఉంటుంది. మీ ఆకులు తెగులు కోసం తనిఖీ చేయండి మరియు మీ పంటను కాపాడటానికి రక్షణను ఉపయోగించండి.,രോഗ മുന്നറിയിപ്പ്: ഇത് വളരെ ഈർപ്പമുള്ളതും ചൂടുള്ളതുമാണ്. നിങ്ങളുടെ ഇലകൾ അഴുകുന്നുണ്ടോ എന്ന് പരിശോധിച്ച് നിങ്ങളുടെ വിള സംരക്ഷിക്കാൻ സംരക്ഷണം ഉപയോഗിക്കുക.,रोगाचा इशारा: हे खूप ओलसर आणि उबदार आहे. तुमची पाने कुजली आहेत का ते तपासा आणि तुमचे पीक वाचवण्यासाठी संरक्षण वापरा.,રોગની ચેતવણી: તે ખૂબ જ ભેજવાળી અને ગરમ છે. તમારા પાંદડા સડી ગયા છે કે નહીં તે તપાસો અને તમારા પાકને બચાવવા માટે રક્ષણનો ઉપયોગ કરો.,রোগের সতর্কতা: এটি খুব স্যাঁতসেঁতে এবং উষ্ণ। আপনার পাতা পচে গেছে কিনা তা পরীক্ষা করুন এবং আপনার ফসল বাঁচাতে সুরক্ষা ব্যবস্থা ব্যবহার করুন।,ਬਿਮਾਰੀ ਦੀ ਚੇਤਾਵਨੀ: ਇਹ ਬਹੁਤ ਗਿੱਲਾ ਅਤੇ ਗਰਮ ਹੈ। ਆਪਣੇ ਪੱਤਿਆਂ ਦੀ ਸੜਨ ਦੀ ਜਾਂਚ ਕਰੋ ਅਤੇ ਆਪਣੀ ਫ਼ਸਲ ਨੂੰ ਬਚਾਉਣ ਲਈ ਸੁਰੱਖਿਆ ਦੀ ਵਰਤੋਂ ਕਰੋ।,بیماری کا انتباہ: یہ بہت نم اور گرم ہے۔ اپنے پتوں کو سڑنے کے لیے چیک کریں اور اپنی فصل کو بچانے کے لیے تحفظ کا استعمال کریں۔,रोगको चेतावनी: यो धेरै ओसिलो र न्यानो छ। आफ्नो पातहरू कुहिन जाँच गर्नुहोस् र आफ्नो बाली बचाउन सुरक्षा प्रयोग गर्नुहोस्।,ରୋଗ ସତର୍କତା: ଏହା ବହୁତ ଓଦା ଏବଂ ଉଷ୍ମ। ଆପଣଙ୍କ ପତ୍ର ପଚିଛି କି ନାହିଁ ଯାଞ୍ଚ କରନ୍ତୁ ଏବଂ ଆପଣଙ୍କ ଫସଲକୁ ବଞ୍ଚାଇବା ପାଇଁ ସୁରକ୍ଷା ବ୍ୟବହାର କରନ୍ତୁ।,,warning
Moderate,Balanced,Strong Gusts,Heavy Rain,field_work,CAUTION,45,Limit Field Work Hours,FIELD WORK: It is getting very hot. Do your heavy work while it is still cool to keep yourself and your plants healthy.,ಕ್ಷೇತ್ರದ ಕೆಲಸ: ತುಂಬಾ ಬಿಸಿಯಾಗುತ್ತಿದೆ. ನಿಮ್ಮನ್ನು ಮತ್ತು ನಿಮ್ಮ ಸಸ್ಯಗಳನ್ನು ಆರೋಗ್ಯವಾಗಿಡಲು ತಂಪಾಗಿರುವಾಗಲೇ ನಿಮ್ಮ ಭಾರವಾದ ಕೆಲಸವನ್ನು ಮಾಡಿ.,"खेत का काम: बहुत गर्मी पड़ रही है। अपना भारी काम तब करें जब मौसम ठंडा हो, ताकि आप और आपके पौधे स्वस्थ रहें।","களப்பணி: மிகவும் சூடாகி வருகிறது. உங்களையும் உங்கள் தாவரங்களையும் ஆரோக்கியமாக வைத்திருக்க, குளிர்ச்சியாக இருக்கும்போதே உங்கள் கனமான வேலையைச் செய்யுங்கள்.",ఫీల్డ్ వర్క్: చాలా వేడిగా ఉంది. మిమ్మల్ని మరియు మీ మొక్కలను ఆరోగ్యంగా ఉంచుకోవడానికి చల్లగా ఉన్నప్పుడే మీ భారీ పని చేయండి.,വയലിലെ ജോലി: ചൂട് കൂടിവരികയാണ്. നിങ്ങളെയും നിങ്ങളുടെ ചെടികളെയും ആരോഗ്യത്തോടെ നിലനിർത്താൻ തണുപ്പുള്ളപ്പോൾ തന്നെ ഭാരിച്ച ജോലികൾ ചെയ്യുക.,शेतातील काम: खूप उष्णता वाढत आहे. स्वतःला आणि तुमच्या झाडांना निरोगी ठेवण्यासाठी थंड असतानाच तुमचे जड काम करा.,ખેતરમાં કામ: ખૂબ ગરમી પડી રહી છે. ઠંડી હોય ત્યારે ભારે કામ કરો જેથી તમારી જાતને અને તમારા છોડને સ્વસ્થ રાખી શકાય.,মাঠের কাজ: খুব গরম পড়ছে। নিজেকে এবং আপনার গাছপালা সুস্থ রাখতে ঠান্ডা থাকতেই ভারী কাজ করুন।,ਖੇਤ ਦਾ ਕੰਮ: ਬਹੁਤ ਗਰਮੀ ਪੈ ਰਹੀ ਹੈ। ਆਪਣੇ ਆਪ ਨੂੰ ਅਤੇ ਆਪਣੇ ਪੌਦਿਆਂ ਨੂੰ ਸਿਹਤਮੰਦ ਰੱਖਣ ਲਈ ਠੰਡਾ ਹੋਣ ਤੱਕ ਆਪਣਾ ਭਾਰੀ ਕੰਮ ਕਰੋ।,فیلڈ ورک: یہ بہت گرم ہو رہا ہے۔ اپنے آپ کو اور اپنے پودوں کو صحت مند رکھنے کے لیے ٹھنڈا ہونے کے دوران اپنا بھاری کام کریں۔,खेतबारीको काम: धेरै गर्मी भइरहेको छ। आफू र आफ्ना बिरुवाहरूलाई स्वस्थ राख्न चिसो हुँदा नै आफ्नो भारी काम गर्नुहोस्।,କ୍ଷେତ କାମ: ବହୁତ ଗରମ ହେଉଛି। ନିଜକୁ ଏବଂ ଆପଣଙ୍କ ଗଛଗୁଡ଼ିକୁ ସୁସ୍ଥ ରଖିବା ପାଇଁ ଥଣ୍ଡା ଥିବା ସମୟରେ ଆପଣଙ୍କର କଠିନ କାମ କରନ୍ତୁ।,Before 10 AM or After 5 PM,tractor
Moderate,Humid,Calm,Dry,irrigation,STABLE,15,Irrigation Safe,WATERING: The ground is dry. Best to water in the early morning so the plants stay strong during the heat.,"ನೀರುಹಾಕುವುದು: ನೆಲ ಒಣಗಿದೆ. ಬೆಳಿಗ್ಗೆ ಬೇಗನೆ ನೀರು ಹಾಕುವುದು ಉತ್ತಮ, ಇದರಿಂದ ಸಸ್ಯಗಳು ಶಾಖದ ಸಮಯದಲ್ಲಿ ಬಲವಾಗಿರುತ್ತವೆ.",पानी देना: मिट्टी सूखी है। पौधों को गर्मी के दौरान स्वस्थ रखने के लिए सुबह जल्दी पानी देना सबसे अच्छा है।,"நீர்ப்பாசனம்: நிலம் வறண்டு உள்ளது. அதிகாலையில் தண்ணீர் பாய்ச்சுவது நல்லது, இதனால் வெப்பத்தின் போது தாவரங்கள் வலுவாக இருக்கும்.","నీరు త్రాగుట: నేల పొడిగా ఉంటుంది. ఉదయాన్నే నీరు పోయడం మంచిది, తద్వారా వేడి సమయంలో మొక్కలు బలంగా ఉంటాయి.","നനവ്: നിലം വരണ്ടതാണ്. അതിരാവിലെ നനയ്ക്കുന്നതാണ് നല്ലത്, അങ്ങനെ ചൂടിൽ ചെടികൾ ശക്തമായി നിലനിൽക്കും.",पाणी देणे: जमीन कोरडी आहे. सकाळी लवकर पाणी देणे चांगले जेणेकरून उष्णतेमध्ये झाडे मजबूत राहतील.,પાણી આપવું: જમીન સૂકી છે. ગરમી દરમિયાન છોડ મજબૂત રહે તે માટે વહેલી સવારે પાણી આપવું શ્રેષ્ઠ છે.,"জল দেওয়া: মাটি শুষ্ক। খুব ভোরে জল দেওয়া ভালো, যাতে গরমের সময় গাছপালা শক্তিশালী থাকে।",ਪਾਣੀ ਦੇਣਾ: ਜ਼ਮੀਨ ਸੁੱਕੀ ਹੈ। ਸਵੇਰੇ ਜਲਦੀ ਪਾਣੀ ਦੇਣਾ ਸਭ ਤੋਂ ਵਧੀਆ ਹੈ ਤਾਂ ਜੋ ਪੌਦੇ ਗਰਮੀ ਦੌਰਾਨ ਮਜ਼ਬੂਤ ​​ਰਹਿਣ।,پانی دینا: زمین خشک ہے۔ صبح سویرے پانی دینا بہتر ہے تاکہ گرمی کے دوران پودے مضبوط رہیں۔,पानी हाल्ने: जमिन सुख्खा छ। बिहान सबेरै पानी हाल्नु राम्रो हुन्छ ताकि गर्मीको समयमा बिरुवाहरू बलियो रहून्।,ପାଣି ଦେବା: ଜମି ଶୁଖିଲା ଅଛି। ଗରମ ସମୟରେ ଗଛଗୁଡ଼ିକ ଶକ୍ତିଶାଳୀ ରହିବା ପାଇଁ ସକାଳୁ ପାଣି ଦେବା ଭଲ।,,droplet
Moderate,Humid,Calm,Dry,spraying,STABLE,15,Good Spraying Conditions,SPRAYING: The air is calm right now. Spray your crops now before the wind picks up and wastes your medicine.,ಸಿಂಪಡಣೆ: ಗಾಳಿ ಈಗ ಶಾಂತವಾಗಿದೆ. ಗಾಳಿ ಬೀಸಿ ನಿಮ್ಮ ಔಷಧ ವ್ಯರ್ಥವಾಗುವ ಮೊದಲು ನಿಮ್ಮ ಬೆಳೆಗಳಿಗೆ ಈಗಲೇ ಸಿಂಪಡಿಸಿ.,छिड़काव: इस समय हवा शांत है। हवा चलने और दवा बर्बाद होने से पहले अपनी फसलों पर छिड़काव करें।,தெளித்தல்: காற்று இப்போது அமைதியாக இருக்கிறது. காற்று வீசி உங்கள் மருந்தை வீணாக்கும் முன் உங்கள் பயிர்களுக்கு இப்போதே தெளிக்கவும்.,స్ప్రేయింగ్: ప్రస్తుతం గాలి ప్రశాంతంగా ఉంది. గాలి వీచి మీ ఔషధం వృధా అయ్యేలోపు మీ పంటలపై ఇప్పుడే పిచికారీ చేయండి.,സ്പ്രേയിംഗ്: ഇപ്പോൾ വായു ശാന്തമാണ്. കാറ്റ് വീശി നിങ്ങളുടെ മരുന്നുകൾ പാഴാക്കുന്നതിനുമുമ്പ് നിങ്ങളുടെ വിളകൾക്ക് ഇപ്പോൾ തന്നെ തളിക്കുക.,फवारणी: सध्या हवा शांत आहे. वारा येऊन तुमचे औषध वाया जाण्यापूर्वी आत्ताच तुमच्या पिकांवर फवारणी करा.,છંટકાવ: અત્યારે હવા શાંત છે. પવન ફૂંકાય અને તમારી દવા બગાડે તે પહેલાં હમણાં જ તમારા પાક પર છંટકાવ કરો.,স্প্রে করা: বাতাস এখন শান্ত। বাতাস বইতে শুরু করে এবং আপনার ওষুধ নষ্ট করার আগে এখনই আপনার ফসলে স্প্রে করুন।,ਛਿੜਕਾਅ: ਇਸ ਵੇਲੇ ਹਵਾ ਸ਼ਾਂਤ ਹੈ। ਹਵਾ ਚੱਲਣ ਅਤੇ ਤੁਹਾਡੀ ਦਵਾਈ ਬਰਬਾਦ ਹੋਣ ਤੋਂ ਪਹਿਲਾਂ ਆਪਣੀਆਂ ਫਸਲਾਂ 'ਤੇ ਹੁਣੇ ਛਿੜਕਾਅ ਕਰੋ।,چھڑکاؤ: اس وقت ہوا پرسکون ہے۔ اپنی فصلوں پر چھڑکاؤ اس سے پہلے کہ ہوا تیز ہو جائے اور آپ کی دوائی ضائع ہو جائے۔,छर्कने: अहिले हावा शान्त छ। हावा चल्नु र तपाईंको औषधि खेर जानु अघि नै आफ्नो बालीनालीमा छर्कनुहोस्।,ସିଞ୍ଚନ: ବର୍ତ୍ତମାନ ବାୟୁ ଶାନ୍ତ ଅଛି। ପବନ ବହିବା ଏବଂ ଔଷଧ ନଷ୍ଟ କରିବା ପୂର୍ବରୁ ଏବେ ଆପଣଙ୍କ ଫସଲରେ ସିଞ୍ଚନ କରନ୍ତୁ।,,spray
Moderate,Humid,Calm,Dry,fungal_risk,STABLE,15,Low Fungal Risk,DISEASE ALERT: It is very damp and warm. Check your leaves for rot and use protection to save your harvest.,ರೋಗ ಎಚ್ಚರಿಕೆ: ಇದು ತುಂಬಾ ತೇವ ಮತ್ತು ಬೆಚ್ಚಗಿರುತ್ತದೆ. ನಿಮ್ಮ ಎಲೆಗಳನ್ನು ಕೊಳೆತಕ್ಕಾಗಿ ಪರಿಶೀಲಿಸಿ ಮತ್ತು ನಿಮ್ಮ ಬೆಳೆಯನ್ನು ಉಳಿಸಲು ರಕ್ಷಣೆಯನ್ನು ಬಳಸಿ.,रोग चेतावनी: मौसम बहुत नम और गर्म है। पत्तियों में सड़न की जांच करें और अपनी फसल को बचाने के लिए सुरक्षात्मक उपाय करें।,"நோய் எச்சரிக்கை: இது மிகவும் ஈரப்பதமாகவும் சூடாகவும் இருக்கும். உங்கள் இலைகளில் அழுகல் இருக்கிறதா என்று சரிபார்த்து, உங்கள் அறுவடையை சேமிக்க பாதுகாப்பைப் பயன்படுத்துங்கள்.",వ్యాధి హెచ్చరిక: ఇది చాలా తడిగా మరియు వెచ్చగా ఉంటుంది. మీ ఆకులు తెగులు కోసం తనిఖీ చేయండి మరియు మీ పంటను కాపాడటానికి రక్షణను ఉపయోగించండి.,രോഗ മുന്നറിയിപ്പ്: ഇത് വളരെ ഈർപ്പമുള്ളതും ചൂടുള്ളതുമാണ്. നിങ്ങളുടെ ഇലകൾ അഴുകുന്നുണ്ടോ എന്ന് പരിശോധിച്ച് നിങ്ങളുടെ വിള സംരക്ഷിക്കാൻ സംരക്ഷണം ഉപയോഗിക്കുക.,रोगाचा इशारा: हे खूप ओलसर आणि उबदार आहे. तुमची पाने कुजली आहेत का ते तपासा आणि तुमचे पीक वाचवण्यासाठी संरक्षण वापरा.,રોગની ચેતવણી: તે ખૂબ જ ભેજવાળી અને ગરમ છે. તમારા પાંદડા સડી ગયા છે કે નહીં તે તપાસો અને તમારા પાકને બચાવવા માટે રક્ષણનો ઉપયોગ કરો.,রোগের সতর্কতা: এটি খুব স্যাঁতসেঁতে এবং উষ্ণ। আপনার পাতা পচে গেছে কিনা তা পরীক্ষা করুন এবং আপনার ফসল বাঁচাতে সুরক্ষা ব্যবস্থা ব্যবহার করুন।,ਬਿਮਾਰੀ ਦੀ ਚੇਤਾਵਨੀ: ਇਹ ਬਹੁਤ ਗਿੱਲਾ ਅਤੇ ਗਰਮ ਹੈ। ਆਪਣੇ ਪੱਤਿਆਂ ਦੀ ਸੜਨ ਦੀ ਜਾਂਚ ਕਰੋ ਅਤੇ ਆਪਣੀ ਫ਼ਸਲ ਨੂੰ ਬਚਾਉਣ ਲਈ ਸੁਰੱਖਿਆ ਦੀ ਵਰਤੋਂ ਕਰੋ।,بیماری کا انتباہ: یہ بہت نم اور گرم ہے۔ اپنے پتوں کو سڑنے کے لیے چیک کریں اور اپنی فصل کو بچانے کے لیے تحفظ کا استعمال کریں۔,रोगको चेतावनी: यो धेरै ओसिलो र न्यानो छ। आफ्नो पातहरू कुहिन जाँच गर्नुहोस् र आफ्नो बाली बचाउन सुरक्षा प्रयोग गर्नुहोस्।,ରୋଗ ସତର୍କତା: ଏହା ବହୁତ ଓଦା ଏବଂ ଉଷ୍ମ। ଆପଣଙ୍କ ପତ୍ର ପଚିଛି କି ନାହିଁ ଯାଞ୍ଚ କରନ୍ତୁ ଏବଂ ଆପଣଙ୍କ ଫସଲକୁ ବଞ୍ଚାଇବା ପାଇଁ ସୁରକ୍ଷା ବ୍ୟବହାର କରନ୍ତୁ।,,shield
Moderate,Humid,Calm,Dry,field_work,STABLE,15,Good Field Work Day,FIELD WORK: It is getting very hot. Do your heavy work while it is still cool to keep yourself and your plants healthy.,ಕ್ಷೇತ್ರದ ಕೆಲಸ: ತುಂಬಾ ಬಿಸಿಯಾಗುತ್ತಿದೆ. ನಿಮ್ಮನ್ನು ಮತ್ತು ನಿಮ್ಮ ಸಸ್ಯಗಳನ್ನು ಆರೋಗ್ಯವಾಗಿಡಲು ತಂಪಾಗಿರುವಾಗಲೇ ನಿಮ್ಮ ಭಾರವಾದ ಕೆಲಸವನ್ನು ಮಾಡಿ.,"खेत का काम: बहुत गर्मी पड़ रही है। अपना भारी काम तब करें जब मौसम ठंडा हो, ताकि आप और आपके पौधे स्वस्थ रहें।","களப்பணி: மிகவும் சூடாகி வருகிறது. உங்களையும் உங்கள் தாவரங்களையும் ஆரோக்கியமாக வைத்திருக்க, குளிர்ச்சியாக இருக்கும்போதே உங்கள் கனமான வேலையைச் செய்யுங்கள்.",ఫీల్డ్ వర్క్: చాలా వేడిగా ఉంది. మిమ్మల్ని మరియు మీ మొక్కలను ఆరోగ్యంగా ఉంచుకోవడానికి చల్లగా ఉన్నప్పుడే మీ భారీ పని చేయండి.,വയലിലെ ജോലി: ചൂട് കൂടിവരികയാണ്. നിങ്ങളെയും നിങ്ങളുടെ ചെടികളെയും ആരോഗ്യത്തോടെ നിലനിർത്താൻ തണുപ്പുള്ളപ്പോൾ തന്നെ ഭാരിച്ച ജോലികൾ ചെയ്യുക.,शेतातील काम: खूप उष्णता वाढत आहे. स्वतःला आणि तुमच्या झाडांना निरोगी ठेवण्यासाठी थंड असतानाच तुमचे जड काम करा.,ખેતરમાં કામ: ખૂબ ગરમી પડી રહી છે. ઠંડી હોય ત્યારે ભારે કામ કરો જેથી તમારી જાતને અને તમારા છોડને સ્વસ્થ રાખી શકાય.,মাঠের কাজ: খুব গরম পড়ছে। নিজেকে এবং আপনার গাছপালা সুস্থ রাখতে ঠান্ডা থাকতেই ভারী কাজ করুন।,ਖੇਤ ਦਾ ਕੰਮ: ਬਹੁਤ ਗਰਮੀ ਪੈ ਰਹੀ ਹੈ। ਆਪਣੇ ਆਪ ਨੂੰ ਅਤੇ ਆਪਣੇ ਪੌਦਿਆਂ ਨੂੰ ਸਿਹਤਮੰਦ ਰੱਖਣ ਲਈ ਠੰਡਾ ਹੋਣ ਤੱਕ ਆਪਣਾ ਭਾਰੀ ਕੰਮ ਕਰੋ।,فیلڈ ورک: یہ بہت گرم ہو رہا ہے۔ اپنے آپ کو اور اپنے پودوں کو صحت مند رکھنے کے لیے ٹھنڈا ہونے کے دوران اپنا بھاری کام کریں۔,खेतबारीको काम: धेरै गर्मी भइरहेको छ। आफू र आफ्ना बिरुवाहरूलाई स्वस्थ राख्न चिसो हुँदा नै आफ्नो भारी काम गर्नुहोस्।,କ୍ଷେତ କାମ: ବହୁତ ଗରମ ହେଉଛି। ନିଜକୁ ଏବଂ ଆପଣଙ୍କ ଗଛଗୁଡ଼ିକୁ ସୁସ୍ଥ ରଖିବା ପାଇଁ ଥଣ୍ଡା ଥିବା ସମୟରେ ଆପଣଙ୍କର କଠିନ କାମ କରନ୍ତୁ।,,tractor
Moderate,Humid,Calm,Light Rain,irrigation,STABLE,15,Irrigation Safe,WATERING: The ground is dry. Best to water in the early morning so the plants stay strong during the heat.,"ನೀರುಹಾಕುವುದು: ನೆಲ ಒಣಗಿದೆ. ಬೆಳಿಗ್ಗೆ ಬೇಗನೆ ನೀರು ಹಾಕುವುದು ಉತ್ತಮ, ಇದರಿಂದ ಸಸ್ಯಗಳು ಶಾಖದ ಸಮಯದಲ್ಲಿ ಬಲವಾಗಿರುತ್ತವೆ.",पानी देना: मिट्टी सूखी है। पौधों को गर्मी के दौरान स्वस्थ रखने के लिए सुबह जल्दी पानी देना सबसे अच्छा है।,"நீர்ப்பாசனம்: நிலம் வறண்டு உள்ளது. அதிகாலையில் தண்ணீர் பாய்ச்சுவது நல்லது, இதனால் வெப்பத்தின் போது தாவரங்கள் வலுவாக இருக்கும்.","నీరు త్రాగుట: నేల పొడిగా ఉంటుంది. ఉదయాన్నే నీరు పోయడం మంచిది, తద్వారా వేడి సమయంలో మొక్కలు బలంగా ఉంటాయి.","നനവ്: നിലം വരണ്ടതാണ്. അതിരാവിലെ നനയ്ക്കുന്നതാണ് നല്ലത്, അങ്ങനെ ചൂടിൽ ചെടികൾ ശക്തമായി നിലനിൽക്കും.",पाणी देणे: जमीन कोरडी आहे. सकाळी लवकर पाणी देणे चांगले जेणेकरून उष्णतेमध्ये झाडे मजबूत राहतील.,પાણી આપવું: જમીન સૂકી છે. ગરમી દરમિયાન છોડ મજબૂત રહે તે માટે વહેલી સવારે પાણી આપવું શ્રેષ્ઠ છે.,"জল দেওয়া: মাটি শুষ্ক। খুব ভোরে জল দেওয়া ভালো, যাতে গরমের সময় গাছপালা শক্তিশালী থাকে।",ਪਾਣੀ ਦੇਣਾ: ਜ਼ਮੀਨ ਸੁੱਕੀ ਹੈ। ਸਵੇਰੇ ਜਲਦੀ ਪਾਣੀ ਦੇਣਾ ਸਭ ਤੋਂ ਵਧੀਆ ਹੈ ਤਾਂ ਜੋ ਪੌਦੇ ਗਰਮੀ ਦੌਰਾਨ ਮਜ਼ਬੂਤ ​​ਰਹਿਣ।,پانی دینا: زمین خشک ہے۔ صبح سویرے پانی دینا بہتر ہے تاکہ گرمی کے دوران پودے مضبوط رہیں۔,पानी हाल्ने: जमिन सुख्खा छ। बिहान सबेरै पानी हाल्नु राम्रो हुन्छ ताकि गर्मीको समयमा बिरुवाहरू बलियो रहून्।,ପାଣି ଦେବା: ଜମି ଶୁଖିଲା ଅଛି। ଗରମ ସମୟରେ ଗଛଗୁଡ଼ିକ ଶକ୍ତିଶାଳୀ ରହିବା ପାଇଁ ସକାଳୁ ପାଣି ଦେବା ଭଲ।,,droplet
Moderate,Humid,Calm,Light Rain,spraying,STABLE,15,Good Spraying Conditions,SPRAYING: The air is calm right now. Spray your crops now before the wind picks up and wastes your medicine.,ಸಿಂಪಡಣೆ: ಗಾಳಿ ಈಗ ಶಾಂತವಾಗಿದೆ. ಗಾಳಿ ಬೀಸಿ ನಿಮ್ಮ ಔಷಧ ವ್ಯರ್ಥವಾಗುವ ಮೊದಲು ನಿಮ್ಮ ಬೆಳೆಗಳಿಗೆ ಈಗಲೇ ಸಿಂಪಡಿಸಿ.,छिड़काव: इस समय हवा शांत है। हवा चलने और दवा बर्बाद होने से पहले अपनी फसलों पर छिड़काव करें।,தெளித்தல்: காற்று இப்போது அமைதியாக இருக்கிறது. காற்று வீசி உங்கள் மருந்தை வீணாக்கும் முன் உங்கள் பயிர்களுக்கு இப்போதே தெளிக்கவும்.,స్ప్రేయింగ్: ప్రస్తుతం గాలి ప్రశాంతంగా ఉంది. గాలి వీచి మీ ఔషధం వృధా అయ్యేలోపు మీ పంటలపై ఇప్పుడే పిచికారీ చేయండి.,സ്പ്രേയിംഗ്: ഇപ്പോൾ വായു ശാന്തമാണ്. കാറ്റ് വീശി നിങ്ങളുടെ മരുന്നുകൾ പാഴാക്കുന്നതിനുമുമ്പ് നിങ്ങളുടെ വിളകൾക്ക് ഇപ്പോൾ തന്നെ തളിക്കുക.,फवारणी: सध्या हवा शांत आहे. वारा येऊन तुमचे औषध वाया जाण्यापूर्वी आत्ताच तुमच्या पिकांवर फवारणी करा.,છંટકાવ: અત્યારે હવા શાંત છે. પવન ફૂંકાય અને તમારી દવા બગાડે તે પહેલાં હમણાં જ તમારા પાક પર છંટકાવ કરો.,স্প্রে করা: বাতাস এখন শান্ত। বাতাস বইতে শুরু করে এবং আপনার ওষুধ নষ্ট করার আগে এখনই আপনার ফসলে স্প্রে করুন।,ਛਿੜਕਾਅ: ਇਸ ਵੇਲੇ ਹਵਾ ਸ਼ਾਂਤ ਹੈ। ਹਵਾ ਚੱਲਣ ਅਤੇ ਤੁਹਾਡੀ ਦਵਾਈ ਬਰਬਾਦ ਹੋਣ ਤੋਂ ਪਹਿਲਾਂ ਆਪਣੀਆਂ ਫਸਲਾਂ 'ਤੇ ਹੁਣੇ ਛਿੜਕਾਅ ਕਰੋ।,چھڑکاؤ: اس وقت ہوا پرسکون ہے۔ اپنی فصلوں پر چھڑکاؤ اس سے پہلے کہ ہوا تیز ہو جائے اور آپ کی دوائی ضائع ہو جائے۔,छर्कने: अहिले हावा शान्त छ। हावा चल्नु र तपाईंको औषधि खेर जानु अघि नै आफ्नो बालीनालीमा छर्कनुहोस्।,ସିଞ୍ଚନ: ବର୍ତ୍ତମାନ ବାୟୁ ଶାନ୍ତ ଅଛି। ପବନ ବହିବା ଏବଂ ଔଷଧ ନଷ୍ଟ କରିବା ପୂର୍ବରୁ ଏବେ ଆପଣଙ୍କ ଫସଲରେ ସିଞ୍ଚନ କରନ୍ତୁ।,,spray
Moderate,Humid,Calm,Light Rain,fungal_risk,STABLE,15,Low Fungal Risk,DISEASE ALERT: It is very damp and warm. Check your leaves for rot and use protection to save your harvest.,ರೋಗ ಎಚ್ಚರಿಕೆ: ಇದು ತುಂಬಾ ತೇವ ಮತ್ತು ಬೆಚ್ಚಗಿರುತ್ತದೆ. ನಿಮ್ಮ ಎಲೆಗಳನ್ನು ಕೊಳೆತಕ್ಕಾಗಿ ಪರಿಶೀಲಿಸಿ ಮತ್ತು ನಿಮ್ಮ ಬೆಳೆಯನ್ನು ಉಳಿಸಲು ರಕ್ಷಣೆಯನ್ನು ಬಳಸಿ.,रोग चेतावनी: मौसम बहुत नम और गर्म है। पत्तियों में सड़न की जांच करें और अपनी फसल को बचाने के लिए सुरक्षात्मक उपाय करें।,"நோய் எச்சரிக்கை: இது மிகவும் ஈரப்பதமாகவும் சூடாகவும் இருக்கும். உங்கள் இலைகளில் அழுகல் இருக்கிறதா என்று சரிபார்த்து, உங்கள் அறுவடையை சேமிக்க பாதுகாப்பைப் பயன்படுத்துங்கள்.",వ్యాధి హెచ్చరిక: ఇది చాలా తడిగా మరియు వెచ్చగా ఉంటుంది. మీ ఆకులు తెగులు కోసం తనిఖీ చేయండి మరియు మీ పంటను కాపాడటానికి రక్షణను ఉపయోగించండి.,രോഗ മുന്നറിയിപ്പ്: ഇത് വളരെ ഈർപ്പമുള്ളതും ചൂടുള്ളതുമാണ്. നിങ്ങളുടെ ഇലകൾ അഴുകുന്നുണ്ടോ എന്ന് പരിശോധിച്ച് നിങ്ങളുടെ വിള സംരക്ഷിക്കാൻ സംരക്ഷണം ഉപയോഗിക്കുക.,रोगाचा इशारा: हे खूप ओलसर आणि उबदार आहे. तुमची पाने कुजली आहेत का ते तपासा आणि तुमचे पीक वाचवण्यासाठी संरक्षण वापरा.,રોગની ચેતવણી: તે ખૂબ જ ભેજવાળી અને ગરમ છે. તમારા પાંદડા સડી ગયા છે કે નહીં તે તપાસો અને તમારા પાકને બચાવવા માટે રક્ષણનો ઉપયોગ કરો.,রোগের সতর্কতা: এটি খুব স্যাঁতসেঁতে এবং উষ্ণ। আপনার পাতা পচে গেছে কিনা তা পরীক্ষা করুন এবং আপনার ফসল বাঁচাতে সুরক্ষা ব্যবস্থা ব্যবহার করুন।,ਬਿਮਾਰੀ ਦੀ ਚੇਤਾਵਨੀ: ਇਹ ਬਹੁਤ ਗਿੱਲਾ ਅਤੇ ਗਰਮ ਹੈ। ਆਪਣੇ ਪੱਤਿਆਂ ਦੀ ਸੜਨ ਦੀ ਜਾਂਚ ਕਰੋ ਅਤੇ ਆਪਣੀ ਫ਼ਸਲ ਨੂੰ ਬਚਾਉਣ ਲਈ ਸੁਰੱਖਿਆ ਦੀ ਵਰਤੋਂ ਕਰੋ।,بیماری کا انتباہ: یہ بہت نم اور گرم ہے۔ اپنے پتوں کو سڑنے کے لیے چیک کریں اور اپنی فصل کو بچانے کے لیے تحفظ کا استعمال کریں۔,रोगको चेतावनी: यो धेरै ओसिलो र न्यानो छ। आफ्नो पातहरू कुहिन जाँच गर्नुहोस् र आफ्नो बाली बचाउन सुरक्षा प्रयोग गर्नुहोस्।,ରୋଗ ସତର୍କତା: ଏହା ବହୁତ ଓଦା ଏବଂ ଉଷ୍ମ। ଆପଣଙ୍କ ପତ୍ର ପଚିଛି କି ନାହିଁ ଯାଞ୍ଚ କରନ୍ତୁ ଏବଂ ଆପଣଙ୍କ ଫସଲକୁ ବଞ୍ଚାଇବା ପାଇଁ ସୁରକ୍ଷା ବ୍ୟବହାର କରନ୍ତୁ।,,shield
Moderate,Humid,Calm,Light Rain,field_work,STABLE,15,Good Field Work Day,FIELD WORK: It is getting very hot. Do your heavy work while it is still cool to keep yourself and your plants healthy.,ಕ್ಷೇತ್ರದ ಕೆಲಸ: ತುಂಬಾ ಬಿಸಿಯಾಗುತ್ತಿದೆ. ನಿಮ್ಮನ್ನು ಮತ್ತು ನಿಮ್ಮ ಸಸ್ಯಗಳನ್ನು ಆರೋಗ್ಯವಾಗಿಡಲು ತಂಪಾಗಿರುವಾಗಲೇ ನಿಮ್ಮ ಭಾರವಾದ ಕೆಲಸವನ್ನು ಮಾಡಿ.,"खेत का काम: बहुत गर्मी पड़ रही है। अपना भारी काम तब करें जब मौसम ठंडा हो, ताकि आप और आपके पौधे स्वस्थ रहें।","களப்பணி: மிகவும் சூடாகி வருகிறது. உங்களையும் உங்கள் தாவரங்களையும் ஆரோக்கியமாக வைத்திருக்க, குளிர்ச்சியாக இருக்கும்போதே உங்கள் கனமான வேலையைச் செய்யுங்கள்.",ఫీల్డ్ వర్క్: చాలా వేడిగా ఉంది. మిమ్మల్ని మరియు మీ మొక్కలను ఆరోగ్యంగా ఉంచుకోవడానికి చల్లగా ఉన్నప్పుడే మీ భారీ పని చేయండి.,വയലിലെ ജോലി: ചൂട് കൂടിവരികയാണ്. നിങ്ങളെയും നിങ്ങളുടെ ചെടികളെയും ആരോഗ്യത്തോടെ നിലനിർത്താൻ തണുപ്പുള്ളപ്പോൾ തന്നെ ഭാരിച്ച ജോലികൾ ചെയ്യുക.,शेतातील काम: खूप उष्णता वाढत आहे. स्वतःला आणि तुमच्या झाडांना निरोगी ठेवण्यासाठी थंड असतानाच तुमचे जड काम करा.,ખેતરમાં કામ: ખૂબ ગરમી પડી રહી છે. ઠંડી હોય ત્યારે ભારે કામ કરો જેથી તમારી જાતને અને તમારા છોડને સ્વસ્થ રાખી શકાય.,মাঠের কাজ: খুব গরম পড়ছে। নিজেকে এবং আপনার গাছপালা সুস্থ রাখতে ঠান্ডা থাকতেই ভারী কাজ করুন।,ਖੇਤ ਦਾ ਕੰਮ: ਬਹੁਤ ਗਰਮੀ ਪੈ ਰਹੀ ਹੈ। ਆਪਣੇ ਆਪ ਨੂੰ ਅਤੇ ਆਪਣੇ ਪੌਦਿਆਂ ਨੂੰ ਸਿਹਤਮੰਦ ਰੱਖਣ ਲਈ ਠੰਡਾ ਹੋਣ ਤੱਕ ਆਪਣਾ ਭਾਰੀ ਕੰਮ ਕਰੋ।,فیلڈ ورک: یہ بہت گرم ہو رہا ہے۔ اپنے آپ کو اور اپنے پودوں کو صحت مند رکھنے کے لیے ٹھنڈا ہونے کے دوران اپنا بھاری کام کریں۔,खेतबारीको काम: धेरै गर्मी भइरहेको छ। आफू र आफ्ना बिरुवाहरूलाई स्वस्थ राख्न चिसो हुँदा नै आफ्नो भारी काम गर्नुहोस्।,କ୍ଷେତ କାମ: ବହୁତ ଗରମ ହେଉଛି। ନିଜକୁ ଏବଂ ଆପଣଙ୍କ ଗଛଗୁଡ଼ିକୁ ସୁସ୍ଥ ରଖିବା ପାଇଁ ଥଣ୍ଡା ଥିବା ସମୟରେ ଆପଣଙ୍କର କଠିନ କାମ କରନ୍ତୁ।,,tractor
Moderate,Humid,Calm,Heavy Rain,irrigation,STABLE,15,Irrigation Safe,WATERING: The ground is dry. Best to water in the early morning so the plants stay strong during the heat.,"ನೀರುಹಾಕುವುದು: ನೆಲ ಒಣಗಿದೆ. ಬೆಳಿಗ್ಗೆ ಬೇಗನೆ ನೀರು ಹಾಕುವುದು ಉತ್ತಮ, ಇದರಿಂದ ಸಸ್ಯಗಳು ಶಾಖದ ಸಮಯದಲ್ಲಿ ಬಲವಾಗಿರುತ್ತವೆ.",पानी देना: मिट्टी सूखी है। पौधों को गर्मी के दौरान स्वस्थ रखने के लिए सुबह जल्दी पानी देना सबसे अच्छा है।,"நீர்ப்பாசனம்: நிலம் வறண்டு உள்ளது. அதிகாலையில் தண்ணீர் பாய்ச்சுவது நல்லது, இதனால் வெப்பத்தின் போது தாவரங்கள் வலுவாக இருக்கும்.","నీరు త్రాగుట: నేల పొడిగా ఉంటుంది. ఉదయాన్నే నీరు పోయడం మంచిది, తద్వారా వేడి సమయంలో మొక్కలు బలంగా ఉంటాయి.","നനവ്: നിലം വരണ്ടതാണ്. അതിരാവിലെ നനയ്ക്കുന്നതാണ് നല്ലത്, അങ്ങനെ ചൂടിൽ ചെടികൾ ശക്തമായി നിലനിൽക്കും.",पाणी देणे: जमीन कोरडी आहे. सकाळी लवकर पाणी देणे चांगले जेणेकरून उष्णतेमध्ये झाडे मजबूत राहतील.,પાણી આપવું: જમીન સૂકી છે. ગરમી દરમિયાન છોડ મજબૂત રહે તે માટે વહેલી સવારે પાણી આપવું શ્રેષ્ઠ છે.,"জল দেওয়া: মাটি শুষ্ক। খুব ভোরে জল দেওয়া ভালো, যাতে গরমের সময় গাছপালা শক্তিশালী থাকে।",ਪਾਣੀ ਦੇਣਾ: ਜ਼ਮੀਨ ਸੁੱਕੀ ਹੈ। ਸਵੇਰੇ ਜਲਦੀ ਪਾਣੀ ਦੇਣਾ ਸਭ ਤੋਂ ਵਧੀਆ ਹੈ ਤਾਂ ਜੋ ਪੌਦੇ ਗਰਮੀ ਦੌਰਾਨ ਮਜ਼ਬੂਤ ​​ਰਹਿਣ।,پانی دینا: زمین خشک ہے۔ صبح سویرے پانی دینا بہتر ہے تاکہ گرمی کے دوران پودے مضبوط رہیں۔,पानी हाल्ने: जमिन सुख्खा छ। बिहान सबेरै पानी हाल्नु राम्रो हुन्छ ताकि गर्मीको समयमा बिरुवाहरू बलियो रहून्।,ପାଣି ଦେବା: ଜମି ଶୁଖିଲା ଅଛି। ଗରମ ସମୟରେ ଗଛଗୁଡ଼ିକ ଶକ୍ତିଶାଳୀ ରହିବା ପାଇଁ ସକାଳୁ ପାଣି ଦେବା ଭଲ।,,droplet
Moderate,Humid,Calm,Heavy Rain,spraying,STABLE,15,Good Spraying Conditions,SPRAYING: The air is calm right now. Spray your crops now before the wind picks up and wastes your medicine.,ಸಿಂಪಡಣೆ: ಗಾಳಿ ಈಗ ಶಾಂತವಾಗಿದೆ. ಗಾಳಿ ಬೀಸಿ ನಿಮ್ಮ ಔಷಧ ವ್ಯರ್ಥವಾಗುವ ಮೊದಲು ನಿಮ್ಮ ಬೆಳೆಗಳಿಗೆ ಈಗಲೇ ಸಿಂಪಡಿಸಿ.,छिड़काव: इस समय हवा शांत है। हवा चलने और दवा बर्बाद होने से पहले अपनी फसलों पर छिड़काव करें।,தெளித்தல்: காற்று இப்போது அமைதியாக இருக்கிறது. காற்று வீசி உங்கள் மருந்தை வீணாக்கும் முன் உங்கள் பயிர்களுக்கு இப்போதே தெளிக்கவும்.,స్ప్రేయింగ్: ప్రస్తుతం గాలి ప్రశాంతంగా ఉంది. గాలి వీచి మీ ఔషధం వృధా అయ్యేలోపు మీ పంటలపై ఇప్పుడే పిచికారీ చేయండి.,സ്പ്രേയിംഗ്: ഇപ്പോൾ വായു ശാന്തമാണ്. കാറ്റ് വീശി നിങ്ങളുടെ മരുന്നുകൾ പാഴാക്കുന്നതിനുമുമ്പ് നിങ്ങളുടെ വിളകൾക്ക് ഇപ്പോൾ തന്നെ തളിക്കുക.,फवारणी: सध्या हवा शांत आहे. वारा येऊन तुमचे औषध वाया जाण्यापूर्वी आत्ताच तुमच्या पिकांवर फवारणी करा.,છંટકાવ: અત્યારે હવા શાંત છે. પવન ફૂંકાય અને તમારી દવા બગાડે તે પહેલાં હમણાં જ તમારા પાક પર છંટકાવ કરો.,স্প্রে করা: বাতাস এখন শান্ত। বাতাস বইতে শুরু করে এবং আপনার ওষুধ নষ্ট করার আগে এখনই আপনার ফসলে স্প্রে করুন।,ਛਿੜਕਾਅ: ਇਸ ਵੇਲੇ ਹਵਾ ਸ਼ਾਂਤ ਹੈ। ਹਵਾ ਚੱਲਣ ਅਤੇ ਤੁਹਾਡੀ ਦਵਾਈ ਬਰਬਾਦ ਹੋਣ ਤੋਂ ਪਹਿਲਾਂ ਆਪਣੀਆਂ ਫਸਲਾਂ 'ਤੇ ਹੁਣੇ ਛਿੜਕਾਅ ਕਰੋ।,چھڑکاؤ: اس وقت ہوا پرسکون ہے۔ اپنی فصلوں پر چھڑکاؤ اس سے پہلے کہ ہوا تیز ہو جائے اور آپ کی دوائی ضائع ہو جائے۔,छर्कने: अहिले हावा शान्त छ। हावा चल्नु र तपाईंको औषधि खेर जानु अघि नै आफ्नो बालीनालीमा छर्कनुहोस्।,ସିଞ୍ଚନ: ବର୍ତ୍ତମାନ ବାୟୁ ଶାନ୍ତ ଅଛି। ପବନ ବହିବା ଏବଂ ଔଷଧ ନଷ୍ଟ କରିବା ପୂର୍ବରୁ ଏବେ ଆପଣଙ୍କ ଫସଲରେ ସିଞ୍ଚନ କରନ୍ତୁ।,,spray
Moderate,Humid,Calm,Heavy Rain,fungal_risk,STABLE,15,Low Fungal Risk,DISEASE ALERT: It is very damp and warm. Check your leaves for rot and use protection to save your harvest.,ರೋಗ ಎಚ್ಚರಿಕೆ: ಇದು ತುಂಬಾ ತೇವ ಮತ್ತು ಬೆಚ್ಚಗಿರುತ್ತದೆ. ನಿಮ್ಮ ಎಲೆಗಳನ್ನು ಕೊಳೆತಕ್ಕಾಗಿ ಪರಿಶೀಲಿಸಿ ಮತ್ತು ನಿಮ್ಮ ಬೆಳೆಯನ್ನು ಉಳಿಸಲು ರಕ್ಷಣೆಯನ್ನು ಬಳಸಿ.,रोग चेतावनी: मौसम बहुत नम और गर्म है। पत्तियों में सड़न की जांच करें और अपनी फसल को बचाने के लिए सुरक्षात्मक उपाय करें।,"நோய் எச்சரிக்கை: இது மிகவும் ஈரப்பதமாகவும் சூடாகவும் இருக்கும். உங்கள் இலைகளில் அழுகல் இருக்கிறதா என்று சரிபார்த்து, உங்கள் அறுவடையை சேமிக்க பாதுகாப்பைப் பயன்படுத்துங்கள்.",వ్యాధి హెచ్చరిక: ఇది చాలా తడిగా మరియు వెచ్చగా ఉంటుంది. మీ ఆకులు తెగులు కోసం తనిఖీ చేయండి మరియు మీ పంటను కాపాడటానికి రక్షణను ఉపయోగించండి.,രോഗ മുന്നറിയിപ്പ്: ഇത് വളരെ ഈർപ്പമുള്ളതും ചൂടുള്ളതുമാണ്. നിങ്ങളുടെ ഇലകൾ അഴുകുന്നുണ്ടോ എന്ന് പരിശോധിച്ച് നിങ്ങളുടെ വിള സംരക്ഷിക്കാൻ സംരക്ഷണം ഉപയോഗിക്കുക.,रोगाचा इशारा: हे खूप ओलसर आणि उबदार आहे. तुमची पाने कुजली आहेत का ते तपासा आणि तुमचे पीक वाचवण्यासाठी संरक्षण वापरा.,રોગની ચેતવણી: તે ખૂબ જ ભેજવાળી અને ગરમ છે. તમારા પાંદડા સડી ગયા છે કે નહીં તે તપાસો અને તમારા પાકને બચાવવા માટે રક્ષણનો ઉપયોગ કરો.,রোগের সতর্কতা: এটি খুব স্যাঁতসেঁতে এবং উষ্ণ। আপনার পাতা পচে গেছে কিনা তা পরীক্ষা করুন এবং আপনার ফসল বাঁচাতে সুরক্ষা ব্যবস্থা ব্যবহার করুন।,ਬਿਮਾਰੀ ਦੀ ਚੇਤਾਵਨੀ: ਇਹ ਬਹੁਤ ਗਿੱਲਾ ਅਤੇ ਗਰਮ ਹੈ। ਆਪਣੇ ਪੱਤਿਆਂ ਦੀ ਸੜਨ ਦੀ ਜਾਂਚ ਕਰੋ ਅਤੇ ਆਪਣੀ ਫ਼ਸਲ ਨੂੰ ਬਚਾਉਣ ਲਈ ਸੁਰੱਖਿਆ ਦੀ ਵਰਤੋਂ ਕਰੋ।,بیماری کا انتباہ: یہ بہت نم اور گرم ہے۔ اپنے پتوں کو سڑنے کے لیے چیک کریں اور اپنی فصل کو بچانے کے لیے تحفظ کا استعمال کریں۔,रोगको चेतावनी: यो धेरै ओसिलो र न्यानो छ। आफ्नो पातहरू कुहिन जाँच गर्नुहोस् र आफ्नो बाली बचाउन सुरक्षा प्रयोग गर्नुहोस्।,ରୋଗ ସତର୍କତା: ଏହା ବହୁତ ଓଦା ଏବଂ ଉଷ୍ମ। ଆପଣଙ୍କ ପତ୍ର ପଚିଛି କି ନାହିଁ ଯାଞ୍ଚ କରନ୍ତୁ ଏବଂ ଆପଣଙ୍କ ଫସଲକୁ ବଞ୍ଚାଇବା ପାଇଁ ସୁରକ୍ଷା ବ୍ୟବହାର କରନ୍ତୁ।,,shield
Moderate,Humid,Calm,Heavy Rain,field_work,STABLE,15,Good Field Work Day,FIELD WORK: It is getting very hot. Do your heavy work while it is still cool to keep yourself and your plants healthy.,ಕ್ಷೇತ್ರದ ಕೆಲಸ: ತುಂಬಾ ಬಿಸಿಯಾಗುತ್ತಿದೆ. ನಿಮ್ಮನ್ನು ಮತ್ತು ನಿಮ್ಮ ಸಸ್ಯಗಳನ್ನು ಆರೋಗ್ಯವಾಗಿಡಲು ತಂಪಾಗಿರುವಾಗಲೇ ನಿಮ್ಮ ಭಾರವಾದ ಕೆಲಸವನ್ನು ಮಾಡಿ.,"खेत का काम: बहुत गर्मी पड़ रही है। अपना भारी काम तब करें जब मौसम ठंडा हो, ताकि आप और आपके पौधे स्वस्थ रहें।","களப்பணி: மிகவும் சூடாகி வருகிறது. உங்களையும் உங்கள் தாவரங்களையும் ஆரோக்கியமாக வைத்திருக்க, குளிர்ச்சியாக இருக்கும்போதே உங்கள் கனமான வேலையைச் செய்யுங்கள்.",ఫీల్డ్ వర్క్: చాలా వేడిగా ఉంది. మిమ్మల్ని మరియు మీ మొక్కలను ఆరోగ్యంగా ఉంచుకోవడానికి చల్లగా ఉన్నప్పుడే మీ భారీ పని చేయండి.,വയലിലെ ജോലി: ചൂട് കൂടിവരികയാണ്. നിങ്ങളെയും നിങ്ങളുടെ ചെടികളെയും ആരോഗ്യത്തോടെ നിലനിർത്താൻ തണുപ്പുള്ളപ്പോൾ തന്നെ ഭാരിച്ച ജോലികൾ ചെയ്യുക.,शेतातील काम: खूप उष्णता वाढत आहे. स्वतःला आणि तुमच्या झाडांना निरोगी ठेवण्यासाठी थंड असतानाच तुमचे जड काम करा.,ખેતરમાં કામ: ખૂબ ગરમી પડી રહી છે. ઠંડી હોય ત્યારે ભારે કામ કરો જેથી તમારી જાતને અને તમારા છોડને સ્વસ્થ રાખી શકાય.,মাঠের কাজ: খুব গরম পড়ছে। নিজেকে এবং আপনার গাছপালা সুস্থ রাখতে ঠান্ডা থাকতেই ভারী কাজ করুন।,ਖੇਤ ਦਾ ਕੰਮ: ਬਹੁਤ ਗਰਮੀ ਪੈ ਰਹੀ ਹੈ। ਆਪਣੇ ਆਪ ਨੂੰ ਅਤੇ ਆਪਣੇ ਪੌਦਿਆਂ ਨੂੰ ਸਿਹਤਮੰਦ ਰੱਖਣ ਲਈ ਠੰਡਾ ਹੋਣ ਤੱਕ ਆਪਣਾ ਭਾਰੀ ਕੰਮ ਕਰੋ।,فیلڈ ورک: یہ بہت گرم ہو رہا ہے۔ اپنے آپ کو اور اپنے پودوں کو صحت مند رکھنے کے لیے ٹھنڈا ہونے کے دوران اپنا بھاری کام کریں۔,खेतबारीको काम: धेरै गर्मी भइरहेको छ। आफू र आफ्ना बिरुवाहरूलाई स्वस्थ राख्न चिसो हुँदा नै आफ्नो भारी काम गर्नुहोस्।,କ୍ଷେତ କାମ: ବହୁତ ଗରମ ହେଉଛି। ନିଜକୁ ଏବଂ ଆପଣଙ୍କ ଗଛଗୁଡ଼ିକୁ ସୁସ୍ଥ ରଖିବା ପାଇଁ ଥଣ୍ଡା ଥିବା ସମୟରେ ଆପଣଙ୍କର କଠିନ କାମ କରନ୍ତୁ।,,tractor
Moderate,Humid,Breezy,Dry,irrigation,CAUTION,45,Irrigation Caution,WATERING: The ground is dry. Best to water in the early morning so the plants stay strong during the heat.,"ನೀರುಹಾಕುವುದು: ನೆಲ ಒಣಗಿದೆ. ಬೆಳಿಗ್ಗೆ ಬೇಗನೆ ನೀರು ಹಾಕುವುದು ಉತ್ತಮ, ಇದರಿಂದ ಸಸ್ಯಗಳು ಶಾಖದ ಸಮಯದಲ್ಲಿ ಬಲವಾಗಿರುತ್ತವೆ.",पानी देना: मिट्टी सूखी है। पौधों को गर्मी के दौरान स्वस्थ रखने के लिए सुबह जल्दी पानी देना सबसे अच्छा है।,"நீர்ப்பாசனம்: நிலம் வறண்டு உள்ளது. அதிகாலையில் தண்ணீர் பாய்ச்சுவது நல்லது, இதனால் வெப்பத்தின் போது தாவரங்கள் வலுவாக இருக்கும்.","నీరు త్రాగుట: నేల పొడిగా ఉంటుంది. ఉదయాన్నే నీరు పోయడం మంచిది, తద్వారా వేడి సమయంలో మొక్కలు బలంగా ఉంటాయి.","നനവ്: നിലം വരണ്ടതാണ്. അതിരാവിലെ നനയ്ക്കുന്നതാണ് നല്ലത്, അങ്ങനെ ചൂടിൽ ചെടികൾ ശക്തമായി നിലനിൽക്കും.",पाणी देणे: जमीन कोरडी आहे. सकाळी लवकर पाणी देणे चांगले जेणेकरून उष्णतेमध्ये झाडे मजबूत राहतील.,પાણી આપવું: જમીન સૂકી છે. ગરમી દરમિયાન છોડ મજબૂત રહે તે માટે વહેલી સવારે પાણી આપવું શ્રેષ્ઠ છે.,"জল দেওয়া: মাটি শুষ্ক। খুব ভোরে জল দেওয়া ভালো, যাতে গরমের সময় গাছপালা শক্তিশালী থাকে।",ਪਾਣੀ ਦੇਣਾ: ਜ਼ਮੀਨ ਸੁੱਕੀ ਹੈ। ਸਵੇਰੇ ਜਲਦੀ ਪਾਣੀ ਦੇਣਾ ਸਭ ਤੋਂ ਵਧੀਆ ਹੈ ਤਾਂ ਜੋ ਪੌਦੇ ਗਰਮੀ ਦੌਰਾਨ ਮਜ਼ਬੂਤ ​​ਰਹਿਣ।,پانی دینا: زمین خشک ہے۔ صبح سویرے پانی دینا بہتر ہے تاکہ گرمی کے دوران پودے مضبوط رہیں۔,पानी हाल्ने: जमिन सुख्खा छ। बिहान सबेरै पानी हाल्नु राम्रो हुन्छ ताकि गर्मीको समयमा बिरुवाहरू बलियो रहून्।,ପାଣି ଦେବା: ଜମି ଶୁଖିଲା ଅଛି। ଗରମ ସମୟରେ ଗଛଗୁଡ଼ିକ ଶକ୍ତିଶାଳୀ ରହିବା ପାଇଁ ସକାଳୁ ପାଣି ଦେବା ଭଲ।,Before 8 AM,droplet
Moderate,Humid,Breezy,Dry,spraying,CAUTION,45,Spray With Caution,SPRAYING: The air is calm right now. Spray your crops now before the wind picks up and wastes your medicine.,ಸಿಂಪಡಣೆ: ಗಾಳಿ ಈಗ ಶಾಂತವಾಗಿದೆ. ಗಾಳಿ ಬೀಸಿ ನಿಮ್ಮ ಔಷಧ ವ್ಯರ್ಥವಾಗುವ ಮೊದಲು ನಿಮ್ಮ ಬೆಳೆಗಳಿಗೆ ಈಗಲೇ ಸಿಂಪಡಿಸಿ.,छिड़काव: इस समय हवा शांत है। हवा चलने और दवा बर्बाद होने से पहले अपनी फसलों पर छिड़काव करें।,தெளித்தல்: காற்று இப்போது அமைதியாக இருக்கிறது. காற்று வீசி உங்கள் மருந்தை வீணாக்கும் முன் உங்கள் பயிர்களுக்கு இப்போதே தெளிக்கவும்.,స్ప్రేయింగ్: ప్రస్తుతం గాలి ప్రశాంతంగా ఉంది. గాలి వీచి మీ ఔషధం వృధా అయ్యేలోపు మీ పంటలపై ఇప్పుడే పిచికారీ చేయండి.,സ്പ്രേയിംഗ്: ഇപ്പോൾ വായു ശാന്തമാണ്. കാറ്റ് വീശി നിങ്ങളുടെ മരുന്നുകൾ പാഴാക്കുന്നതിനുമുമ്പ് നിങ്ങളുടെ വിളകൾക്ക് ഇപ്പോൾ തന്നെ തളിക്കുക.,फवारणी: सध्या हवा शांत आहे. वारा येऊन तुमचे औषध वाया जाण्यापूर्वी आत्ताच तुमच्या पिकांवर फवारणी करा.,છંટકાવ: અત્યારે હવા શાંત છે. પવન ફૂંકાય અને તમારી દવા બગાડે તે પહેલાં હમણાં જ તમારા પાક પર છંટકાવ કરો.,স্প্রে করা: বাতাস এখন শান্ত। বাতাস বইতে শুরু করে এবং আপনার ওষুধ নষ্ট করার আগে এখনই আপনার ফসলে স্প্রে করুন।,ਛਿੜਕਾਅ: ਇਸ ਵੇਲੇ ਹਵਾ ਸ਼ਾਂਤ ਹੈ। ਹਵਾ ਚੱਲਣ ਅਤੇ ਤੁਹਾਡੀ ਦਵਾਈ ਬਰਬਾਦ ਹੋਣ ਤੋਂ ਪਹਿਲਾਂ ਆਪਣੀਆਂ ਫਸਲਾਂ 'ਤੇ ਹੁਣੇ ਛਿੜਕਾਅ ਕਰੋ।,چھڑکاؤ: اس وقت ہوا پرسکون ہے۔ اپنی فصلوں پر چھڑکاؤ اس سے پہلے کہ ہوا تیز ہو جائے اور آپ کی دوائی ضائع ہو جائے۔,छर्कने: अहिले हावा शान्त छ। हावा चल्नु र तपाईंको औषधि खेर जानु अघि नै आफ्नो बालीनालीमा छर्कनुहोस्।,ସିଞ୍ଚନ: ବର୍ତ୍ତମାନ ବାୟୁ ଶାନ୍ତ ଅଛି। ପବନ ବହିବା ଏବଂ ଔଷଧ ନଷ୍ଟ କରିବା ପୂର୍ବରୁ ଏବେ ଆପଣଙ୍କ ଫସଲରେ ସିଞ୍ଚନ କରନ୍ତୁ।,Before 10 AM,spray
Moderate,Humid,Breezy,Dry,fungal_risk,CAUTION,45,Monitor Fungal Risk,DISEASE ALERT: It is very damp and warm. Check your leaves for rot and use protection to save your harvest.,ರೋಗ ಎಚ್ಚರಿಕೆ: ಇದು ತುಂಬಾ ತೇವ ಮತ್ತು ಬೆಚ್ಚಗಿರುತ್ತದೆ. ನಿಮ್ಮ ಎಲೆಗಳನ್ನು ಕೊಳೆತಕ್ಕಾಗಿ ಪರಿಶೀಲಿಸಿ ಮತ್ತು ನಿಮ್ಮ ಬೆಳೆಯನ್ನು ಉಳಿಸಲು ರಕ್ಷಣೆಯನ್ನು ಬಳಸಿ.,रोग चेतावनी: मौसम बहुत नम और गर्म है। पत्तियों में सड़न की जांच करें और अपनी फसल को बचाने के लिए सुरक्षात्मक उपाय करें।,"நோய் எச்சரிக்கை: இது மிகவும் ஈரப்பதமாகவும் சூடாகவும் இருக்கும். உங்கள் இலைகளில் அழுகல் இருக்கிறதா என்று சரிபார்த்து, உங்கள் அறுவடையை சேமிக்க பாதுகாப்பைப் பயன்படுத்துங்கள்.",వ్యాధి హెచ్చరిక: ఇది చాలా తడిగా మరియు వెచ్చగా ఉంటుంది. మీ ఆకులు తెగులు కోసం తనిఖీ చేయండి మరియు మీ పంటను కాపాడటానికి రక్షణను ఉపయోగించండి.,രോഗ മുന്നറിയിപ്പ്: ഇത് വളരെ ഈർപ്പമുള്ളതും ചൂടുള്ളതുമാണ്. നിങ്ങളുടെ ഇലകൾ അഴുകുന്നുണ്ടോ എന്ന് പരിശോധിച്ച് നിങ്ങളുടെ വിള സംരക്ഷിക്കാൻ സംരക്ഷണം ഉപയോഗിക്കുക.,रोगाचा इशारा: हे खूप ओलसर आणि उबदार आहे. तुमची पाने कुजली आहेत का ते तपासा आणि तुमचे पीक वाचवण्यासाठी संरक्षण वापरा.,રોગની ચેતવણી: તે ખૂબ જ ભેજવાળી અને ગરમ છે. તમારા પાંદડા સડી ગયા છે કે નહીં તે તપાસો અને તમારા પાકને બચાવવા માટે રક્ષણનો ઉપયોગ કરો.,রোগের সতর্কতা: এটি খুব স্যাঁতসেঁতে এবং উষ্ণ। আপনার পাতা পচে গেছে কিনা তা পরীক্ষা করুন এবং আপনার ফসল বাঁচাতে সুরক্ষা ব্যবস্থা ব্যবহার করুন।,ਬਿਮਾਰੀ ਦੀ ਚੇਤਾਵਨੀ: ਇਹ ਬਹੁਤ ਗਿੱਲਾ ਅਤੇ ਗਰਮ ਹੈ। ਆਪਣੇ ਪੱਤਿਆਂ ਦੀ ਸੜਨ ਦੀ ਜਾਂਚ ਕਰੋ ਅਤੇ ਆਪਣੀ ਫ਼ਸਲ ਨੂੰ ਬਚਾਉਣ ਲਈ ਸੁਰੱਖਿਆ ਦੀ ਵਰਤੋਂ ਕਰੋ।,بیماری کا انتباہ: یہ بہت نم اور گرم ہے۔ اپنے پتوں کو سڑنے کے لیے چیک کریں اور اپنی فصل کو بچانے کے لیے تحفظ کا استعمال کریں۔,रोगको चेतावनी: यो धेरै ओसिलो र न्यानो छ। आफ्नो पातहरू कुहिन जाँच गर्नुहोस् र आफ्नो बाली बचाउन सुरक्षा प्रयोग गर्नुहोस्।,ରୋଗ ସତର୍କତା: ଏହା ବହୁତ ଓଦା ଏବଂ ଉଷ୍ମ। ଆପଣଙ୍କ ପତ୍ର ପଚିଛି କି ନାହିଁ ଯାଞ୍ଚ କରନ୍ତୁ ଏବଂ ଆପଣଙ୍କ ଫସଲକୁ ବଞ୍ଚାଇବା ପାଇଁ ସୁରକ୍ଷା ବ୍ୟବହାର କରନ୍ତୁ।,,warning
Moderate,Humid,Breezy,Dry,field_work,CAUTION,45,Limit Field Work Hours,FIELD WORK: It is getting very hot. Do your heavy work while it is still cool to keep yourself and your plants healthy.,ಕ್ಷೇತ್ರದ ಕೆಲಸ: ತುಂಬಾ ಬಿಸಿಯಾಗುತ್ತಿದೆ. ನಿಮ್ಮನ್ನು ಮತ್ತು ನಿಮ್ಮ ಸಸ್ಯಗಳನ್ನು ಆರೋಗ್ಯವಾಗಿಡಲು ತಂಪಾಗಿರುವಾಗಲೇ ನಿಮ್ಮ ಭಾರವಾದ ಕೆಲಸವನ್ನು ಮಾಡಿ.,"खेत का काम: बहुत गर्मी पड़ रही है। अपना भारी काम तब करें जब मौसम ठंडा हो, ताकि आप और आपके पौधे स्वस्थ रहें।","களப்பணி: மிகவும் சூடாகி வருகிறது. உங்களையும் உங்கள் தாவரங்களையும் ஆரோக்கியமாக வைத்திருக்க, குளிர்ச்சியாக இருக்கும்போதே உங்கள் கனமான வேலையைச் செய்யுங்கள்.",ఫీల్డ్ వర్క్: చాలా వేడిగా ఉంది. మిమ్మల్ని మరియు మీ మొక్కలను ఆరోగ్యంగా ఉంచుకోవడానికి చల్లగా ఉన్నప్పుడే మీ భారీ పని చేయండి.,വയലിലെ ജോലി: ചൂട് കൂടിവരികയാണ്. നിങ്ങളെയും നിങ്ങളുടെ ചെടികളെയും ആരോഗ്യത്തോടെ നിലനിർത്താൻ തണുപ്പുള്ളപ്പോൾ തന്നെ ഭാരിച്ച ജോലികൾ ചെയ്യുക.,शेतातील काम: खूप उष्णता वाढत आहे. स्वतःला आणि तुमच्या झाडांना निरोगी ठेवण्यासाठी थंड असतानाच तुमचे जड काम करा.,ખેતરમાં કામ: ખૂબ ગરમી પડી રહી છે. ઠંડી હોય ત્યારે ભારે કામ કરો જેથી તમારી જાતને અને તમારા છોડને સ્વસ્થ રાખી શકાય.,মাঠের কাজ: খুব গরম পড়ছে। নিজেকে এবং আপনার গাছপালা সুস্থ রাখতে ঠান্ডা থাকতেই ভারী কাজ করুন।,ਖੇਤ ਦਾ ਕੰਮ: ਬਹੁਤ ਗਰਮੀ ਪੈ ਰਹੀ ਹੈ। ਆਪਣੇ ਆਪ ਨੂੰ ਅਤੇ ਆਪਣੇ ਪੌਦਿਆਂ ਨੂੰ ਸਿਹਤਮੰਦ ਰੱਖਣ ਲਈ ਠੰਡਾ ਹੋਣ ਤੱਕ ਆਪਣਾ ਭਾਰੀ ਕੰਮ ਕਰੋ।,فیلڈ ورک: یہ بہت گرم ہو رہا ہے۔ اپنے آپ کو اور اپنے پودوں کو صحت مند رکھنے کے لیے ٹھنڈا ہونے کے دوران اپنا بھاری کام کریں۔,खेतबारीको काम: धेरै गर्मी भइरहेको छ। आफू र आफ्ना बिरुवाहरूलाई स्वस्थ राख्न चिसो हुँदा नै आफ्नो भारी काम गर्नुहोस्।,କ୍ଷେତ କାମ: ବହୁତ ଗରମ ହେଉଛି। ନିଜକୁ ଏବଂ ଆପଣଙ୍କ ଗଛଗୁଡ଼ିକୁ ସୁସ୍ଥ ରଖିବା ପାଇଁ ଥଣ୍ଡା ଥିବା ସମୟରେ ଆପଣଙ୍କର କଠିନ କାମ କରନ୍ତୁ।,Before 10 AM or After 5 PM,tractor
Moderate,Humid,Breezy,Light Rain,irrigation,CAUTION,45,Irrigation Caution,WATERING: The ground is dry. Best to water in the early morning so the plants stay strong during the heat.,"ನೀರುಹಾಕುವುದು: ನೆಲ ಒಣಗಿದೆ. ಬೆಳಿಗ್ಗೆ ಬೇಗನೆ ನೀರು ಹಾಕುವುದು ಉತ್ತಮ, ಇದರಿಂದ ಸಸ್ಯಗಳು ಶಾಖದ ಸಮಯದಲ್ಲಿ ಬಲವಾಗಿರುತ್ತವೆ.",पानी देना: मिट्टी सूखी है। पौधों को गर्मी के दौरान स्वस्थ रखने के लिए सुबह जल्दी पानी देना सबसे अच्छा है।,"நீர்ப்பாசனம்: நிலம் வறண்டு உள்ளது. அதிகாலையில் தண்ணீர் பாய்ச்சுவது நல்லது, இதனால் வெப்பத்தின் போது தாவரங்கள் வலுவாக இருக்கும்.","నీరు త్రాగుట: నేల పొడిగా ఉంటుంది. ఉదయాన్నే నీరు పోయడం మంచిది, తద్వారా వేడి సమయంలో మొక్కలు బలంగా ఉంటాయి.","നനവ്: നിലം വരണ്ടതാണ്. അതിരാവിലെ നനയ്ക്കുന്നതാണ് നല്ലത്, അങ്ങനെ ചൂടിൽ ചെടികൾ ശക്തമായി നിലനിൽക്കും.",पाणी देणे: जमीन कोरडी आहे. सकाळी लवकर पाणी देणे चांगले जेणेकरून उष्णतेमध्ये झाडे मजबूत राहतील.,પાણી આપવું: જમીન સૂકી છે. ગરમી દરમિયાન છોડ મજબૂત રહે તે માટે વહેલી સવારે પાણી આપવું શ્રેષ્ઠ છે.,"জল দেওয়া: মাটি শুষ্ক। খুব ভোরে জল দেওয়া ভালো, যাতে গরমের সময় গাছপালা শক্তিশালী থাকে।",ਪਾਣੀ ਦੇਣਾ: ਜ਼ਮੀਨ ਸੁੱਕੀ ਹੈ। ਸਵੇਰੇ ਜਲਦੀ ਪਾਣੀ ਦੇਣਾ ਸਭ ਤੋਂ ਵਧੀਆ ਹੈ ਤਾਂ ਜੋ ਪੌਦੇ ਗਰਮੀ ਦੌਰਾਨ ਮਜ਼ਬੂਤ ​​ਰਹਿਣ।,پانی دینا: زمین خشک ہے۔ صبح سویرے پانی دینا بہتر ہے تاکہ گرمی کے دوران پودے مضبوط رہیں۔,पानी हाल्ने: जमिन सुख्खा छ। बिहान सबेरै पानी हाल्नु राम्रो हुन्छ ताकि गर्मीको समयमा बिरुवाहरू बलियो रहून्।,ପାଣି ଦେବା: ଜମି ଶୁଖିଲା ଅଛି। ଗରମ ସମୟରେ ଗଛଗୁଡ଼ିକ ଶକ୍ତିଶାଳୀ ରହିବା ପାଇଁ ସକାଳୁ ପାଣି ଦେବା ଭଲ।,Before 8 AM,droplet
Moderate,Humid,Breezy,Light Rain,spraying,CAUTION,45,Spray With Caution,SPRAYING: The air is calm right now. Spray your crops now before the wind picks up and wastes your medicine.,ಸಿಂಪಡಣೆ: ಗಾಳಿ ಈಗ ಶಾಂತವಾಗಿದೆ. ಗಾಳಿ ಬೀಸಿ ನಿಮ್ಮ ಔಷಧ ವ್ಯರ್ಥವಾಗುವ ಮೊದಲು ನಿಮ್ಮ ಬೆಳೆಗಳಿಗೆ ಈಗಲೇ ಸಿಂಪಡಿಸಿ.,छिड़काव: इस समय हवा शांत है। हवा चलने और दवा बर्बाद होने से पहले अपनी फसलों पर छिड़काव करें।,தெளித்தல்: காற்று இப்போது அமைதியாக இருக்கிறது. காற்று வீசி உங்கள் மருந்தை வீணாக்கும் முன் உங்கள் பயிர்களுக்கு இப்போதே தெளிக்கவும்.,స్ప్రేయింగ్: ప్రస్తుతం గాలి ప్రశాంతంగా ఉంది. గాలి వీచి మీ ఔషధం వృధా అయ్యేలోపు మీ పంటలపై ఇప్పుడే పిచికారీ చేయండి.,സ്പ്രേയിംഗ്: ഇപ്പോൾ വായു ശാന്തമാണ്. കാറ്റ് വീശി നിങ്ങളുടെ മരുന്നുകൾ പാഴാക്കുന്നതിനുമുമ്പ് നിങ്ങളുടെ വിളകൾക്ക് ഇപ്പോൾ തന്നെ തളിക്കുക.,फवारणी: सध्या हवा शांत आहे. वारा येऊन तुमचे औषध वाया जाण्यापूर्वी आत्ताच तुमच्या पिकांवर फवारणी करा.,છંટકાવ: અત્યારે હવા શાંત છે. પવન ફૂંકાય અને તમારી દવા બગાડે તે પહેલાં હમણાં જ તમારા પાક પર છંટકાવ કરો.,স্প্রে করা: বাতাস এখন শান্ত। বাতাস বইতে শুরু করে এবং আপনার ওষুধ নষ্ট করার আগে এখনই আপনার ফসলে স্প্রে করুন।,ਛਿੜਕਾਅ: ਇਸ ਵੇਲੇ ਹਵਾ ਸ਼ਾਂਤ ਹੈ। ਹਵਾ ਚੱਲਣ ਅਤੇ ਤੁਹਾਡੀ ਦਵਾਈ ਬਰਬਾਦ ਹੋਣ ਤੋਂ ਪਹਿਲਾਂ ਆਪਣੀਆਂ ਫਸਲਾਂ 'ਤੇ ਹੁਣੇ ਛਿੜਕਾਅ ਕਰੋ।,چھڑکاؤ: اس وقت ہوا پرسکون ہے۔ اپنی فصلوں پر چھڑکاؤ اس سے پہلے کہ ہوا تیز ہو جائے اور آپ کی دوائی ضائع ہو جائے۔,छर्कने: अहिले हावा शान्त छ। हावा चल्नु र तपाईंको औषधि खेर जानु अघि नै आफ्नो बालीनालीमा छर्कनुहोस्।,ସିଞ୍ଚନ: ବର୍ତ୍ତମାନ ବାୟୁ ଶାନ୍ତ ଅଛି। ପବନ ବହିବା ଏବଂ ଔଷଧ ନଷ୍ଟ କରିବା ପୂର୍ବରୁ ଏବେ ଆପଣଙ୍କ ଫସଲରେ ସିଞ୍ଚନ କରନ୍ତୁ।,Before 10 AM,spray
Moderate,Humid,Breezy,Light Rain,fungal_risk,CAUTION,45,Monitor Fungal Risk,DISEASE ALERT: It is very damp and warm. Check your leaves for rot and use protection to save your harvest.,ರೋಗ ಎಚ್ಚರಿಕೆ: ಇದು ತುಂಬಾ ತೇವ ಮತ್ತು ಬೆಚ್ಚಗಿರುತ್ತದೆ. ನಿಮ್ಮ ಎಲೆಗಳನ್ನು ಕೊಳೆತಕ್ಕಾಗಿ ಪರಿಶೀಲಿಸಿ ಮತ್ತು ನಿಮ್ಮ ಬೆಳೆಯನ್ನು ಉಳಿಸಲು ರಕ್ಷಣೆಯನ್ನು ಬಳಸಿ.,रोग चेतावनी: मौसम बहुत नम और गर्म है। पत्तियों में सड़न की जांच करें और अपनी फसल को बचाने के लिए सुरक्षात्मक उपाय करें।,"நோய் எச்சரிக்கை: இது மிகவும் ஈரப்பதமாகவும் சூடாகவும் இருக்கும். உங்கள் இலைகளில் அழுகல் இருக்கிறதா என்று சரிபார்த்து, உங்கள் அறுவடையை சேமிக்க பாதுகாப்பைப் பயன்படுத்துங்கள்.",వ్యాధి హెచ్చరిక: ఇది చాలా తడిగా మరియు వెచ్చగా ఉంటుంది. మీ ఆకులు తెగులు కోసం తనిఖీ చేయండి మరియు మీ పంటను కాపాడటానికి రక్షణను ఉపయోగించండి.,രോഗ മുന്നറിയിപ്പ്: ഇത് വളരെ ഈർപ്പമുള്ളതും ചൂടുള്ളതുമാണ്. നിങ്ങളുടെ ഇലകൾ അഴുകുന്നുണ്ടോ എന്ന് പരിശോധിച്ച് നിങ്ങളുടെ വിള സംരക്ഷിക്കാൻ സംരക്ഷണം ഉപയോഗിക്കുക.,रोगाचा इशारा: हे खूप ओलसर आणि उबदार आहे. तुमची पाने कुजली आहेत का ते तपासा आणि तुमचे पीक वाचवण्यासाठी संरक्षण वापरा.,રોગની ચેતવણી: તે ખૂબ જ ભેજવાળી અને ગરમ છે. તમારા પાંદડા સડી ગયા છે કે નહીં તે તપાસો અને તમારા પાકને બચાવવા માટે રક્ષણનો ઉપયોગ કરો.,রোগের সতর্কতা: এটি খুব স্যাঁতসেঁতে এবং উষ্ণ। আপনার পাতা পচে গেছে কিনা তা পরীক্ষা করুন এবং আপনার ফসল বাঁচাতে সুরক্ষা ব্যবস্থা ব্যবহার করুন।,ਬਿਮਾਰੀ ਦੀ ਚੇਤਾਵਨੀ: ਇਹ ਬਹੁਤ ਗਿੱਲਾ ਅਤੇ ਗਰਮ ਹੈ। ਆਪਣੇ ਪੱਤਿਆਂ ਦੀ ਸੜਨ ਦੀ ਜਾਂਚ ਕਰੋ ਅਤੇ ਆਪਣੀ ਫ਼ਸਲ ਨੂੰ ਬਚਾਉਣ ਲਈ ਸੁਰੱਖਿਆ ਦੀ ਵਰਤੋਂ ਕਰੋ।,بیماری کا انتباہ: یہ بہت نم اور گرم ہے۔ اپنے پتوں کو سڑنے کے لیے چیک کریں اور اپنی فصل کو بچانے کے لیے تحفظ کا استعمال کریں۔,रोगको चेतावनी: यो धेरै ओसिलो र न्यानो छ। आफ्नो पातहरू कुहिन जाँच गर्नुहोस् र आफ्नो बाली बचाउन सुरक्षा प्रयोग गर्नुहोस्।,ରୋଗ ସତର୍କତା: ଏହା ବହୁତ ଓଦା ଏବଂ ଉଷ୍ମ। ଆପଣଙ୍କ ପତ୍ର ପଚିଛି କି ନାହିଁ ଯାଞ୍ଚ କରନ୍ତୁ ଏବଂ ଆପଣଙ୍କ ଫସଲକୁ ବଞ୍ଚାଇବା ପାଇଁ ସୁରକ୍ଷା ବ୍ୟବହାର କରନ୍ତୁ।,,warning
Moderate,Humid,Breezy,Light Rain,field_work,CAUTION,45,Limit Field Work Hours,FIELD WORK: It is getting very hot. Do your heavy work while it is still cool to keep yourself and your plants healthy.,ಕ್ಷೇತ್ರದ ಕೆಲಸ: ತುಂಬಾ ಬಿಸಿಯಾಗುತ್ತಿದೆ. ನಿಮ್ಮನ್ನು ಮತ್ತು ನಿಮ್ಮ ಸಸ್ಯಗಳನ್ನು ಆರೋಗ್ಯವಾಗಿಡಲು ತಂಪಾಗಿರುವಾಗಲೇ ನಿಮ್ಮ ಭಾರವಾದ ಕೆಲಸವನ್ನು ಮಾಡಿ.,"खेत का काम: बहुत गर्मी पड़ रही है। अपना भारी काम तब करें जब मौसम ठंडा हो, ताकि आप और आपके पौधे स्वस्थ रहें।","களப்பணி: மிகவும் சூடாகி வருகிறது. உங்களையும் உங்கள் தாவரங்களையும் ஆரோக்கியமாக வைத்திருக்க, குளிர்ச்சியாக இருக்கும்போதே உங்கள் கனமான வேலையைச் செய்யுங்கள்.",ఫీల్డ్ వర్క్: చాలా వేడిగా ఉంది. మిమ్మల్ని మరియు మీ మొక్కలను ఆరోగ్యంగా ఉంచుకోవడానికి చల్లగా ఉన్నప్పుడే మీ భారీ పని చేయండి.,വയലിലെ ജോലി: ചൂട് കൂടിവരികയാണ്. നിങ്ങളെയും നിങ്ങളുടെ ചെടികളെയും ആരോഗ്യത്തോടെ നിലനിർത്താൻ തണുപ്പുള്ളപ്പോൾ തന്നെ ഭാരിച്ച ജോലികൾ ചെയ്യുക.,शेतातील काम: खूप उष्णता वाढत आहे. स्वतःला आणि तुमच्या झाडांना निरोगी ठेवण्यासाठी थंड असतानाच तुमचे जड काम करा.,ખેતરમાં કામ: ખૂબ ગરમી પડી રહી છે. ઠંડી હોય ત્યારે ભારે કામ કરો જેથી તમારી જાતને અને તમારા છોડને સ્વસ્થ રાખી શકાય.,মাঠের কাজ: খুব গরম পড়ছে। নিজেকে এবং আপনার গাছপালা সুস্থ রাখতে ঠান্ডা থাকতেই ভারী কাজ করুন।,ਖੇਤ ਦਾ ਕੰਮ: ਬਹੁਤ ਗਰਮੀ ਪੈ ਰਹੀ ਹੈ। ਆਪਣੇ ਆਪ ਨੂੰ ਅਤੇ ਆਪਣੇ ਪੌਦਿਆਂ ਨੂੰ ਸਿਹਤਮੰਦ ਰੱਖਣ ਲਈ ਠੰਡਾ ਹੋਣ ਤੱਕ ਆਪਣਾ ਭਾਰੀ ਕੰਮ ਕਰੋ।,فیلڈ ورک: یہ بہت گرم ہو رہا ہے۔ اپنے آپ کو اور اپنے پودوں کو صحت مند رکھنے کے لیے ٹھنڈا ہونے کے دوران اپنا بھاری کام کریں۔,खेतबारीको काम: धेरै गर्मी भइरहेको छ। आफू र आफ्ना बिरुवाहरूलाई स्वस्थ राख्न चिसो हुँदा नै आफ्नो भारी काम गर्नुहोस्।,କ୍ଷେତ କାମ: ବହୁତ ଗରମ ହେଉଛି। ନିଜକୁ ଏବଂ ଆପଣଙ୍କ ଗଛଗୁଡ଼ିକୁ ସୁସ୍ଥ ରଖିବା ପାଇଁ ଥଣ୍ଡା ଥିବା ସମୟରେ ଆପଣଙ୍କର କଠିନ କାମ କରନ୍ତୁ।,Before 10 AM or After 5 PM,tractor
Moderate,Humid,Breezy,Heavy Rain,irrigation,CAUTION,45,Irrigation Caution,WATERING: The ground is dry. Best to water in the early morning so the plants stay strong during the heat.,"ನೀರುಹಾಕುವುದು: ನೆಲ ಒಣಗಿದೆ. ಬೆಳಿಗ್ಗೆ ಬೇಗನೆ ನೀರು ಹಾಕುವುದು ಉತ್ತಮ, ಇದರಿಂದ ಸಸ್ಯಗಳು ಶಾಖದ ಸಮಯದಲ್ಲಿ ಬಲವಾಗಿರುತ್ತವೆ.",पानी देना: मिट्टी सूखी है। पौधों को गर्मी के दौरान स्वस्थ रखने के लिए सुबह जल्दी पानी देना सबसे अच्छा है।,"நீர்ப்பாசனம்: நிலம் வறண்டு உள்ளது. அதிகாலையில் தண்ணீர் பாய்ச்சுவது நல்லது, இதனால் வெப்பத்தின் போது தாவரங்கள் வலுவாக இருக்கும்.","నీరు త్రాగుట: నేల పొడిగా ఉంటుంది. ఉదయాన్నే నీరు పోయడం మంచిది, తద్వారా వేడి సమయంలో మొక్కలు బలంగా ఉంటాయి.","നനവ്: നിലം വരണ്ടതാണ്. അതിരാവിലെ നനയ്ക്കുന്നതാണ് നല്ലത്, അങ്ങനെ ചൂടിൽ ചെടികൾ ശക്തമായി നിലനിൽക്കും.",पाणी देणे: जमीन कोरडी आहे. सकाळी लवकर पाणी देणे चांगले जेणेकरून उष्णतेमध्ये झाडे मजबूत राहतील.,પાણી આપવું: જમીન સૂકી છે. ગરમી દરમિયાન છોડ મજબૂત રહે તે માટે વહેલી સવારે પાણી આપવું શ્રેષ્ઠ છે.,"জল দেওয়া: মাটি শুষ্ক। খুব ভোরে জল দেওয়া ভালো, যাতে গরমের সময় গাছপালা শক্তিশালী থাকে।",ਪਾਣੀ ਦੇਣਾ: ਜ਼ਮੀਨ ਸੁੱਕੀ ਹੈ। ਸਵੇਰੇ ਜਲਦੀ ਪਾਣੀ ਦੇਣਾ ਸਭ ਤੋਂ ਵਧੀਆ ਹੈ ਤਾਂ ਜੋ ਪੌਦੇ ਗਰਮੀ ਦੌਰਾਨ ਮਜ਼ਬੂਤ ​​ਰਹਿਣ।,پانی دینا: زمین خشک ہے۔ صبح سویرے پانی دینا بہتر ہے تاکہ گرمی کے دوران پودے مضبوط رہیں۔,पानी हाल्ने: जमिन सुख्खा छ। बिहान सबेरै पानी हाल्नु राम्रो हुन्छ ताकि गर्मीको समयमा बिरुवाहरू बलियो रहून्।,ପାଣି ଦେବା: ଜମି ଶୁଖିଲା ଅଛି। ଗରମ ସମୟରେ ଗଛଗୁଡ଼ିକ ଶକ୍ତିଶାଳୀ ରହିବା ପାଇଁ ସକାଳୁ ପାଣି ଦେବା ଭଲ।,Before 8 AM,droplet
Moderate,Humid,Breezy,Heavy Rain,spraying,CAUTION,45,Spray With Caution,SPRAYING: The air is calm right now. Spray your crops now before the wind picks up and wastes your medicine.,ಸಿಂಪಡಣೆ: ಗಾಳಿ ಈಗ ಶಾಂತವಾಗಿದೆ. ಗಾಳಿ ಬೀಸಿ ನಿಮ್ಮ ಔಷಧ ವ್ಯರ್ಥವಾಗುವ ಮೊದಲು ನಿಮ್ಮ ಬೆಳೆಗಳಿಗೆ ಈಗಲೇ ಸಿಂಪಡಿಸಿ.,छिड़काव: इस समय हवा शांत है। हवा चलने और दवा बर्बाद होने से पहले अपनी फसलों पर छिड़काव करें।,தெளித்தல்: காற்று இப்போது அமைதியாக இருக்கிறது. காற்று வீசி உங்கள் மருந்தை வீணாக்கும் முன் உங்கள் பயிர்களுக்கு இப்போதே தெளிக்கவும்.,స్ప్రేయింగ్: ప్రస్తుతం గాలి ప్రశాంతంగా ఉంది. గాలి వీచి మీ ఔషధం వృధా అయ్యేలోపు మీ పంటలపై ఇప్పుడే పిచికారీ చేయండి.,സ്പ്രേയിംഗ്: ഇപ്പോൾ വായു ശാന്തമാണ്. കാറ്റ് വീശി നിങ്ങളുടെ മരുന്നുകൾ പാഴാക്കുന്നതിനുമുമ്പ് നിങ്ങളുടെ വിളകൾക്ക് ഇപ്പോൾ തന്നെ തളിക്കുക.,फवारणी: सध्या हवा शांत आहे. वारा येऊन तुमचे औषध वाया जाण्यापूर्वी आत्ताच तुमच्या पिकांवर फवारणी करा.,છંટકાવ: અત્યારે હવા શાંત છે. પવન ફૂંકાય અને તમારી દવા બગાડે તે પહેલાં હમણાં જ તમારા પાક પર છંટકાવ કરો.,স্প্রে করা: বাতাস এখন শান্ত। বাতাস বইতে শুরু করে এবং আপনার ওষুধ নষ্ট করার আগে এখনই আপনার ফসলে স্প্রে করুন।,ਛਿੜਕਾਅ: ਇਸ ਵੇਲੇ ਹਵਾ ਸ਼ਾਂਤ ਹੈ। ਹਵਾ ਚੱਲਣ ਅਤੇ ਤੁਹਾਡੀ ਦਵਾਈ ਬਰਬਾਦ ਹੋਣ ਤੋਂ ਪਹਿਲਾਂ ਆਪਣੀਆਂ ਫਸਲਾਂ 'ਤੇ ਹੁਣੇ ਛਿੜਕਾਅ ਕਰੋ।,چھڑکاؤ: اس وقت ہوا پرسکون ہے۔ اپنی فصلوں پر چھڑکاؤ اس سے پہلے کہ ہوا تیز ہو جائے اور آپ کی دوائی ضائع ہو جائے۔,छर्कने: अहिले हावा शान्त छ। हावा चल्नु र तपाईंको औषधि खेर जानु अघि नै आफ्नो बालीनालीमा छर्कनुहोस्।,ସିଞ୍ଚନ: ବର୍ତ୍ତମାନ ବାୟୁ ଶାନ୍ତ ଅଛି। ପବନ ବହିବା ଏବଂ ଔଷଧ ନଷ୍ଟ କରିବା ପୂର୍ବରୁ ଏବେ ଆପଣଙ୍କ ଫସଲରେ ସିଞ୍ଚନ କରନ୍ତୁ।,Before 10 AM,spray
Moderate,Humid,Breezy,Heavy Rain,fungal_risk,CAUTION,45,Monitor Fungal Risk,DISEASE ALERT: It is very damp and warm. Check your leaves for rot and use protection to save your harvest.,ರೋಗ ಎಚ್ಚರಿಕೆ: ಇದು ತುಂಬಾ ತೇವ ಮತ್ತು ಬೆಚ್ಚಗಿರುತ್ತದೆ. ನಿಮ್ಮ ಎಲೆಗಳನ್ನು ಕೊಳೆತಕ್ಕಾಗಿ ಪರಿಶೀಲಿಸಿ ಮತ್ತು ನಿಮ್ಮ ಬೆಳೆಯನ್ನು ಉಳಿಸಲು ರಕ್ಷಣೆಯನ್ನು ಬಳಸಿ.,रोग चेतावनी: मौसम बहुत नम और गर्म है। पत्तियों में सड़न की जांच करें और अपनी फसल को बचाने के लिए सुरक्षात्मक उपाय करें।,"நோய் எச்சரிக்கை: இது மிகவும் ஈரப்பதமாகவும் சூடாகவும் இருக்கும். உங்கள் இலைகளில் அழுகல் இருக்கிறதா என்று சரிபார்த்து, உங்கள் அறுவடையை சேமிக்க பாதுகாப்பைப் பயன்படுத்துங்கள்.",వ్యాధి హెచ్చరిక: ఇది చాలా తడిగా మరియు వెచ్చగా ఉంటుంది. మీ ఆకులు తెగులు కోసం తనిఖీ చేయండి మరియు మీ పంటను కాపాడటానికి రక్షణను ఉపయోగించండి.,രോഗ മുന്നറിയിപ്പ്: ഇത് വളരെ ഈർപ്പമുള്ളതും ചൂടുള്ളതുമാണ്. നിങ്ങളുടെ ഇലകൾ അഴുകുന്നുണ്ടോ എന്ന് പരിശോധിച്ച് നിങ്ങളുടെ വിള സംരക്ഷിക്കാൻ സംരക്ഷണം ഉപയോഗിക്കുക.,रोगाचा इशारा: हे खूप ओलसर आणि उबदार आहे. तुमची पाने कुजली आहेत का ते तपासा आणि तुमचे पीक वाचवण्यासाठी संरक्षण वापरा.,રોગની ચેતવણી: તે ખૂબ જ ભેજવાળી અને ગરમ છે. તમારા પાંદડા સડી ગયા છે કે નહીં તે તપાસો અને તમારા પાકને બચાવવા માટે રક્ષણનો ઉપયોગ કરો.,রোগের সতর্কতা: এটি খুব স্যাঁতসেঁতে এবং উষ্ণ। আপনার পাতা পচে গেছে কিনা তা পরীক্ষা করুন এবং আপনার ফসল বাঁচাতে সুরক্ষা ব্যবস্থা ব্যবহার করুন।,ਬਿਮਾਰੀ ਦੀ ਚੇਤਾਵਨੀ: ਇਹ ਬਹੁਤ ਗਿੱਲਾ ਅਤੇ ਗਰਮ ਹੈ। ਆਪਣੇ ਪੱਤਿਆਂ ਦੀ ਸੜਨ ਦੀ ਜਾਂਚ ਕਰੋ ਅਤੇ ਆਪਣੀ ਫ਼ਸਲ ਨੂੰ ਬਚਾਉਣ ਲਈ ਸੁਰੱਖਿਆ ਦੀ ਵਰਤੋਂ ਕਰੋ।,بیماری کا انتباہ: یہ بہت نم اور گرم ہے۔ اپنے پتوں کو سڑنے کے لیے چیک کریں اور اپنی فصل کو بچانے کے لیے تحفظ کا استعمال کریں۔,रोगको चेतावनी: यो धेरै ओसिलो र न्यानो छ। आफ्नो पातहरू कुहिन जाँच गर्नुहोस् र आफ्नो बाली बचाउन सुरक्षा प्रयोग गर्नुहोस्।,ରୋଗ ସତର୍କତା: ଏହା ବହୁତ ଓଦା ଏବଂ ଉଷ୍ମ। ଆପଣଙ୍କ ପତ୍ର ପଚିଛି କି ନାହିଁ ଯାଞ୍ଚ କରନ୍ତୁ ଏବଂ ଆପଣଙ୍କ ଫସଲକୁ ବଞ୍ଚାଇବା ପାଇଁ ସୁରକ୍ଷା ବ୍ୟବହାର କରନ୍ତୁ।,,warning
Moderate,Humid,Breezy,Heavy Rain,field_work,CAUTION,45,Limit Field Work Hours,FIELD WORK: It is getting very hot. Do your heavy work while it is still cool to keep yourself and your plants healthy.,ಕ್ಷೇತ್ರದ ಕೆಲಸ: ತುಂಬಾ ಬಿಸಿಯಾಗುತ್ತಿದೆ. ನಿಮ್ಮನ್ನು ಮತ್ತು ನಿಮ್ಮ ಸಸ್ಯಗಳನ್ನು ಆರೋಗ್ಯವಾಗಿಡಲು ತಂಪಾಗಿರುವಾಗಲೇ ನಿಮ್ಮ ಭಾರವಾದ ಕೆಲಸವನ್ನು ಮಾಡಿ.,"खेत का काम: बहुत गर्मी पड़ रही है। अपना भारी काम तब करें जब मौसम ठंडा हो, ताकि आप और आपके पौधे स्वस्थ रहें।","களப்பணி: மிகவும் சூடாகி வருகிறது. உங்களையும் உங்கள் தாவரங்களையும் ஆரோக்கியமாக வைத்திருக்க, குளிர்ச்சியாக இருக்கும்போதே உங்கள் கனமான வேலையைச் செய்யுங்கள்.",ఫీల్డ్ వర్క్: చాలా వేడిగా ఉంది. మిమ్మల్ని మరియు మీ మొక్కలను ఆరోగ్యంగా ఉంచుకోవడానికి చల్లగా ఉన్నప్పుడే మీ భారీ పని చేయండి.,വയലിലെ ജോലി: ചൂട് കൂടിവരികയാണ്. നിങ്ങളെയും നിങ്ങളുടെ ചെടികളെയും ആരോഗ്യത്തോടെ നിലനിർത്താൻ തണുപ്പുള്ളപ്പോൾ തന്നെ ഭാരിച്ച ജോലികൾ ചെയ്യുക.,शेतातील काम: खूप उष्णता वाढत आहे. स्वतःला आणि तुमच्या झाडांना निरोगी ठेवण्यासाठी थंड असतानाच तुमचे जड काम करा.,ખેતરમાં કામ: ખૂબ ગરમી પડી રહી છે. ઠંડી હોય ત્યારે ભારે કામ કરો જેથી તમારી જાતને અને તમારા છોડને સ્વસ્થ રાખી શકાય.,মাঠের কাজ: খুব গরম পড়ছে। নিজেকে এবং আপনার গাছপালা সুস্থ রাখতে ঠান্ডা থাকতেই ভারী কাজ করুন।,ਖੇਤ ਦਾ ਕੰਮ: ਬਹੁਤ ਗਰਮੀ ਪੈ ਰਹੀ ਹੈ। ਆਪਣੇ ਆਪ ਨੂੰ ਅਤੇ ਆਪਣੇ ਪੌਦਿਆਂ ਨੂੰ ਸਿਹਤਮੰਦ ਰੱਖਣ ਲਈ ਠੰਡਾ ਹੋਣ ਤੱਕ ਆਪਣਾ ਭਾਰੀ ਕੰਮ ਕਰੋ।,فیلڈ ورک: یہ بہت گرم ہو رہا ہے۔ اپنے آپ کو اور اپنے پودوں کو صحت مند رکھنے کے لیے ٹھنڈا ہونے کے دوران اپنا بھاری کام کریں۔,खेतबारीको काम: धेरै गर्मी भइरहेको छ। आफू र आफ्ना बिरुवाहरूलाई स्वस्थ राख्न चिसो हुँदा नै आफ्नो भारी काम गर्नुहोस्।,କ୍ଷେତ କାମ: ବହୁତ ଗରମ ହେଉଛି। ନିଜକୁ ଏବଂ ଆପଣଙ୍କ ଗଛଗୁଡ଼ିକୁ ସୁସ୍ଥ ରଖିବା ପାଇଁ ଥଣ୍ଡା ଥିବା ସମୟରେ ଆପଣଙ୍କର କଠିନ କାମ କରନ୍ତୁ।,Before 10 AM or After 5 PM,tractor
Moderate,Humid,Strong Gusts,Dry,irrigation,CAUTION,45,Irrigation Caution,WATERING: The ground is dry. Best to water in the early morning so the plants stay strong during the heat.,"ನೀರುಹಾಕುವುದು: ನೆಲ ಒಣಗಿದೆ. ಬೆಳಿಗ್ಗೆ ಬೇಗನೆ ನೀರು ಹಾಕುವುದು ಉತ್ತಮ, ಇದರಿಂದ ಸಸ್ಯಗಳು ಶಾಖದ ಸಮಯದಲ್ಲಿ ಬಲವಾಗಿರುತ್ತವೆ.",पानी देना: मिट्टी सूखी है। पौधों को गर्मी के दौरान स्वस्थ रखने के लिए सुबह जल्दी पानी देना सबसे अच्छा है।,"நீர்ப்பாசனம்: நிலம் வறண்டு உள்ளது. அதிகாலையில் தண்ணீர் பாய்ச்சுவது நல்லது, இதனால் வெப்பத்தின் போது தாவரங்கள் வலுவாக இருக்கும்.","నీరు త్రాగుట: నేల పొడిగా ఉంటుంది. ఉదయాన్నే నీరు పోయడం మంచిది, తద్వారా వేడి సమయంలో మొక్కలు బలంగా ఉంటాయి.","നനവ്: നിലം വരണ്ടതാണ്. അതിരാവിലെ നനയ്ക്കുന്നതാണ് നല്ലത്, അങ്ങനെ ചൂടിൽ ചെടികൾ ശക്തമായി നിലനിൽക്കും.",पाणी देणे: जमीन कोरडी आहे. सकाळी लवकर पाणी देणे चांगले जेणेकरून उष्णतेमध्ये झाडे मजबूत राहतील.,પાણી આપવું: જમીન સૂકી છે. ગરમી દરમિયાન છોડ મજબૂત રહે તે માટે વહેલી સવારે પાણી આપવું શ્રેષ્ઠ છે.,"জল দেওয়া: মাটি শুষ্ক। খুব ভোরে জল দেওয়া ভালো, যাতে গরমের সময় গাছপালা শক্তিশালী থাকে।",ਪਾਣੀ ਦੇਣਾ: ਜ਼ਮੀਨ ਸੁੱਕੀ ਹੈ। ਸਵੇਰੇ ਜਲਦੀ ਪਾਣੀ ਦੇਣਾ ਸਭ ਤੋਂ ਵਧੀਆ ਹੈ ਤਾਂ ਜੋ ਪੌਦੇ ਗਰਮੀ ਦੌਰਾਨ ਮਜ਼ਬੂਤ ​​ਰਹਿਣ।,پانی دینا: زمین خشک ہے۔ صبح سویرے پانی دینا بہتر ہے تاکہ گرمی کے دوران پودے مضبوط رہیں۔,पानी हाल्ने: जमिन सुख्खा छ। बिहान सबेरै पानी हाल्नु राम्रो हुन्छ ताकि गर्मीको समयमा बिरुवाहरू बलियो रहून्।,ପାଣି ଦେବା: ଜମି ଶୁଖିଲା ଅଛି। ଗରମ ସମୟରେ ଗଛଗୁଡ଼ିକ ଶକ୍ତିଶାଳୀ ରହିବା ପାଇଁ ସକାଳୁ ପାଣି ଦେବା ଭଲ।,Before 8 AM,droplet
Moderate,Humid,Strong Gusts,Dry,spraying,CAUTION,45,Spray With Caution,SPRAYING: The air is calm right now. Spray your crops now before the wind picks up and wastes your medicine.,ಸಿಂಪಡಣೆ: ಗಾಳಿ ಈಗ ಶಾಂತವಾಗಿದೆ. ಗಾಳಿ ಬೀಸಿ ನಿಮ್ಮ ಔಷಧ ವ್ಯರ್ಥವಾಗುವ ಮೊದಲು ನಿಮ್ಮ ಬೆಳೆಗಳಿಗೆ ಈಗಲೇ ಸಿಂಪಡಿಸಿ.,छिड़काव: इस समय हवा शांत है। हवा चलने और दवा बर्बाद होने से पहले अपनी फसलों पर छिड़काव करें।,தெளித்தல்: காற்று இப்போது அமைதியாக இருக்கிறது. காற்று வீசி உங்கள் மருந்தை வீணாக்கும் முன் உங்கள் பயிர்களுக்கு இப்போதே தெளிக்கவும்.,స్ప్రేయింగ్: ప్రస్తుతం గాలి ప్రశాంతంగా ఉంది. గాలి వీచి మీ ఔషధం వృధా అయ్యేలోపు మీ పంటలపై ఇప్పుడే పిచికారీ చేయండి.,സ്പ്രേയിംഗ്: ഇപ്പോൾ വായു ശാന്തമാണ്. കാറ്റ് വീശി നിങ്ങളുടെ മരുന്നുകൾ പാഴാക്കുന്നതിനുമുമ്പ് നിങ്ങളുടെ വിളകൾക്ക് ഇപ്പോൾ തന്നെ തളിക്കുക.,फवारणी: सध्या हवा शांत आहे. वारा येऊन तुमचे औषध वाया जाण्यापूर्वी आत्ताच तुमच्या पिकांवर फवारणी करा.,છંટકાવ: અત્યારે હવા શાંત છે. પવન ફૂંકાય અને તમારી દવા બગાડે તે પહેલાં હમણાં જ તમારા પાક પર છંટકાવ કરો.,স্প্রে করা: বাতাস এখন শান্ত। বাতাস বইতে শুরু করে এবং আপনার ওষুধ নষ্ট করার আগে এখনই আপনার ফসলে স্প্রে করুন।,ਛਿੜਕਾਅ: ਇਸ ਵੇਲੇ ਹਵਾ ਸ਼ਾਂਤ ਹੈ। ਹਵਾ ਚੱਲਣ ਅਤੇ ਤੁਹਾਡੀ ਦਵਾਈ ਬਰਬਾਦ ਹੋਣ ਤੋਂ ਪਹਿਲਾਂ ਆਪਣੀਆਂ ਫਸਲਾਂ 'ਤੇ ਹੁਣੇ ਛਿੜਕਾਅ ਕਰੋ।,چھڑکاؤ: اس وقت ہوا پرسکون ہے۔ اپنی فصلوں پر چھڑکاؤ اس سے پہلے کہ ہوا تیز ہو جائے اور آپ کی دوائی ضائع ہو جائے۔,छर्कने: अहिले हावा शान्त छ। हावा चल्नु र तपाईंको औषधि खेर जानु अघि नै आफ्नो बालीनालीमा छर्कनुहोस्।,ସିଞ୍ଚନ: ବର୍ତ୍ତମାନ ବାୟୁ ଶାନ୍ତ ଅଛି। ପବନ ବହିବା ଏବଂ ଔଷଧ ନଷ୍ଟ କରିବା ପୂର୍ବରୁ ଏବେ ଆପଣଙ୍କ ଫସଲରେ ସିଞ୍ଚନ କରନ୍ତୁ।,Before 10 AM,spray
Moderate,Humid,Strong Gusts,Dry,fungal_risk,CAUTION,45,Monitor Fungal Risk,DISEASE ALERT: It is very damp and warm. Check your leaves for rot and use protection to save your harvest.,ರೋಗ ಎಚ್ಚರಿಕೆ: ಇದು ತುಂಬಾ ತೇವ ಮತ್ತು ಬೆಚ್ಚಗಿರುತ್ತದೆ. ನಿಮ್ಮ ಎಲೆಗಳನ್ನು ಕೊಳೆತಕ್ಕಾಗಿ ಪರಿಶೀಲಿಸಿ ಮತ್ತು ನಿಮ್ಮ ಬೆಳೆಯನ್ನು ಉಳಿಸಲು ರಕ್ಷಣೆಯನ್ನು ಬಳಸಿ.,रोग चेतावनी: मौसम बहुत नम और गर्म है। पत्तियों में सड़न की जांच करें और अपनी फसल को बचाने के लिए सुरक्षात्मक उपाय करें।,"நோய் எச்சரிக்கை: இது மிகவும் ஈரப்பதமாகவும் சூடாகவும் இருக்கும். உங்கள் இலைகளில் அழுகல் இருக்கிறதா என்று சரிபார்த்து, உங்கள் அறுவடையை சேமிக்க பாதுகாப்பைப் பயன்படுத்துங்கள்.",వ్యాధి హెచ్చరిక: ఇది చాలా తడిగా మరియు వెచ్చగా ఉంటుంది. మీ ఆకులు తెగులు కోసం తనిఖీ చేయండి మరియు మీ పంటను కాపాడటానికి రక్షణను ఉపయోగించండి.,രോഗ മുന്നറിയിപ്പ്: ഇത് വളരെ ഈർപ്പമുള്ളതും ചൂടുള്ളതുമാണ്. നിങ്ങളുടെ ഇലകൾ അഴുകുന്നുണ്ടോ എന്ന് പരിശോധിച്ച് നിങ്ങളുടെ വിള സംരക്ഷിക്കാൻ സംരക്ഷണം ഉപയോഗിക്കുക.,रोगाचा इशारा: हे खूप ओलसर आणि उबदार आहे. तुमची पाने कुजली आहेत का ते तपासा आणि तुमचे पीक वाचवण्यासाठी संरक्षण वापरा.,રોગની ચેતવણી: તે ખૂબ જ ભેજવાળી અને ગરમ છે. તમારા પાંદડા સડી ગયા છે કે નહીં તે તપાસો અને તમારા પાકને બચાવવા માટે રક્ષણનો ઉપયોગ કરો.,রোগের সতর্কতা: এটি খুব স্যাঁতসেঁতে এবং উষ্ণ। আপনার পাতা পচে গেছে কিনা তা পরীক্ষা করুন এবং আপনার ফসল বাঁচাতে সুরক্ষা ব্যবস্থা ব্যবহার করুন।,ਬਿਮਾਰੀ ਦੀ ਚੇਤਾਵਨੀ: ਇਹ ਬਹੁਤ ਗਿੱਲਾ ਅਤੇ ਗਰਮ ਹੈ। ਆਪਣੇ ਪੱਤਿਆਂ ਦੀ ਸੜਨ ਦੀ ਜਾਂਚ ਕਰੋ ਅਤੇ ਆਪਣੀ ਫ਼ਸਲ ਨੂੰ ਬਚਾਉਣ ਲਈ ਸੁਰੱਖਿਆ ਦੀ ਵਰਤੋਂ ਕਰੋ।,بیماری کا انتباہ: یہ بہت نم اور گرم ہے۔ اپنے پتوں کو سڑنے کے لیے چیک کریں اور اپنی فصل کو بچانے کے لیے تحفظ کا استعمال کریں۔,रोगको चेतावनी: यो धेरै ओसिलो र न्यानो छ। आफ्नो पातहरू कुहिन जाँच गर्नुहोस् र आफ्नो बाली बचाउन सुरक्षा प्रयोग गर्नुहोस्।,ରୋଗ ସତର୍କତା: ଏହା ବହୁତ ଓଦା ଏବଂ ଉଷ୍ମ। ଆପଣଙ୍କ ପତ୍ର ପଚିଛି କି ନାହିଁ ଯାଞ୍ଚ କରନ୍ତୁ ଏବଂ ଆପଣଙ୍କ ଫସଲକୁ ବଞ୍ଚାଇବା ପାଇଁ ସୁରକ୍ଷା ବ୍ୟବହାର କରନ୍ତୁ।,,warning
Moderate,Humid,Strong Gusts,Dry,field_work,CAUTION,45,Limit Field Work Hours,FIELD WORK: It is getting very hot. Do your heavy work while it is still cool to keep yourself and your plants healthy.,ಕ್ಷೇತ್ರದ ಕೆಲಸ: ತುಂಬಾ ಬಿಸಿಯಾಗುತ್ತಿದೆ. ನಿಮ್ಮನ್ನು ಮತ್ತು ನಿಮ್ಮ ಸಸ್ಯಗಳನ್ನು ಆರೋಗ್ಯವಾಗಿಡಲು ತಂಪಾಗಿರುವಾಗಲೇ ನಿಮ್ಮ ಭಾರವಾದ ಕೆಲಸವನ್ನು ಮಾಡಿ.,"खेत का काम: बहुत गर्मी पड़ रही है। अपना भारी काम तब करें जब मौसम ठंडा हो, ताकि आप और आपके पौधे स्वस्थ रहें।","களப்பணி: மிகவும் சூடாகி வருகிறது. உங்களையும் உங்கள் தாவரங்களையும் ஆரோக்கியமாக வைத்திருக்க, குளிர்ச்சியாக இருக்கும்போதே உங்கள் கனமான வேலையைச் செய்யுங்கள்.",ఫీల్డ్ వర్క్: చాలా వేడిగా ఉంది. మిమ్మల్ని మరియు మీ మొక్కలను ఆరోగ్యంగా ఉంచుకోవడానికి చల్లగా ఉన్నప్పుడే మీ భారీ పని చేయండి.,വയലിലെ ജോലി: ചൂട് കൂടിവരികയാണ്. നിങ്ങളെയും നിങ്ങളുടെ ചെടികളെയും ആരോഗ്യത്തോടെ നിലനിർത്താൻ തണുപ്പുള്ളപ്പോൾ തന്നെ ഭാരിച്ച ജോലികൾ ചെയ്യുക.,शेतातील काम: खूप उष्णता वाढत आहे. स्वतःला आणि तुमच्या झाडांना निरोगी ठेवण्यासाठी थंड असतानाच तुमचे जड काम करा.,ખેતરમાં કામ: ખૂબ ગરમી પડી રહી છે. ઠંડી હોય ત્યારે ભારે કામ કરો જેથી તમારી જાતને અને તમારા છોડને સ્વસ્થ રાખી શકાય.,মাঠের কাজ: খুব গরম পড়ছে। নিজেকে এবং আপনার গাছপালা সুস্থ রাখতে ঠান্ডা থাকতেই ভারী কাজ করুন।,ਖੇਤ ਦਾ ਕੰਮ: ਬਹੁਤ ਗਰਮੀ ਪੈ ਰਹੀ ਹੈ। ਆਪਣੇ ਆਪ ਨੂੰ ਅਤੇ ਆਪਣੇ ਪੌਦਿਆਂ ਨੂੰ ਸਿਹਤਮੰਦ ਰੱਖਣ ਲਈ ਠੰਡਾ ਹੋਣ ਤੱਕ ਆਪਣਾ ਭਾਰੀ ਕੰਮ ਕਰੋ।,فیلڈ ورک: یہ بہت گرم ہو رہا ہے۔ اپنے آپ کو اور اپنے پودوں کو صحت مند رکھنے کے لیے ٹھنڈا ہونے کے دوران اپنا بھاری کام کریں۔,खेतबारीको काम: धेरै गर्मी भइरहेको छ। आफू र आफ्ना बिरुवाहरूलाई स्वस्थ राख्न चिसो हुँदा नै आफ्नो भारी काम गर्नुहोस्।,କ୍ଷେତ କାମ: ବହୁତ ଗରମ ହେଉଛି। ନିଜକୁ ଏବଂ ଆପଣଙ୍କ ଗଛଗୁଡ଼ିକୁ ସୁସ୍ଥ ରଖିବା ପାଇଁ ଥଣ୍ଡା ଥିବା ସମୟରେ ଆପଣଙ୍କର କଠିନ କାମ କରନ୍ତୁ।,Before 10 AM or After 5 PM,tractor
Moderate,Humid,Strong Gusts,Light Rain,irrigation,CAUTION,45,Irrigation Caution,WATERING: The ground is dry. Best to water in the early morning so the plants stay strong during the heat.,"ನೀರುಹಾಕುವುದು: ನೆಲ ಒಣಗಿದೆ. ಬೆಳಿಗ್ಗೆ ಬೇಗನೆ ನೀರು ಹಾಕುವುದು ಉತ್ತಮ, ಇದರಿಂದ ಸಸ್ಯಗಳು ಶಾಖದ ಸಮಯದಲ್ಲಿ ಬಲವಾಗಿರುತ್ತವೆ.",पानी देना: मिट्टी सूखी है। पौधों को गर्मी के दौरान स्वस्थ रखने के लिए सुबह जल्दी पानी देना सबसे अच्छा है।,"நீர்ப்பாசனம்: நிலம் வறண்டு உள்ளது. அதிகாலையில் தண்ணீர் பாய்ச்சுவது நல்லது, இதனால் வெப்பத்தின் போது தாவரங்கள் வலுவாக இருக்கும்.","నీరు త్రాగుట: నేల పొడిగా ఉంటుంది. ఉదయాన్నే నీరు పోయడం మంచిది, తద్వారా వేడి సమయంలో మొక్కలు బలంగా ఉంటాయి.","നനവ്: നിലം വരണ്ടതാണ്. അതിരാവിലെ നനയ്ക്കുന്നതാണ് നല്ലത്, അങ്ങനെ ചൂടിൽ ചെടികൾ ശക്തമായി നിലനിൽക്കും.",पाणी देणे: जमीन कोरडी आहे. सकाळी लवकर पाणी देणे चांगले जेणेकरून उष्णतेमध्ये झाडे मजबूत राहतील.,પાણી આપવું: જમીન સૂકી છે. ગરમી દરમિયાન છોડ મજબૂત રહે તે માટે વહેલી સવારે પાણી આપવું શ્રેષ્ઠ છે.,"জল দেওয়া: মাটি শুষ্ক। খুব ভোরে জল দেওয়া ভালো, যাতে গরমের সময় গাছপালা শক্তিশালী থাকে।",ਪਾਣੀ ਦੇਣਾ: ਜ਼ਮੀਨ ਸੁੱਕੀ ਹੈ। ਸਵੇਰੇ ਜਲਦੀ ਪਾਣੀ ਦੇਣਾ ਸਭ ਤੋਂ ਵਧੀਆ ਹੈ ਤਾਂ ਜੋ ਪੌਦੇ ਗਰਮੀ ਦੌਰਾਨ ਮਜ਼ਬੂਤ ​​ਰਹਿਣ।,پانی دینا: زمین خشک ہے۔ صبح سویرے پانی دینا بہتر ہے تاکہ گرمی کے دوران پودے مضبوط رہیں۔,पानी हाल्ने: जमिन सुख्खा छ। बिहान सबेरै पानी हाल्नु राम्रो हुन्छ ताकि गर्मीको समयमा बिरुवाहरू बलियो रहून्।,ପାଣି ଦେବା: ଜମି ଶୁଖିଲା ଅଛି। ଗରମ ସମୟରେ ଗଛଗୁଡ଼ିକ ଶକ୍ତିଶାଳୀ ରହିବା ପାଇଁ ସକାଳୁ ପାଣି ଦେବା ଭଲ।,Before 8 AM,droplet
Moderate,Humid,Strong Gusts,Light Rain,spraying,CAUTION,45,Spray With Caution,SPRAYING: The air is calm right now. Spray your crops now before the wind picks up and wastes your medicine.,ಸಿಂಪಡಣೆ: ಗಾಳಿ ಈಗ ಶಾಂತವಾಗಿದೆ. ಗಾಳಿ ಬೀಸಿ ನಿಮ್ಮ ಔಷಧ ವ್ಯರ್ಥವಾಗುವ ಮೊದಲು ನಿಮ್ಮ ಬೆಳೆಗಳಿಗೆ ಈಗಲೇ ಸಿಂಪಡಿಸಿ.,छिड़काव: इस समय हवा शांत है। हवा चलने और दवा बर्बाद होने से पहले अपनी फसलों पर छिड़काव करें।,தெளித்தல்: காற்று இப்போது அமைதியாக இருக்கிறது. காற்று வீசி உங்கள் மருந்தை வீணாக்கும் முன் உங்கள் பயிர்களுக்கு இப்போதே தெளிக்கவும்.,స్ప్రేయింగ్: ప్రస్తుతం గాలి ప్రశాంతంగా ఉంది. గాలి వీచి మీ ఔషధం వృధా అయ్యేలోపు మీ పంటలపై ఇప్పుడే పిచికారీ చేయండి.,സ്പ്രേയിംഗ്: ഇപ്പോൾ വായു ശാന്തമാണ്. കാറ്റ് വീശി നിങ്ങളുടെ മരുന്നുകൾ പാഴാക്കുന്നതിനുമുമ്പ് നിങ്ങളുടെ വിളകൾക്ക് ഇപ്പോൾ തന്നെ തളിക്കുക.,फवारणी: सध्या हवा शांत आहे. वारा येऊन तुमचे औषध वाया जाण्यापूर्वी आत्ताच तुमच्या पिकांवर फवारणी करा.,છંટકાવ: અત્યારે હવા શાંત છે. પવન ફૂંકાય અને તમારી દવા બગાડે તે પહેલાં હમણાં જ તમારા પાક પર છંટકાવ કરો.,স্প্রে করা: বাতাস এখন শান্ত। বাতাস বইতে শুরু করে এবং আপনার ওষুধ নষ্ট করার আগে এখনই আপনার ফসলে স্প্রে করুন।,ਛਿੜਕਾਅ: ਇਸ ਵੇਲੇ ਹਵਾ ਸ਼ਾਂਤ ਹੈ। ਹਵਾ ਚੱਲਣ ਅਤੇ ਤੁਹਾਡੀ ਦਵਾਈ ਬਰਬਾਦ ਹੋਣ ਤੋਂ ਪਹਿਲਾਂ ਆਪਣੀਆਂ ਫਸਲਾਂ 'ਤੇ ਹੁਣੇ ਛਿੜਕਾਅ ਕਰੋ।,چھڑکاؤ: اس وقت ہوا پرسکون ہے۔ اپنی فصلوں پر چھڑکاؤ اس سے پہلے کہ ہوا تیز ہو جائے اور آپ کی دوائی ضائع ہو جائے۔,छर्कने: अहिले हावा शान्त छ। हावा चल्नु र तपाईंको औषधि खेर जानु अघि नै आफ्नो बालीनालीमा छर्कनुहोस्।,ସିଞ୍ଚନ: ବର୍ତ୍ତମାନ ବାୟୁ ଶାନ୍ତ ଅଛି। ପବନ ବହିବା ଏବଂ ଔଷଧ ନଷ୍ଟ କରିବା ପୂର୍ବରୁ ଏବେ ଆପଣଙ୍କ ଫସଲରେ ସିଞ୍ଚନ କରନ୍ତୁ।,Before 10 AM,spray
Moderate,Humid,Strong Gusts,Light Rain,fungal_risk,CAUTION,45,Monitor Fungal Risk,DISEASE ALERT: It is very damp and warm. Check your leaves for rot and use protection to save your harvest.,ರೋಗ ಎಚ್ಚರಿಕೆ: ಇದು ತುಂಬಾ ತೇವ ಮತ್ತು ಬೆಚ್ಚಗಿರುತ್ತದೆ. ನಿಮ್ಮ ಎಲೆಗಳನ್ನು ಕೊಳೆತಕ್ಕಾಗಿ ಪರಿಶೀಲಿಸಿ ಮತ್ತು ನಿಮ್ಮ ಬೆಳೆಯನ್ನು ಉಳಿಸಲು ರಕ್ಷಣೆಯನ್ನು ಬಳಸಿ.,रोग चेतावनी: मौसम बहुत नम और गर्म है। पत्तियों में सड़न की जांच करें और अपनी फसल को बचाने के लिए सुरक्षात्मक उपाय करें।,"நோய் எச்சரிக்கை: இது மிகவும் ஈரப்பதமாகவும் சூடாகவும் இருக்கும். உங்கள் இலைகளில் அழுகல் இருக்கிறதா என்று சரிபார்த்து, உங்கள் அறுவடையை சேமிக்க பாதுகாப்பைப் பயன்படுத்துங்கள்.",వ్యాధి హెచ్చరిక: ఇది చాలా తడిగా మరియు వెచ్చగా ఉంటుంది. మీ ఆకులు తెగులు కోసం తనిఖీ చేయండి మరియు మీ పంటను కాపాడటానికి రక్షణను ఉపయోగించండి.,രോഗ മുന്നറിയിപ്പ്: ഇത് വളരെ ഈർപ്പമുള്ളതും ചൂടുള്ളതുമാണ്. നിങ്ങളുടെ ഇലകൾ അഴുകുന്നുണ്ടോ എന്ന് പരിശോധിച്ച് നിങ്ങളുടെ വിള സംരക്ഷിക്കാൻ സംരക്ഷണം ഉപയോഗിക്കുക.,रोगाचा इशारा: हे खूप ओलसर आणि उबदार आहे. तुमची पाने कुजली आहेत का ते तपासा आणि तुमचे पीक वाचवण्यासाठी संरक्षण वापरा.,રોગની ચેતવણી: તે ખૂબ જ ભેજવાળી અને ગરમ છે. તમારા પાંદડા સડી ગયા છે કે નહીં તે તપાસો અને તમારા પાકને બચાવવા માટે રક્ષણનો ઉપયોગ કરો.,রোগের সতর্কতা: এটি খুব স্যাঁতসেঁতে এবং উষ্ণ। আপনার পাতা পচে গেছে কিনা তা পরীক্ষা করুন এবং আপনার ফসল বাঁচাতে সুরক্ষা ব্যবস্থা ব্যবহার করুন।,ਬਿਮਾਰੀ ਦੀ ਚੇਤਾਵਨੀ: ਇਹ ਬਹੁਤ ਗਿੱਲਾ ਅਤੇ ਗਰਮ ਹੈ। ਆਪਣੇ ਪੱਤਿਆਂ ਦੀ ਸੜਨ ਦੀ ਜਾਂਚ ਕਰੋ ਅਤੇ ਆਪਣੀ ਫ਼ਸਲ ਨੂੰ ਬਚਾਉਣ ਲਈ ਸੁਰੱਖਿਆ ਦੀ ਵਰਤੋਂ ਕਰੋ।,بیماری کا انتباہ: یہ بہت نم اور گرم ہے۔ اپنے پتوں کو سڑنے کے لیے چیک کریں اور اپنی فصل کو بچانے کے لیے تحفظ کا استعمال کریں۔,रोगको चेतावनी: यो धेरै ओसिलो र न्यानो छ। आफ्नो पातहरू कुहिन जाँच गर्नुहोस् र आफ्नो बाली बचाउन सुरक्षा प्रयोग गर्नुहोस्।,ରୋଗ ସତର୍କତା: ଏହା ବହୁତ ଓଦା ଏବଂ ଉଷ୍ମ। ଆପଣଙ୍କ ପତ୍ର ପଚିଛି କି ନାହିଁ ଯାଞ୍ଚ କରନ୍ତୁ ଏବଂ ଆପଣଙ୍କ ଫସଲକୁ ବଞ୍ଚାଇବା ପାଇଁ ସୁରକ୍ଷା ବ୍ୟବହାର କରନ୍ତୁ।,,warning
Moderate,Humid,Strong Gusts,Light Rain,field_work,CAUTION,45,Limit Field Work Hours,FIELD WORK: It is getting very hot. Do your heavy work while it is still cool to keep yourself and your plants healthy.,ಕ್ಷೇತ್ರದ ಕೆಲಸ: ತುಂಬಾ ಬಿಸಿಯಾಗುತ್ತಿದೆ. ನಿಮ್ಮನ್ನು ಮತ್ತು ನಿಮ್ಮ ಸಸ್ಯಗಳನ್ನು ಆರೋಗ್ಯವಾಗಿಡಲು ತಂಪಾಗಿರುವಾಗಲೇ ನಿಮ್ಮ ಭಾರವಾದ ಕೆಲಸವನ್ನು ಮಾಡಿ.,"खेत का काम: बहुत गर्मी पड़ रही है। अपना भारी काम तब करें जब मौसम ठंडा हो, ताकि आप और आपके पौधे स्वस्थ रहें।","களப்பணி: மிகவும் சூடாகி வருகிறது. உங்களையும் உங்கள் தாவரங்களையும் ஆரோக்கியமாக வைத்திருக்க, குளிர்ச்சியாக இருக்கும்போதே உங்கள் கனமான வேலையைச் செய்யுங்கள்.",ఫీల్డ్ వర్క్: చాలా వేడిగా ఉంది. మిమ్మల్ని మరియు మీ మొక్కలను ఆరోగ్యంగా ఉంచుకోవడానికి చల్లగా ఉన్నప్పుడే మీ భారీ పని చేయండి.,വയലിലെ ജോലി: ചൂട് കൂടിവരികയാണ്. നിങ്ങളെയും നിങ്ങളുടെ ചെടികളെയും ആരോഗ്യത്തോടെ നിലനിർത്താൻ തണുപ്പുള്ളപ്പോൾ തന്നെ ഭാരിച്ച ജോലികൾ ചെയ്യുക.,शेतातील काम: खूप उष्णता वाढत आहे. स्वतःला आणि तुमच्या झाडांना निरोगी ठेवण्यासाठी थंड असतानाच तुमचे जड काम करा.,ખેતરમાં કામ: ખૂબ ગરમી પડી રહી છે. ઠંડી હોય ત્યારે ભારે કામ કરો જેથી તમારી જાતને અને તમારા છોડને સ્વસ્થ રાખી શકાય.,মাঠের কাজ: খুব গরম পড়ছে। নিজেকে এবং আপনার গাছপালা সুস্থ রাখতে ঠান্ডা থাকতেই ভারী কাজ করুন।,ਖੇਤ ਦਾ ਕੰਮ: ਬਹੁਤ ਗਰਮੀ ਪੈ ਰਹੀ ਹੈ। ਆਪਣੇ ਆਪ ਨੂੰ ਅਤੇ ਆਪਣੇ ਪੌਦਿਆਂ ਨੂੰ ਸਿਹਤਮੰਦ ਰੱਖਣ ਲਈ ਠੰਡਾ ਹੋਣ ਤੱਕ ਆਪਣਾ ਭਾਰੀ ਕੰਮ ਕਰੋ।,فیلڈ ورک: یہ بہت گرم ہو رہا ہے۔ اپنے آپ کو اور اپنے پودوں کو صحت مند رکھنے کے لیے ٹھنڈا ہونے کے دوران اپنا بھاری کام کریں۔,खेतबारीको काम: धेरै गर्मी भइरहेको छ। आफू र आफ्ना बिरुवाहरूलाई स्वस्थ राख्न चिसो हुँदा नै आफ्नो भारी काम गर्नुहोस्।,କ୍ଷେତ କାମ: ବହୁତ ଗରମ ହେଉଛି। ନିଜକୁ ଏବଂ ଆପଣଙ୍କ ଗଛଗୁଡ଼ିକୁ ସୁସ୍ଥ ରଖିବା ପାଇଁ ଥଣ୍ଡା ଥିବା ସମୟରେ ଆପଣଙ୍କର କଠିନ କାମ କରନ୍ତୁ।,Before 10 AM or After 5 PM,tractor
Moderate,Humid,Strong Gusts,Heavy Rain,irrigation,CAUTION,45,Irrigation Caution,WATERING: The ground is dry. Best to water in the early morning so the plants stay strong during the heat.,"ನೀರುಹಾಕುವುದು: ನೆಲ ಒಣಗಿದೆ. ಬೆಳಿಗ್ಗೆ ಬೇಗನೆ ನೀರು ಹಾಕುವುದು ಉತ್ತಮ, ಇದರಿಂದ ಸಸ್ಯಗಳು ಶಾಖದ ಸಮಯದಲ್ಲಿ ಬಲವಾಗಿರುತ್ತವೆ.",पानी देना: मिट्टी सूखी है। पौधों को गर्मी के दौरान स्वस्थ रखने के लिए सुबह जल्दी पानी देना सबसे अच्छा है।,"நீர்ப்பாசனம்: நிலம் வறண்டு உள்ளது. அதிகாலையில் தண்ணீர் பாய்ச்சுவது நல்லது, இதனால் வெப்பத்தின் போது தாவரங்கள் வலுவாக இருக்கும்.","నీరు త్రాగుట: నేల పొడిగా ఉంటుంది. ఉదయాన్నే నీరు పోయడం మంచిది, తద్వారా వేడి సమయంలో మొక్కలు బలంగా ఉంటాయి.","നനവ്: നിലം വരണ്ടതാണ്. അതിരാവിലെ നനയ്ക്കുന്നതാണ് നല്ലത്, അങ്ങനെ ചൂടിൽ ചെടികൾ ശക്തമായി നിലനിൽക്കും.",पाणी देणे: जमीन कोरडी आहे. सकाळी लवकर पाणी देणे चांगले जेणेकरून उष्णतेमध्ये झाडे मजबूत राहतील.,પાણી આપવું: જમીન સૂકી છે. ગરમી દરમિયાન છોડ મજબૂત રહે તે માટે વહેલી સવારે પાણી આપવું શ્રેષ્ઠ છે.,"জল দেওয়া: মাটি শুষ্ক। খুব ভোরে জল দেওয়া ভালো, যাতে গরমের সময় গাছপালা শক্তিশালী থাকে।",ਪਾਣੀ ਦੇਣਾ: ਜ਼ਮੀਨ ਸੁੱਕੀ ਹੈ। ਸਵੇਰੇ ਜਲਦੀ ਪਾਣੀ ਦੇਣਾ ਸਭ ਤੋਂ ਵਧੀਆ ਹੈ ਤਾਂ ਜੋ ਪੌਦੇ ਗਰਮੀ ਦੌਰਾਨ ਮਜ਼ਬੂਤ ​​ਰਹਿਣ।,پانی دینا: زمین خشک ہے۔ صبح سویرے پانی دینا بہتر ہے تاکہ گرمی کے دوران پودے مضبوط رہیں۔,पानी हाल्ने: जमिन सुख्खा छ। बिहान सबेरै पानी हाल्नु राम्रो हुन्छ ताकि गर्मीको समयमा बिरुवाहरू बलियो रहून्।,ପାଣି ଦେବା: ଜମି ଶୁଖିଲା ଅଛି। ଗରମ ସମୟରେ ଗଛଗୁଡ଼ିକ ଶକ୍ତିଶାଳୀ ରହିବା ପାଇଁ ସକାଳୁ ପାଣି ଦେବା ଭଲ।,Before 8 AM,droplet
Moderate,Humid,Strong Gusts,Heavy Rain,spraying,CAUTION,45,Spray With Caution,SPRAYING: The air is calm right now. Spray your crops now before the wind picks up and wastes your medicine.,ಸಿಂಪಡಣೆ: ಗಾಳಿ ಈಗ ಶಾಂತವಾಗಿದೆ. ಗಾಳಿ ಬೀಸಿ ನಿಮ್ಮ ಔಷಧ ವ್ಯರ್ಥವಾಗುವ ಮೊದಲು ನಿಮ್ಮ ಬೆಳೆಗಳಿಗೆ ಈಗಲೇ ಸಿಂಪಡಿಸಿ.,छिड़काव: इस समय हवा शांत है। हवा चलने और दवा बर्बाद होने से पहले अपनी फसलों पर छिड़काव करें।,தெளித்தல்: காற்று இப்போது அமைதியாக இருக்கிறது. காற்று வீசி உங்கள் மருந்தை வீணாக்கும் முன் உங்கள் பயிர்களுக்கு இப்போதே தெளிக்கவும்.,స్ప్రేయింగ్: ప్రస్తుతం గాలి ప్రశాంతంగా ఉంది. గాలి వీచి మీ ఔషధం వృధా అయ్యేలోపు మీ పంటలపై ఇప్పుడే పిచికారీ చేయండి.,സ്പ്രേയിംഗ്: ഇപ്പോൾ വായു ശാന്തമാണ്. കാറ്റ് വീശി നിങ്ങളുടെ മരുന്നുകൾ പാഴാക്കുന്നതിനുമുമ്പ് നിങ്ങളുടെ വിളകൾക്ക് ഇപ്പോൾ തന്നെ തളിക്കുക.,फवारणी: सध्या हवा शांत आहे. वारा येऊन तुमचे औषध वाया जाण्यापूर्वी आत्ताच तुमच्या पिकांवर फवारणी करा.,છંટકાવ: અત્યારે હવા શાંત છે. પવન ફૂંકાય અને તમારી દવા બગાડે તે પહેલાં હમણાં જ તમારા પાક પર છંટકાવ કરો.,স্প্রে করা: বাতাস এখন শান্ত। বাতাস বইতে শুরু করে এবং আপনার ওষুধ নষ্ট করার আগে এখনই আপনার ফসলে স্প্রে করুন।,ਛਿੜਕਾਅ: ਇਸ ਵੇਲੇ ਹਵਾ ਸ਼ਾਂਤ ਹੈ। ਹਵਾ ਚੱਲਣ ਅਤੇ ਤੁਹਾਡੀ ਦਵਾਈ ਬਰਬਾਦ ਹੋਣ ਤੋਂ ਪਹਿਲਾਂ ਆਪਣੀਆਂ ਫਸਲਾਂ 'ਤੇ ਹੁਣੇ ਛਿੜਕਾਅ ਕਰੋ।,چھڑکاؤ: اس وقت ہوا پرسکون ہے۔ اپنی فصلوں پر چھڑکاؤ اس سے پہلے کہ ہوا تیز ہو جائے اور آپ کی دوائی ضائع ہو جائے۔,छर्कने: अहिले हावा शान्त छ। हावा चल्नु र तपाईंको औषधि खेर जानु अघि नै आफ्नो बालीनालीमा छर्कनुहोस्।,ସିଞ୍ଚନ: ବର୍ତ୍ତମାନ ବାୟୁ ଶାନ୍ତ ଅଛି। ପବନ ବହିବା ଏବଂ ଔଷଧ ନଷ୍ଟ କରିବା ପୂର୍ବରୁ ଏବେ ଆପଣଙ୍କ ଫସଲରେ ସିଞ୍ଚନ କରନ୍ତୁ।,Before 10 AM,spray
Moderate,Humid,Strong Gusts,Heavy Rain,fungal_risk,CAUTION,45,Monitor Fungal Risk,DISEASE ALERT: It is very damp and warm. Check your leaves for rot and use protection to save your harvest.,ರೋಗ ಎಚ್ಚರಿಕೆ: ಇದು ತುಂಬಾ ತೇವ ಮತ್ತು ಬೆಚ್ಚಗಿರುತ್ತದೆ. ನಿಮ್ಮ ಎಲೆಗಳನ್ನು ಕೊಳೆತಕ್ಕಾಗಿ ಪರಿಶೀಲಿಸಿ ಮತ್ತು ನಿಮ್ಮ ಬೆಳೆಯನ್ನು ಉಳಿಸಲು ರಕ್ಷಣೆಯನ್ನು ಬಳಸಿ.,रोग चेतावनी: मौसम बहुत नम और गर्म है। पत्तियों में सड़न की जांच करें और अपनी फसल को बचाने के लिए सुरक्षात्मक उपाय करें।,"நோய் எச்சரிக்கை: இது மிகவும் ஈரப்பதமாகவும் சூடாகவும் இருக்கும். உங்கள் இலைகளில் அழுகல் இருக்கிறதா என்று சரிபார்த்து, உங்கள் அறுவடையை சேமிக்க பாதுகாப்பைப் பயன்படுத்துங்கள்.",వ్యాధి హెచ్చరిక: ఇది చాలా తడిగా మరియు వెచ్చగా ఉంటుంది. మీ ఆకులు తెగులు కోసం తనిఖీ చేయండి మరియు మీ పంటను కాపాడటానికి రక్షణను ఉపయోగించండి.,രോഗ മുന്നറിയിപ്പ്: ഇത് വളരെ ഈർപ്പമുള്ളതും ചൂടുള്ളതുമാണ്. നിങ്ങളുടെ ഇലകൾ അഴുകുന്നുണ്ടോ എന്ന് പരിശോധിച്ച് നിങ്ങളുടെ വിള സംരക്ഷിക്കാൻ സംരക്ഷണം ഉപയോഗിക്കുക.,रोगाचा इशारा: हे खूप ओलसर आणि उबदार आहे. तुमची पाने कुजली आहेत का ते तपासा आणि तुमचे पीक वाचवण्यासाठी संरक्षण वापरा.,રોગની ચેતવણી: તે ખૂબ જ ભેજવાળી અને ગરમ છે. તમારા પાંદડા સડી ગયા છે કે નહીં તે તપાસો અને તમારા પાકને બચાવવા માટે રક્ષણનો ઉપયોગ કરો.,রোগের সতর্কতা: এটি খুব স্যাঁতসেঁতে এবং উষ্ণ। আপনার পাতা পচে গেছে কিনা তা পরীক্ষা করুন এবং আপনার ফসল বাঁচাতে সুরক্ষা ব্যবস্থা ব্যবহার করুন।,ਬਿਮਾਰੀ ਦੀ ਚੇਤਾਵਨੀ: ਇਹ ਬਹੁਤ ਗਿੱਲਾ ਅਤੇ ਗਰਮ ਹੈ। ਆਪਣੇ ਪੱਤਿਆਂ ਦੀ ਸੜਨ ਦੀ ਜਾਂਚ ਕਰੋ ਅਤੇ ਆਪਣੀ ਫ਼ਸਲ ਨੂੰ ਬਚਾਉਣ ਲਈ ਸੁਰੱਖਿਆ ਦੀ ਵਰਤੋਂ ਕਰੋ।,بیماری کا انتباہ: یہ بہت نم اور گرم ہے۔ اپنے پتوں کو سڑنے کے لیے چیک کریں اور اپنی فصل کو بچانے کے لیے تحفظ کا استعمال کریں۔,रोगको चेतावनी: यो धेरै ओसिलो र न्यानो छ। आफ्नो पातहरू कुहिन जाँच गर्नुहोस् र आफ्नो बाली बचाउन सुरक्षा प्रयोग गर्नुहोस्।,ରୋଗ ସତର୍କତା: ଏହା ବହୁତ ଓଦା ଏବଂ ଉଷ୍ମ। ଆପଣଙ୍କ ପତ୍ର ପଚିଛି କି ନାହିଁ ଯାଞ୍ଚ କରନ୍ତୁ ଏବଂ ଆପଣଙ୍କ ଫସଲକୁ ବଞ୍ଚାଇବା ପାଇଁ ସୁରକ୍ଷା ବ୍ୟବହାର କରନ୍ତୁ।,,warning
Moderate,Humid,Strong Gusts,Heavy Rain,field_work,CAUTION,45,Limit Field Work Hours,FIELD WORK: It is getting very hot. Do your heavy work while it is still cool to keep yourself and your plants healthy.,ಕ್ಷೇತ್ರದ ಕೆಲಸ: ತುಂಬಾ ಬಿಸಿಯಾಗುತ್ತಿದೆ. ನಿಮ್ಮನ್ನು ಮತ್ತು ನಿಮ್ಮ ಸಸ್ಯಗಳನ್ನು ಆರೋಗ್ಯವಾಗಿಡಲು ತಂಪಾಗಿರುವಾಗಲೇ ನಿಮ್ಮ ಭಾರವಾದ ಕೆಲಸವನ್ನು ಮಾಡಿ.,"खेत का काम: बहुत गर्मी पड़ रही है। अपना भारी काम तब करें जब मौसम ठंडा हो, ताकि आप और आपके पौधे स्वस्थ रहें।","களப்பணி: மிகவும் சூடாகி வருகிறது. உங்களையும் உங்கள் தாவரங்களையும் ஆரோக்கியமாக வைத்திருக்க, குளிர்ச்சியாக இருக்கும்போதே உங்கள் கனமான வேலையைச் செய்யுங்கள்.",ఫీల్డ్ వర్క్: చాలా వేడిగా ఉంది. మిమ్మల్ని మరియు మీ మొక్కలను ఆరోగ్యంగా ఉంచుకోవడానికి చల్లగా ఉన్నప్పుడే మీ భారీ పని చేయండి.,വയലിലെ ജോലി: ചൂട് കൂടിവരികയാണ്. നിങ്ങളെയും നിങ്ങളുടെ ചെടികളെയും ആരോഗ്യത്തോടെ നിലനിർത്താൻ തണുപ്പുള്ളപ്പോൾ തന്നെ ഭാരിച്ച ജോലികൾ ചെയ്യുക.,शेतातील काम: खूप उष्णता वाढत आहे. स्वतःला आणि तुमच्या झाडांना निरोगी ठेवण्यासाठी थंड असतानाच तुमचे जड काम करा.,ખેતરમાં કામ: ખૂબ ગરમી પડી રહી છે. ઠંડી હોય ત્યારે ભારે કામ કરો જેથી તમારી જાતને અને તમારા છોડને સ્વસ્થ રાખી શકાય.,মাঠের কাজ: খুব গরম পড়ছে। নিজেকে এবং আপনার গাছপালা সুস্থ রাখতে ঠান্ডা থাকতেই ভারী কাজ করুন।,ਖੇਤ ਦਾ ਕੰਮ: ਬਹੁਤ ਗਰਮੀ ਪੈ ਰਹੀ ਹੈ। ਆਪਣੇ ਆਪ ਨੂੰ ਅਤੇ ਆਪਣੇ ਪੌਦਿਆਂ ਨੂੰ ਸਿਹਤਮੰਦ ਰੱਖਣ ਲਈ ਠੰਡਾ ਹੋਣ ਤੱਕ ਆਪਣਾ ਭਾਰੀ ਕੰਮ ਕਰੋ।,فیلڈ ورک: یہ بہت گرم ہو رہا ہے۔ اپنے آپ کو اور اپنے پودوں کو صحت مند رکھنے کے لیے ٹھنڈا ہونے کے دوران اپنا بھاری کام کریں۔,खेतबारीको काम: धेरै गर्मी भइरहेको छ। आफू र आफ्ना बिरुवाहरूलाई स्वस्थ राख्न चिसो हुँदा नै आफ्नो भारी काम गर्नुहोस्।,କ୍ଷେତ କାମ: ବହୁତ ଗରମ ହେଉଛି। ନିଜକୁ ଏବଂ ଆପଣଙ୍କ ଗଛଗୁଡ଼ିକୁ ସୁସ୍ଥ ରଖିବା ପାଇଁ ଥଣ୍ଡା ଥିବା ସମୟରେ ଆପଣଙ୍କର କଠିନ କାମ କରନ୍ତୁ।,Before 10 AM or After 5 PM,tractor
Very Hot,Very Dry,Calm,Dry,irrigation,CAUTION,45,Irrigation Caution,WATERING: The ground is dry. Best to water in the early morning so the plants stay strong during the heat.,"ನೀರುಹಾಕುವುದು: ನೆಲ ಒಣಗಿದೆ. ಬೆಳಿಗ್ಗೆ ಬೇಗನೆ ನೀರು ಹಾಕುವುದು ಉತ್ತಮ, ಇದರಿಂದ ಸಸ್ಯಗಳು ಶಾಖದ ಸಮಯದಲ್ಲಿ ಬಲವಾಗಿರುತ್ತವೆ.",पानी देना: मिट्टी सूखी है। पौधों को गर्मी के दौरान स्वस्थ रखने के लिए सुबह जल्दी पानी देना सबसे अच्छा है।,"நீர்ப்பாசனம்: நிலம் வறண்டு உள்ளது. அதிகாலையில் தண்ணீர் பாய்ச்சுவது நல்லது, இதனால் வெப்பத்தின் போது தாவரங்கள் வலுவாக இருக்கும்.","నీరు త్రాగుట: నేల పొడిగా ఉంటుంది. ఉదయాన్నే నీరు పోయడం మంచిది, తద్వారా వేడి సమయంలో మొక్కలు బలంగా ఉంటాయి.","നനവ്: നിലം വരണ്ടതാണ്. അതിരാവിലെ നനയ്ക്കുന്നതാണ് നല്ലത്, അങ്ങനെ ചൂടിൽ ചെടികൾ ശക്തമായി നിലനിൽക്കും.",पाणी देणे: जमीन कोरडी आहे. सकाळी लवकर पाणी देणे चांगले जेणेकरून उष्णतेमध्ये झाडे मजबूत राहतील.,પાણી આપવું: જમીન સૂકી છે. ગરમી દરમિયાન છોડ મજબૂત રહે તે માટે વહેલી સવારે પાણી આપવું શ્રેષ્ઠ છે.,"জল দেওয়া: মাটি শুষ্ক। খুব ভোরে জল দেওয়া ভালো, যাতে গরমের সময় গাছপালা শক্তিশালী থাকে।",ਪਾਣੀ ਦੇਣਾ: ਜ਼ਮੀਨ ਸੁੱਕੀ ਹੈ। ਸਵੇਰੇ ਜਲਦੀ ਪਾਣੀ ਦੇਣਾ ਸਭ ਤੋਂ ਵਧੀਆ ਹੈ ਤਾਂ ਜੋ ਪੌਦੇ ਗਰਮੀ ਦੌਰਾਨ ਮਜ਼ਬੂਤ ​​ਰਹਿਣ।,پانی دینا: زمین خشک ہے۔ صبح سویرے پانی دینا بہتر ہے تاکہ گرمی کے دوران پودے مضبوط رہیں۔,पानी हाल्ने: जमिन सुख्खा छ। बिहान सबेरै पानी हाल्नु राम्रो हुन्छ ताकि गर्मीको समयमा बिरुवाहरू बलियो रहून्।,ପାଣି ଦେବା: ଜମି ଶୁଖିଲା ଅଛି। ଗରମ ସମୟରେ ଗଛଗୁଡ଼ିକ ଶକ୍ତିଶାଳୀ ରହିବା ପାଇଁ ସକାଳୁ ପାଣି ଦେବା ଭଲ।,Before 8 AM,droplet
Very Hot,Very Dry,Calm,Dry,spraying,CAUTION,45,Spray With Caution,SPRAYING: The air is calm right now. Spray your crops now before the wind picks up and wastes your medicine.,ಸಿಂಪಡಣೆ: ಗಾಳಿ ಈಗ ಶಾಂತವಾಗಿದೆ. ಗಾಳಿ ಬೀಸಿ ನಿಮ್ಮ ಔಷಧ ವ್ಯರ್ಥವಾಗುವ ಮೊದಲು ನಿಮ್ಮ ಬೆಳೆಗಳಿಗೆ ಈಗಲೇ ಸಿಂಪಡಿಸಿ.,छिड़काव: इस समय हवा शांत है। हवा चलने और दवा बर्बाद होने से पहले अपनी फसलों पर छिड़काव करें।,தெளித்தல்: காற்று இப்போது அமைதியாக இருக்கிறது. காற்று வீசி உங்கள் மருந்தை வீணாக்கும் முன் உங்கள் பயிர்களுக்கு இப்போதே தெளிக்கவும்.,స్ప్రేయింగ్: ప్రస్తుతం గాలి ప్రశాంతంగా ఉంది. గాలి వీచి మీ ఔషధం వృధా అయ్యేలోపు మీ పంటలపై ఇప్పుడే పిచికారీ చేయండి.,സ്പ്രേയിംഗ്: ഇപ്പോൾ വായു ശാന്തമാണ്. കാറ്റ് വീശി നിങ്ങളുടെ മരുന്നുകൾ പാഴാക്കുന്നതിനുമുമ്പ് നിങ്ങളുടെ വിളകൾക്ക് ഇപ്പോൾ തന്നെ തളിക്കുക.,फवारणी: सध्या हवा शांत आहे. वारा येऊन तुमचे औषध वाया जाण्यापूर्वी आत्ताच तुमच्या पिकांवर फवारणी करा.,છંટકાવ: અત્યારે હવા શાંત છે. પવન ફૂંકાય અને તમારી દવા બગાડે તે પહેલાં હમણાં જ તમારા પાક પર છંટકાવ કરો.,স্প্রে করা: বাতাস এখন শান্ত। বাতাস বইতে শুরু করে এবং আপনার ওষুধ নষ্ট করার আগে এখনই আপনার ফসলে স্প্রে করুন।,ਛਿੜਕਾਅ: ਇਸ ਵੇਲੇ ਹਵਾ ਸ਼ਾਂਤ ਹੈ। ਹਵਾ ਚੱਲਣ ਅਤੇ ਤੁਹਾਡੀ ਦਵਾਈ ਬਰਬਾਦ ਹੋਣ ਤੋਂ ਪਹਿਲਾਂ ਆਪਣੀਆਂ ਫਸਲਾਂ 'ਤੇ ਹੁਣੇ ਛਿੜਕਾਅ ਕਰੋ।,چھڑکاؤ: اس وقت ہوا پرسکون ہے۔ اپنی فصلوں پر چھڑکاؤ اس سے پہلے کہ ہوا تیز ہو جائے اور آپ کی دوائی ضائع ہو جائے۔,छर्कने: अहिले हावा शान्त छ। हावा चल्नु र तपाईंको औषधि खेर जानु अघि नै आफ्नो बालीनालीमा छर्कनुहोस्।,ସିଞ୍ଚନ: ବର୍ତ୍ତମାନ ବାୟୁ ଶାନ୍ତ ଅଛି। ପବନ ବହିବା ଏବଂ ଔଷଧ ନଷ୍ଟ କରିବା ପୂର୍ବରୁ ଏବେ ଆପଣଙ୍କ ଫସଲରେ ସିଞ୍ଚନ କରନ୍ତୁ।,Before 10 AM,spray
Very Hot,Very Dry,Calm,Dry,fungal_risk,CAUTION,45,Monitor Fungal Risk,DISEASE ALERT: It is very damp and warm. Check your leaves for rot and use protection to save your harvest.,ರೋಗ ಎಚ್ಚರಿಕೆ: ಇದು ತುಂಬಾ ತೇವ ಮತ್ತು ಬೆಚ್ಚಗಿರುತ್ತದೆ. ನಿಮ್ಮ ಎಲೆಗಳನ್ನು ಕೊಳೆತಕ್ಕಾಗಿ ಪರಿಶೀಲಿಸಿ ಮತ್ತು ನಿಮ್ಮ ಬೆಳೆಯನ್ನು ಉಳಿಸಲು ರಕ್ಷಣೆಯನ್ನು ಬಳಸಿ.,रोग चेतावनी: मौसम बहुत नम और गर्म है। पत्तियों में सड़न की जांच करें और अपनी फसल को बचाने के लिए सुरक्षात्मक उपाय करें।,"நோய் எச்சரிக்கை: இது மிகவும் ஈரப்பதமாகவும் சூடாகவும் இருக்கும். உங்கள் இலைகளில் அழுகல் இருக்கிறதா என்று சரிபார்த்து, உங்கள் அறுவடையை சேமிக்க பாதுகாப்பைப் பயன்படுத்துங்கள்.",వ్యాధి హెచ్చరిక: ఇది చాలా తడిగా మరియు వెచ్చగా ఉంటుంది. మీ ఆకులు తెగులు కోసం తనిఖీ చేయండి మరియు మీ పంటను కాపాడటానికి రక్షణను ఉపయోగించండి.,രോഗ മുന്നറിയിപ്പ്: ഇത് വളരെ ഈർപ്പമുള്ളതും ചൂടുള്ളതുമാണ്. നിങ്ങളുടെ ഇലകൾ അഴുകുന്നുണ്ടോ എന്ന് പരിശോധിച്ച് നിങ്ങളുടെ വിള സംരക്ഷിക്കാൻ സംരക്ഷണം ഉപയോഗിക്കുക.,रोगाचा इशारा: हे खूप ओलसर आणि उबदार आहे. तुमची पाने कुजली आहेत का ते तपासा आणि तुमचे पीक वाचवण्यासाठी संरक्षण वापरा.,રોગની ચેતવણી: તે ખૂબ જ ભેજવાળી અને ગરમ છે. તમારા પાંદડા સડી ગયા છે કે નહીં તે તપાસો અને તમારા પાકને બચાવવા માટે રક્ષણનો ઉપયોગ કરો.,রোগের সতর্কতা: এটি খুব স্যাঁতসেঁতে এবং উষ্ণ। আপনার পাতা পচে গেছে কিনা তা পরীক্ষা করুন এবং আপনার ফসল বাঁচাতে সুরক্ষা ব্যবস্থা ব্যবহার করুন।,ਬਿਮਾਰੀ ਦੀ ਚੇਤਾਵਨੀ: ਇਹ ਬਹੁਤ ਗਿੱਲਾ ਅਤੇ ਗਰਮ ਹੈ। ਆਪਣੇ ਪੱਤਿਆਂ ਦੀ ਸੜਨ ਦੀ ਜਾਂਚ ਕਰੋ ਅਤੇ ਆਪਣੀ ਫ਼ਸਲ ਨੂੰ ਬਚਾਉਣ ਲਈ ਸੁਰੱਖਿਆ ਦੀ ਵਰਤੋਂ ਕਰੋ।,بیماری کا انتباہ: یہ بہت نم اور گرم ہے۔ اپنے پتوں کو سڑنے کے لیے چیک کریں اور اپنی فصل کو بچانے کے لیے تحفظ کا استعمال کریں۔,रोगको चेतावनी: यो धेरै ओसिलो र न्यानो छ। आफ्नो पातहरू कुहिन जाँच गर्नुहोस् र आफ्नो बाली बचाउन सुरक्षा प्रयोग गर्नुहोस्।,ରୋଗ ସତର୍କତା: ଏହା ବହୁତ ଓଦା ଏବଂ ଉଷ୍ମ। ଆପଣଙ୍କ ପତ୍ର ପଚିଛି କି ନାହିଁ ଯାଞ୍ଚ କରନ୍ତୁ ଏବଂ ଆପଣଙ୍କ ଫସଲକୁ ବଞ୍ଚାଇବା ପାଇଁ ସୁରକ୍ଷା ବ୍ୟବହାର କରନ୍ତୁ।,,warning
Very Hot,Very Dry,Calm,Dry,field_work,CAUTION,45,Limit Field Work Hours,FIELD WORK: It is getting very hot. Do your heavy work while it is still cool to keep yourself and your plants healthy.,ಕ್ಷೇತ್ರದ ಕೆಲಸ: ತುಂಬಾ ಬಿಸಿಯಾಗುತ್ತಿದೆ. ನಿಮ್ಮನ್ನು ಮತ್ತು ನಿಮ್ಮ ಸಸ್ಯಗಳನ್ನು ಆರೋಗ್ಯವಾಗಿಡಲು ತಂಪಾಗಿರುವಾಗಲೇ ನಿಮ್ಮ ಭಾರವಾದ ಕೆಲಸವನ್ನು ಮಾಡಿ.,"खेत का काम: बहुत गर्मी पड़ रही है। अपना भारी काम तब करें जब मौसम ठंडा हो, ताकि आप और आपके पौधे स्वस्थ रहें।","களப்பணி: மிகவும் சூடாகி வருகிறது. உங்களையும் உங்கள் தாவரங்களையும் ஆரோக்கியமாக வைத்திருக்க, குளிர்ச்சியாக இருக்கும்போதே உங்கள் கனமான வேலையைச் செய்யுங்கள்.",ఫీల్డ్ వర్క్: చాలా వేడిగా ఉంది. మిమ్మల్ని మరియు మీ మొక్కలను ఆరోగ్యంగా ఉంచుకోవడానికి చల్లగా ఉన్నప్పుడే మీ భారీ పని చేయండి.,വയലിലെ ജോലി: ചൂട് കൂടിവരികയാണ്. നിങ്ങളെയും നിങ്ങളുടെ ചെടികളെയും ആരോഗ്യത്തോടെ നിലനിർത്താൻ തണുപ്പുള്ളപ്പോൾ തന്നെ ഭാരിച്ച ജോലികൾ ചെയ്യുക.,शेतातील काम: खूप उष्णता वाढत आहे. स्वतःला आणि तुमच्या झाडांना निरोगी ठेवण्यासाठी थंड असतानाच तुमचे जड काम करा.,ખેતરમાં કામ: ખૂબ ગરમી પડી રહી છે. ઠંડી હોય ત્યારે ભારે કામ કરો જેથી તમારી જાતને અને તમારા છોડને સ્વસ્થ રાખી શકાય.,মাঠের কাজ: খুব গরম পড়ছে। নিজেকে এবং আপনার গাছপালা সুস্থ রাখতে ঠান্ডা থাকতেই ভারী কাজ করুন।,ਖੇਤ ਦਾ ਕੰਮ: ਬਹੁਤ ਗਰਮੀ ਪੈ ਰਹੀ ਹੈ। ਆਪਣੇ ਆਪ ਨੂੰ ਅਤੇ ਆਪਣੇ ਪੌਦਿਆਂ ਨੂੰ ਸਿਹਤਮੰਦ ਰੱਖਣ ਲਈ ਠੰਡਾ ਹੋਣ ਤੱਕ ਆਪਣਾ ਭਾਰੀ ਕੰਮ ਕਰੋ।,فیلڈ ورک: یہ بہت گرم ہو رہا ہے۔ اپنے آپ کو اور اپنے پودوں کو صحت مند رکھنے کے لیے ٹھنڈا ہونے کے دوران اپنا بھاری کام کریں۔,खेतबारीको काम: धेरै गर्मी भइरहेको छ। आफू र आफ्ना बिरुवाहरूलाई स्वस्थ राख्न चिसो हुँदा नै आफ्नो भारी काम गर्नुहोस्।,କ୍ଷେତ କାମ: ବହୁତ ଗରମ ହେଉଛି। ନିଜକୁ ଏବଂ ଆପଣଙ୍କ ଗଛଗୁଡ଼ିକୁ ସୁସ୍ଥ ରଖିବା ପାଇଁ ଥଣ୍ଡା ଥିବା ସମୟରେ ଆପଣଙ୍କର କଠିନ କାମ କରନ୍ତୁ।,Before 10 AM or After 5 PM,tractor
Very Hot,Very Dry,Calm,Light Rain,irrigation,CAUTION,45,Irrigation Caution,WATERING: The ground is dry. Best to water in the early morning so the plants stay strong during the heat.,"ನೀರುಹಾಕುವುದು: ನೆಲ ಒಣಗಿದೆ. ಬೆಳಿಗ್ಗೆ ಬೇಗನೆ ನೀರು ಹಾಕುವುದು ಉತ್ತಮ, ಇದರಿಂದ ಸಸ್ಯಗಳು ಶಾಖದ ಸಮಯದಲ್ಲಿ ಬಲವಾಗಿರುತ್ತವೆ.",पानी देना: मिट्टी सूखी है। पौधों को गर्मी के दौरान स्वस्थ रखने के लिए सुबह जल्दी पानी देना सबसे अच्छा है।,"நீர்ப்பாசனம்: நிலம் வறண்டு உள்ளது. அதிகாலையில் தண்ணீர் பாய்ச்சுவது நல்லது, இதனால் வெப்பத்தின் போது தாவரங்கள் வலுவாக இருக்கும்.","నీరు త్రాగుట: నేల పొడిగా ఉంటుంది. ఉదయాన్నే నీరు పోయడం మంచిది, తద్వారా వేడి సమయంలో మొక్కలు బలంగా ఉంటాయి.","നനവ്: നിലം വരണ്ടതാണ്. അതിരാവിലെ നനയ്ക്കുന്നതാണ് നല്ലത്, അങ്ങനെ ചൂടിൽ ചെടികൾ ശക്തമായി നിലനിൽക്കും.",पाणी देणे: जमीन कोरडी आहे. सकाळी लवकर पाणी देणे चांगले जेणेकरून उष्णतेमध्ये झाडे मजबूत राहतील.,પાણી આપવું: જમીન સૂકી છે. ગરમી દરમિયાન છોડ મજબૂત રહે તે માટે વહેલી સવારે પાણી આપવું શ્રેષ્ઠ છે.,"জল দেওয়া: মাটি শুষ্ক। খুব ভোরে জল দেওয়া ভালো, যাতে গরমের সময় গাছপালা শক্তিশালী থাকে।",ਪਾਣੀ ਦੇਣਾ: ਜ਼ਮੀਨ ਸੁੱਕੀ ਹੈ। ਸਵੇਰੇ ਜਲਦੀ ਪਾਣੀ ਦੇਣਾ ਸਭ ਤੋਂ ਵਧੀਆ ਹੈ ਤਾਂ ਜੋ ਪੌਦੇ ਗਰਮੀ ਦੌਰਾਨ ਮਜ਼ਬੂਤ ​​ਰਹਿਣ।,پانی دینا: زمین خشک ہے۔ صبح سویرے پانی دینا بہتر ہے تاکہ گرمی کے دوران پودے مضبوط رہیں۔,पानी हाल्ने: जमिन सुख्खा छ। बिहान सबेरै पानी हाल्नु राम्रो हुन्छ ताकि गर्मीको समयमा बिरुवाहरू बलियो रहून्।,ପାଣି ଦେବା: ଜମି ଶୁଖିଲା ଅଛି। ଗରମ ସମୟରେ ଗଛଗୁଡ଼ିକ ଶକ୍ତିଶାଳୀ ରହିବା ପାଇଁ ସକାଳୁ ପାଣି ଦେବା ଭଲ।,Before 8 AM,droplet
Very Hot,Very Dry,Calm,Light Rain,spraying,CAUTION,45,Spray With Caution,SPRAYING: The air is calm right now. Spray your crops now before the wind picks up and wastes your medicine.,ಸಿಂಪಡಣೆ: ಗಾಳಿ ಈಗ ಶಾಂತವಾಗಿದೆ. ಗಾಳಿ ಬೀಸಿ ನಿಮ್ಮ ಔಷಧ ವ್ಯರ್ಥವಾಗುವ ಮೊದಲು ನಿಮ್ಮ ಬೆಳೆಗಳಿಗೆ ಈಗಲೇ ಸಿಂಪಡಿಸಿ.,छिड़काव: इस समय हवा शांत है। हवा चलने और दवा बर्बाद होने से पहले अपनी फसलों पर छिड़काव करें।,தெளித்தல்: காற்று இப்போது அமைதியாக இருக்கிறது. காற்று வீசி உங்கள் மருந்தை வீணாக்கும் முன் உங்கள் பயிர்களுக்கு இப்போதே தெளிக்கவும்.,స్ప్రేయింగ్: ప్రస్తుతం గాలి ప్రశాంతంగా ఉంది. గాలి వీచి మీ ఔషధం వృధా అయ్యేలోపు మీ పంటలపై ఇప్పుడే పిచికారీ చేయండి.,സ്പ്രേയിംഗ്: ഇപ്പോൾ വായു ശാന്തമാണ്. കാറ്റ് വീശി നിങ്ങളുടെ മരുന്നുകൾ പാഴാക്കുന്നതിനുമുമ്പ് നിങ്ങളുടെ വിളകൾക്ക് ഇപ്പോൾ തന്നെ തളിക്കുക.,फवारणी: सध्या हवा शांत आहे. वारा येऊन तुमचे औषध वाया जाण्यापूर्वी आत्ताच तुमच्या पिकांवर फवारणी करा.,છંટકાવ: અત્યારે હવા શાંત છે. પવન ફૂંકાય અને તમારી દવા બગાડે તે પહેલાં હમણાં જ તમારા પાક પર છંટકાવ કરો.,স্প্রে করা: বাতাস এখন শান্ত। বাতাস বইতে শুরু করে এবং আপনার ওষুধ নষ্ট করার আগে এখনই আপনার ফসলে স্প্রে করুন।,ਛਿੜਕਾਅ: ਇਸ ਵੇਲੇ ਹਵਾ ਸ਼ਾਂਤ ਹੈ। ਹਵਾ ਚੱਲਣ ਅਤੇ ਤੁਹਾਡੀ ਦਵਾਈ ਬਰਬਾਦ ਹੋਣ ਤੋਂ ਪਹਿਲਾਂ ਆਪਣੀਆਂ ਫਸਲਾਂ 'ਤੇ ਹੁਣੇ ਛਿੜਕਾਅ ਕਰੋ।,چھڑکاؤ: اس وقت ہوا پرسکون ہے۔ اپنی فصلوں پر چھڑکاؤ اس سے پہلے کہ ہوا تیز ہو جائے اور آپ کی دوائی ضائع ہو جائے۔,छर्कने: अहिले हावा शान्त छ। हावा चल्नु र तपाईंको औषधि खेर जानु अघि नै आफ्नो बालीनालीमा छर्कनुहोस्।,ସିଞ୍ଚନ: ବର୍ତ୍ତମାନ ବାୟୁ ଶାନ୍ତ ଅଛି। ପବନ ବହିବା ଏବଂ ଔଷଧ ନଷ୍ଟ କରିବା ପୂର୍ବରୁ ଏବେ ଆପଣଙ୍କ ଫସଲରେ ସିଞ୍ଚନ କରନ୍ତୁ।,Before 10 AM,spray
Very Hot,Very Dry,Calm,Light Rain,fungal_risk,CAUTION,45,Monitor Fungal Risk,DISEASE ALERT: It is very damp and warm. Check your leaves for rot and use protection to save your harvest.,ರೋಗ ಎಚ್ಚರಿಕೆ: ಇದು ತುಂಬಾ ತೇವ ಮತ್ತು ಬೆಚ್ಚಗಿರುತ್ತದೆ. ನಿಮ್ಮ ಎಲೆಗಳನ್ನು ಕೊಳೆತಕ್ಕಾಗಿ ಪರಿಶೀಲಿಸಿ ಮತ್ತು ನಿಮ್ಮ ಬೆಳೆಯನ್ನು ಉಳಿಸಲು ರಕ್ಷಣೆಯನ್ನು ಬಳಸಿ.,रोग चेतावनी: मौसम बहुत नम और गर्म है। पत्तियों में सड़न की जांच करें और अपनी फसल को बचाने के लिए सुरक्षात्मक उपाय करें।,"நோய் எச்சரிக்கை: இது மிகவும் ஈரப்பதமாகவும் சூடாகவும் இருக்கும். உங்கள் இலைகளில் அழுகல் இருக்கிறதா என்று சரிபார்த்து, உங்கள் அறுவடையை சேமிக்க பாதுகாப்பைப் பயன்படுத்துங்கள்.",వ్యాధి హెచ్చరిక: ఇది చాలా తడిగా మరియు వెచ్చగా ఉంటుంది. మీ ఆకులు తెగులు కోసం తనిఖీ చేయండి మరియు మీ పంటను కాపాడటానికి రక్షణను ఉపయోగించండి.,രോഗ മുന്നറിയിപ്പ്: ഇത് വളരെ ഈർപ്പമുള്ളതും ചൂടുള്ളതുമാണ്. നിങ്ങളുടെ ഇലകൾ അഴുകുന്നുണ്ടോ എന്ന് പരിശോധിച്ച് നിങ്ങളുടെ വിള സംരക്ഷിക്കാൻ സംരക്ഷണം ഉപയോഗിക്കുക.,रोगाचा इशारा: हे खूप ओलसर आणि उबदार आहे. तुमची पाने कुजली आहेत का ते तपासा आणि तुमचे पीक वाचवण्यासाठी संरक्षण वापरा.,રોગની ચેતવણી: તે ખૂબ જ ભેજવાળી અને ગરમ છે. તમારા પાંદડા સડી ગયા છે કે નહીં તે તપાસો અને તમારા પાકને બચાવવા માટે રક્ષણનો ઉપયોગ કરો.,রোগের সতর্কতা: এটি খুব স্যাঁতসেঁতে এবং উষ্ণ। আপনার পাতা পচে গেছে কিনা তা পরীক্ষা করুন এবং আপনার ফসল বাঁচাতে সুরক্ষা ব্যবস্থা ব্যবহার করুন।,ਬਿਮਾਰੀ ਦੀ ਚੇਤਾਵਨੀ: ਇਹ ਬਹੁਤ ਗਿੱਲਾ ਅਤੇ ਗਰਮ ਹੈ। ਆਪਣੇ ਪੱਤਿਆਂ ਦੀ ਸੜਨ ਦੀ ਜਾਂਚ ਕਰੋ ਅਤੇ ਆਪਣੀ ਫ਼ਸਲ ਨੂੰ ਬਚਾਉਣ ਲਈ ਸੁਰੱਖਿਆ ਦੀ ਵਰਤੋਂ ਕਰੋ।,بیماری کا انتباہ: یہ بہت نم اور گرم ہے۔ اپنے پتوں کو سڑنے کے لیے چیک کریں اور اپنی فصل کو بچانے کے لیے تحفظ کا استعمال کریں۔,रोगको चेतावनी: यो धेरै ओसिलो र न्यानो छ। आफ्नो पातहरू कुहिन जाँच गर्नुहोस् र आफ्नो बाली बचाउन सुरक्षा प्रयोग गर्नुहोस्।,ରୋଗ ସତର୍କତା: ଏହା ବହୁତ ଓଦା ଏବଂ ଉଷ୍ମ। ଆପଣଙ୍କ ପତ୍ର ପଚିଛି କି ନାହିଁ ଯାଞ୍ଚ କରନ୍ତୁ ଏବଂ ଆପଣଙ୍କ ଫସଲକୁ ବଞ୍ଚାଇବା ପାଇଁ ସୁରକ୍ଷା ବ୍ୟବହାର କରନ୍ତୁ।,,warning
Very Hot,Very Dry,Calm,Light Rain,field_work,CAUTION,45,Limit Field Work Hours,FIELD WORK: It is getting very hot. Do your heavy work while it is still cool to keep yourself and your plants healthy.,ಕ್ಷೇತ್ರದ ಕೆಲಸ: ತುಂಬಾ ಬಿಸಿಯಾಗುತ್ತಿದೆ. ನಿಮ್ಮನ್ನು ಮತ್ತು ನಿಮ್ಮ ಸಸ್ಯಗಳನ್ನು ಆರೋಗ್ಯವಾಗಿಡಲು ತಂಪಾಗಿರುವಾಗಲೇ ನಿಮ್ಮ ಭಾರವಾದ ಕೆಲಸವನ್ನು ಮಾಡಿ.,"खेत का काम: बहुत गर्मी पड़ रही है। अपना भारी काम तब करें जब मौसम ठंडा हो, ताकि आप और आपके पौधे स्वस्थ रहें।","களப்பணி: மிகவும் சூடாகி வருகிறது. உங்களையும் உங்கள் தாவரங்களையும் ஆரோக்கியமாக வைத்திருக்க, குளிர்ச்சியாக இருக்கும்போதே உங்கள் கனமான வேலையைச் செய்யுங்கள்.",ఫీల్డ్ వర్క్: చాలా వేడిగా ఉంది. మిమ్మల్ని మరియు మీ మొక్కలను ఆరోగ్యంగా ఉంచుకోవడానికి చల్లగా ఉన్నప్పుడే మీ భారీ పని చేయండి.,വയലിലെ ജോലി: ചൂട് കൂടിവരികയാണ്. നിങ്ങളെയും നിങ്ങളുടെ ചെടികളെയും ആരോഗ്യത്തോടെ നിലനിർത്താൻ തണുപ്പുള്ളപ്പോൾ തന്നെ ഭാരിച്ച ജോലികൾ ചെയ്യുക.,शेतातील काम: खूप उष्णता वाढत आहे. स्वतःला आणि तुमच्या झाडांना निरोगी ठेवण्यासाठी थंड असतानाच तुमचे जड काम करा.,ખેતરમાં કામ: ખૂબ ગરમી પડી રહી છે. ઠંડી હોય ત્યારે ભારે કામ કરો જેથી તમારી જાતને અને તમારા છોડને સ્વસ્થ રાખી શકાય.,মাঠের কাজ: খুব গরম পড়ছে। নিজেকে এবং আপনার গাছপালা সুস্থ রাখতে ঠান্ডা থাকতেই ভারী কাজ করুন।,ਖੇਤ ਦਾ ਕੰਮ: ਬਹੁਤ ਗਰਮੀ ਪੈ ਰਹੀ ਹੈ। ਆਪਣੇ ਆਪ ਨੂੰ ਅਤੇ ਆਪਣੇ ਪੌਦਿਆਂ ਨੂੰ ਸਿਹਤਮੰਦ ਰੱਖਣ ਲਈ ਠੰਡਾ ਹੋਣ ਤੱਕ ਆਪਣਾ ਭਾਰੀ ਕੰਮ ਕਰੋ।,فیلڈ ورک: یہ بہت گرم ہو رہا ہے۔ اپنے آپ کو اور اپنے پودوں کو صحت مند رکھنے کے لیے ٹھنڈا ہونے کے دوران اپنا بھاری کام کریں۔,खेतबारीको काम: धेरै गर्मी भइरहेको छ। आफू र आफ्ना बिरुवाहरूलाई स्वस्थ राख्न चिसो हुँदा नै आफ्नो भारी काम गर्नुहोस्।,କ୍ଷେତ କାମ: ବହୁତ ଗରମ ହେଉଛି। ନିଜକୁ ଏବଂ ଆପଣଙ୍କ ଗଛଗୁଡ଼ିକୁ ସୁସ୍ଥ ରଖିବା ପାଇଁ ଥଣ୍ଡା ଥିବା ସମୟରେ ଆପଣଙ୍କର କଠିନ କାମ କରନ୍ତୁ।,Before 10 AM or After 5 PM,tractor
Very Hot,Very Dry,Calm,Heavy Rain,irrigation,CAUTION,45,Irrigation Caution,WATERING: The ground is dry. Best to water in the early morning so the plants stay strong during the heat.,"ನೀರುಹಾಕುವುದು: ನೆಲ ಒಣಗಿದೆ. ಬೆಳಿಗ್ಗೆ ಬೇಗನೆ ನೀರು ಹಾಕುವುದು ಉತ್ತಮ, ಇದರಿಂದ ಸಸ್ಯಗಳು ಶಾಖದ ಸಮಯದಲ್ಲಿ ಬಲವಾಗಿರುತ್ತವೆ.",पानी देना: मिट्टी सूखी है। पौधों को गर्मी के दौरान स्वस्थ रखने के लिए सुबह जल्दी पानी देना सबसे अच्छा है।,"நீர்ப்பாசனம்: நிலம் வறண்டு உள்ளது. அதிகாலையில் தண்ணீர் பாய்ச்சுவது நல்லது, இதனால் வெப்பத்தின் போது தாவரங்கள் வலுவாக இருக்கும்.","నీరు త్రాగుట: నేల పొడిగా ఉంటుంది. ఉదయాన్నే నీరు పోయడం మంచిది, తద్వారా వేడి సమయంలో మొక్కలు బలంగా ఉంటాయి.","നനവ്: നിലം വരണ്ടതാണ്. അതിരാവിലെ നനയ്ക്കുന്നതാണ് നല്ലത്, അങ്ങനെ ചൂടിൽ ചെടികൾ ശക്തമായി നിലനിൽക്കും.",पाणी देणे: जमीन कोरडी आहे. सकाळी लवकर पाणी देणे चांगले जेणेकरून उष्णतेमध्ये झाडे मजबूत राहतील.,પાણી આપવું: જમીન સૂકી છે. ગરમી દરમિયાન છોડ મજબૂત રહે તે માટે વહેલી સવારે પાણી આપવું શ્રેષ્ઠ છે.,"জল দেওয়া: মাটি শুষ্ক। খুব ভোরে জল দেওয়া ভালো, যাতে গরমের সময় গাছপালা শক্তিশালী থাকে।",ਪਾਣੀ ਦੇਣਾ: ਜ਼ਮੀਨ ਸੁੱਕੀ ਹੈ। ਸਵੇਰੇ ਜਲਦੀ ਪਾਣੀ ਦੇਣਾ ਸਭ ਤੋਂ ਵਧੀਆ ਹੈ ਤਾਂ ਜੋ ਪੌਦੇ ਗਰਮੀ ਦੌਰਾਨ ਮਜ਼ਬੂਤ ​​ਰਹਿਣ।,پانی دینا: زمین خشک ہے۔ صبح سویرے پانی دینا بہتر ہے تاکہ گرمی کے دوران پودے مضبوط رہیں۔,पानी हाल्ने: जमिन सुख्खा छ। बिहान सबेरै पानी हाल्नु राम्रो हुन्छ ताकि गर्मीको समयमा बिरुवाहरू बलियो रहून्।,ପାଣି ଦେବା: ଜମି ଶୁଖିଲା ଅଛି। ଗରମ ସମୟରେ ଗଛଗୁଡ଼ିକ ଶକ୍ତିଶାଳୀ ରହିବା ପାଇଁ ସକାଳୁ ପାଣି ଦେବା ଭଲ।,Before 8 AM,droplet
Very Hot,Very Dry,Calm,Heavy Rain,spraying,CAUTION,45,Spray With Caution,SPRAYING: The air is calm right now. Spray your crops now before the wind picks up and wastes your medicine.,ಸಿಂಪಡಣೆ: ಗಾಳಿ ಈಗ ಶಾಂತವಾಗಿದೆ. ಗಾಳಿ ಬೀಸಿ ನಿಮ್ಮ ಔಷಧ ವ್ಯರ್ಥವಾಗುವ ಮೊದಲು ನಿಮ್ಮ ಬೆಳೆಗಳಿಗೆ ಈಗಲೇ ಸಿಂಪಡಿಸಿ.,छिड़काव: इस समय हवा शांत है। हवा चलने और दवा बर्बाद होने से पहले अपनी फसलों पर छिड़काव करें।,தெளித்தல்: காற்று இப்போது அமைதியாக இருக்கிறது. காற்று வீசி உங்கள் மருந்தை வீணாக்கும் முன் உங்கள் பயிர்களுக்கு இப்போதே தெளிக்கவும்.,స్ప్రేయింగ్: ప్రస్తుతం గాలి ప్రశాంతంగా ఉంది. గాలి వీచి మీ ఔషధం వృధా అయ్యేలోపు మీ పంటలపై ఇప్పుడే పిచికారీ చేయండి.,സ്പ്രേയിംഗ്: ഇപ്പോൾ വായു ശാന്തമാണ്. കാറ്റ് വീശി നിങ്ങളുടെ മരുന്നുകൾ പാഴാക്കുന്നതിനുമുമ്പ് നിങ്ങളുടെ വിളകൾക്ക് ഇപ്പോൾ തന്നെ തളിക്കുക.,फवारणी: सध्या हवा शांत आहे. वारा येऊन तुमचे औषध वाया जाण्यापूर्वी आत्ताच तुमच्या पिकांवर फवारणी करा.,છંટકાવ: અત્યારે હવા શાંત છે. પવન ફૂંકાય અને તમારી દવા બગાડે તે પહેલાં હમણાં જ તમારા પાક પર છંટકાવ કરો.,স্প্রে করা: বাতাস এখন শান্ত। বাতাস বইতে শুরু করে এবং আপনার ওষুধ নষ্ট করার আগে এখনই আপনার ফসলে স্প্রে করুন।,ਛਿੜਕਾਅ: ਇਸ ਵੇਲੇ ਹਵਾ ਸ਼ਾਂਤ ਹੈ। ਹਵਾ ਚੱਲਣ ਅਤੇ ਤੁਹਾਡੀ ਦਵਾਈ ਬਰਬਾਦ ਹੋਣ ਤੋਂ ਪਹਿਲਾਂ ਆਪਣੀਆਂ ਫਸਲਾਂ 'ਤੇ ਹੁਣੇ ਛਿੜਕਾਅ ਕਰੋ।,چھڑکاؤ: اس وقت ہوا پرسکون ہے۔ اپنی فصلوں پر چھڑکاؤ اس سے پہلے کہ ہوا تیز ہو جائے اور آپ کی دوائی ضائع ہو جائے۔,छर्कने: अहिले हावा शान्त छ। हावा चल्नु र तपाईंको औषधि खेर जानु अघि नै आफ्नो बालीनालीमा छर्कनुहोस्।,ସିଞ୍ଚନ: ବର୍ତ୍ତମାନ ବାୟୁ ଶାନ୍ତ ଅଛି। ପବନ ବହିବା ଏବଂ ଔଷଧ ନଷ୍ଟ କରିବା ପୂର୍ବରୁ ଏବେ ଆପଣଙ୍କ ଫସଲରେ ସିଞ୍ଚନ କରନ୍ତୁ।,Before 10 AM,spray
Very Hot,Very Dry,Calm,Heavy Rain,fungal_risk,CAUTION,45,Monitor Fungal Risk,DISEASE ALERT: It is very damp and warm. Check your leaves for rot and use protection to save your harvest.,ರೋಗ ಎಚ್ಚರಿಕೆ: ಇದು ತುಂಬಾ ತೇವ ಮತ್ತು ಬೆಚ್ಚಗಿರುತ್ತದೆ. ನಿಮ್ಮ ಎಲೆಗಳನ್ನು ಕೊಳೆತಕ್ಕಾಗಿ ಪರಿಶೀಲಿಸಿ ಮತ್ತು ನಿಮ್ಮ ಬೆಳೆಯನ್ನು ಉಳಿಸಲು ರಕ್ಷಣೆಯನ್ನು ಬಳಸಿ.,रोग चेतावनी: मौसम बहुत नम और गर्म है। पत्तियों में सड़न की जांच करें और अपनी फसल को बचाने के लिए सुरक्षात्मक उपाय करें।,"நோய் எச்சரிக்கை: இது மிகவும் ஈரப்பதமாகவும் சூடாகவும் இருக்கும். உங்கள் இலைகளில் அழுகல் இருக்கிறதா என்று சரிபார்த்து, உங்கள் அறுவடையை சேமிக்க பாதுகாப்பைப் பயன்படுத்துங்கள்.",వ్యాధి హెచ్చరిక: ఇది చాలా తడిగా మరియు వెచ్చగా ఉంటుంది. మీ ఆకులు తెగులు కోసం తనిఖీ చేయండి మరియు మీ పంటను కాపాడటానికి రక్షణను ఉపయోగించండి.,രോഗ മുന്നറിയിപ്പ്: ഇത് വളരെ ഈർപ്പമുള്ളതും ചൂടുള്ളതുമാണ്. നിങ്ങളുടെ ഇലകൾ അഴുകുന്നുണ്ടോ എന്ന് പരിശോധിച്ച് നിങ്ങളുടെ വിള സംരക്ഷിക്കാൻ സംരക്ഷണം ഉപയോഗിക്കുക.,रोगाचा इशारा: हे खूप ओलसर आणि उबदार आहे. तुमची पाने कुजली आहेत का ते तपासा आणि तुमचे पीक वाचवण्यासाठी संरक्षण वापरा.,રોગની ચેતવણી: તે ખૂબ જ ભેજવાળી અને ગરમ છે. તમારા પાંદડા સડી ગયા છે કે નહીં તે તપાસો અને તમારા પાકને બચાવવા માટે રક્ષણનો ઉપયોગ કરો.,রোগের সতর্কতা: এটি খুব স্যাঁতসেঁতে এবং উষ্ণ। আপনার পাতা পচে গেছে কিনা তা পরীক্ষা করুন এবং আপনার ফসল বাঁচাতে সুরক্ষা ব্যবস্থা ব্যবহার করুন।,ਬਿਮਾਰੀ ਦੀ ਚੇਤਾਵਨੀ: ਇਹ ਬਹੁਤ ਗਿੱਲਾ ਅਤੇ ਗਰਮ ਹੈ। ਆਪਣੇ ਪੱਤਿਆਂ ਦੀ ਸੜਨ ਦੀ ਜਾਂਚ ਕਰੋ ਅਤੇ ਆਪਣੀ ਫ਼ਸਲ ਨੂੰ ਬਚਾਉਣ ਲਈ ਸੁਰੱਖਿਆ ਦੀ ਵਰਤੋਂ ਕਰੋ।,بیماری کا انتباہ: یہ بہت نم اور گرم ہے۔ اپنے پتوں کو سڑنے کے لیے چیک کریں اور اپنی فصل کو بچانے کے لیے تحفظ کا استعمال کریں۔,रोगको चेतावनी: यो धेरै ओसिलो र न्यानो छ। आफ्नो पातहरू कुहिन जाँच गर्नुहोस् र आफ्नो बाली बचाउन सुरक्षा प्रयोग गर्नुहोस्।,ରୋଗ ସତର୍କତା: ଏହା ବହୁତ ଓଦା ଏବଂ ଉଷ୍ମ। ଆପଣଙ୍କ ପତ୍ର ପଚିଛି କି ନାହିଁ ଯାଞ୍ଚ କରନ୍ତୁ ଏବଂ ଆପଣଙ୍କ ଫସଲକୁ ବଞ୍ଚାଇବା ପାଇଁ ସୁରକ୍ଷା ବ୍ୟବହାର କରନ୍ତୁ।,,warning
Very Hot,Very Dry,Calm,Heavy Rain,field_work,CAUTION,45,Limit Field Work Hours,FIELD WORK: It is getting very hot. Do your heavy work while it is still cool to keep yourself and your plants healthy.,ಕ್ಷೇತ್ರದ ಕೆಲಸ: ತುಂಬಾ ಬಿಸಿಯಾಗುತ್ತಿದೆ. ನಿಮ್ಮನ್ನು ಮತ್ತು ನಿಮ್ಮ ಸಸ್ಯಗಳನ್ನು ಆರೋಗ್ಯವಾಗಿಡಲು ತಂಪಾಗಿರುವಾಗಲೇ ನಿಮ್ಮ ಭಾರವಾದ ಕೆಲಸವನ್ನು ಮಾಡಿ.,"खेत का काम: बहुत गर्मी पड़ रही है। अपना भारी काम तब करें जब मौसम ठंडा हो, ताकि आप और आपके पौधे स्वस्थ रहें।","களப்பணி: மிகவும் சூடாகி வருகிறது. உங்களையும் உங்கள் தாவரங்களையும் ஆரோக்கியமாக வைத்திருக்க, குளிர்ச்சியாக இருக்கும்போதே உங்கள் கனமான வேலையைச் செய்யுங்கள்.",ఫీల్డ్ వర్క్: చాలా వేడిగా ఉంది. మిమ్మల్ని మరియు మీ మొక్కలను ఆరోగ్యంగా ఉంచుకోవడానికి చల్లగా ఉన్నప్పుడే మీ భారీ పని చేయండి.,വയലിലെ ജോലി: ചൂട് കൂടിവരികയാണ്. നിങ്ങളെയും നിങ്ങളുടെ ചെടികളെയും ആരോഗ്യത്തോടെ നിലനിർത്താൻ തണുപ്പുള്ളപ്പോൾ തന്നെ ഭാരിച്ച ജോലികൾ ചെയ്യുക.,शेतातील काम: खूप उष्णता वाढत आहे. स्वतःला आणि तुमच्या झाडांना निरोगी ठेवण्यासाठी थंड असतानाच तुमचे जड काम करा.,ખેતરમાં કામ: ખૂબ ગરમી પડી રહી છે. ઠંડી હોય ત્યારે ભારે કામ કરો જેથી તમારી જાતને અને તમારા છોડને સ્વસ્થ રાખી શકાય.,মাঠের কাজ: খুব গরম পড়ছে। নিজেকে এবং আপনার গাছপালা সুস্থ রাখতে ঠান্ডা থাকতেই ভারী কাজ করুন।,ਖੇਤ ਦਾ ਕੰਮ: ਬਹੁਤ ਗਰਮੀ ਪੈ ਰਹੀ ਹੈ। ਆਪਣੇ ਆਪ ਨੂੰ ਅਤੇ ਆਪਣੇ ਪੌਦਿਆਂ ਨੂੰ ਸਿਹਤਮੰਦ ਰੱਖਣ ਲਈ ਠੰਡਾ ਹੋਣ ਤੱਕ ਆਪਣਾ ਭਾਰੀ ਕੰਮ ਕਰੋ।,فیلڈ ورک: یہ بہت گرم ہو رہا ہے۔ اپنے آپ کو اور اپنے پودوں کو صحت مند رکھنے کے لیے ٹھنڈا ہونے کے دوران اپنا بھاری کام کریں۔,खेतबारीको काम: धेरै गर्मी भइरहेको छ। आफू र आफ्ना बिरुवाहरूलाई स्वस्थ राख्न चिसो हुँदा नै आफ्नो भारी काम गर्नुहोस्।,କ୍ଷେତ କାମ: ବହୁତ ଗରମ ହେଉଛି। ନିଜକୁ ଏବଂ ଆପଣଙ୍କ ଗଛଗୁଡ଼ିକୁ ସୁସ୍ଥ ରଖିବା ପାଇଁ ଥଣ୍ଡା ଥିବା ସମୟରେ ଆପଣଙ୍କର କଠିନ କାମ କରନ୍ତୁ।,Before 10 AM or After 5 PM,tractor
Very Hot,Very Dry,Breezy,Dry,irrigation,CAUTION,45,Irrigation Caution,WATERING: The ground is dry. Best to water in the early morning so the plants stay strong during the heat.,"ನೀರುಹಾಕುವುದು: ನೆಲ ಒಣಗಿದೆ. ಬೆಳಿಗ್ಗೆ ಬೇಗನೆ ನೀರು ಹಾಕುವುದು ಉತ್ತಮ, ಇದರಿಂದ ಸಸ್ಯಗಳು ಶಾಖದ ಸಮಯದಲ್ಲಿ ಬಲವಾಗಿರುತ್ತವೆ.",पानी देना: मिट्टी सूखी है। पौधों को गर्मी के दौरान स्वस्थ रखने के लिए सुबह जल्दी पानी देना सबसे अच्छा है।,"நீர்ப்பாசனம்: நிலம் வறண்டு உள்ளது. அதிகாலையில் தண்ணீர் பாய்ச்சுவது நல்லது, இதனால் வெப்பத்தின் போது தாவரங்கள் வலுவாக இருக்கும்.","నీరు త్రాగుట: నేల పొడిగా ఉంటుంది. ఉదయాన్నే నీరు పోయడం మంచిది, తద్వారా వేడి సమయంలో మొక్కలు బలంగా ఉంటాయి.","നനവ്: നിലം വരണ്ടതാണ്. അതിരാവിലെ നനയ്ക്കുന്നതാണ് നല്ലത്, അങ്ങനെ ചൂടിൽ ചെടികൾ ശക്തമായി നിലനിൽക്കും.",पाणी देणे: जमीन कोरडी आहे. सकाळी लवकर पाणी देणे चांगले जेणेकरून उष्णतेमध्ये झाडे मजबूत राहतील.,પાણી આપવું: જમીન સૂકી છે. ગરમી દરમિયાન છોડ મજબૂત રહે તે માટે વહેલી સવારે પાણી આપવું શ્રેષ્ઠ છે.,"জল দেওয়া: মাটি শুষ্ক। খুব ভোরে জল দেওয়া ভালো, যাতে গরমের সময় গাছপালা শক্তিশালী থাকে।",ਪਾਣੀ ਦੇਣਾ: ਜ਼ਮੀਨ ਸੁੱਕੀ ਹੈ। ਸਵੇਰੇ ਜਲਦੀ ਪਾਣੀ ਦੇਣਾ ਸਭ ਤੋਂ ਵਧੀਆ ਹੈ ਤਾਂ ਜੋ ਪੌਦੇ ਗਰਮੀ ਦੌਰਾਨ ਮਜ਼ਬੂਤ ​​ਰਹਿਣ।,پانی دینا: زمین خشک ہے۔ صبح سویرے پانی دینا بہتر ہے تاکہ گرمی کے دوران پودے مضبوط رہیں۔,पानी हाल्ने: जमिन सुख्खा छ। बिहान सबेरै पानी हाल्नु राम्रो हुन्छ ताकि गर्मीको समयमा बिरुवाहरू बलियो रहून्।,ପାଣି ଦେବା: ଜମି ଶୁଖିଲା ଅଛି। ଗରମ ସମୟରେ ଗଛଗୁଡ଼ିକ ଶକ୍ତିଶାଳୀ ରହିବା ପାଇଁ ସକାଳୁ ପାଣି ଦେବା ଭଲ।,Before 8 AM,droplet
Very Hot,Very Dry,Breezy,Dry,spraying,CAUTION,45,Spray With Caution,SPRAYING: The air is calm right now. Spray your crops now before the wind picks up and wastes your medicine.,ಸಿಂಪಡಣೆ: ಗಾಳಿ ಈಗ ಶಾಂತವಾಗಿದೆ. ಗಾಳಿ ಬೀಸಿ ನಿಮ್ಮ ಔಷಧ ವ್ಯರ್ಥವಾಗುವ ಮೊದಲು ನಿಮ್ಮ ಬೆಳೆಗಳಿಗೆ ಈಗಲೇ ಸಿಂಪಡಿಸಿ.,छिड़काव: इस समय हवा शांत है। हवा चलने और दवा बर्बाद होने से पहले अपनी फसलों पर छिड़काव करें।,தெளித்தல்: காற்று இப்போது அமைதியாக இருக்கிறது. காற்று வீசி உங்கள் மருந்தை வீணாக்கும் முன் உங்கள் பயிர்களுக்கு இப்போதே தெளிக்கவும்.,స్ప్రేయింగ్: ప్రస్తుతం గాలి ప్రశాంతంగా ఉంది. గాలి వీచి మీ ఔషధం వృధా అయ్యేలోపు మీ పంటలపై ఇప్పుడే పిచికారీ చేయండి.,സ്പ്രേയിംഗ്: ഇപ്പോൾ വായു ശാന്തമാണ്. കാറ്റ് വീശി നിങ്ങളുടെ മരുന്നുകൾ പാഴാക്കുന്നതിനുമുമ്പ് നിങ്ങളുടെ വിളകൾക്ക് ഇപ്പോൾ തന്നെ തളിക്കുക.,फवारणी: सध्या हवा शांत आहे. वारा येऊन तुमचे औषध वाया जाण्यापूर्वी आत्ताच तुमच्या पिकांवर फवारणी करा.,છંટકાવ: અત્યારે હવા શાંત છે. પવન ફૂંકાય અને તમારી દવા બગાડે તે પહેલાં હમણાં જ તમારા પાક પર છંટકાવ કરો.,স্প্রে করা: বাতাস এখন শান্ত। বাতাস বইতে শুরু করে এবং আপনার ওষুধ নষ্ট করার আগে এখনই আপনার ফসলে স্প্রে করুন।,ਛਿੜਕਾਅ: ਇਸ ਵੇਲੇ ਹਵਾ ਸ਼ਾਂਤ ਹੈ। ਹਵਾ ਚੱਲਣ ਅਤੇ ਤੁਹਾਡੀ ਦਵਾਈ ਬਰਬਾਦ ਹੋਣ ਤੋਂ ਪਹਿਲਾਂ ਆਪਣੀਆਂ ਫਸਲਾਂ 'ਤੇ ਹੁਣੇ ਛਿੜਕਾਅ ਕਰੋ।,چھڑکاؤ: اس وقت ہوا پرسکون ہے۔ اپنی فصلوں پر چھڑکاؤ اس سے پہلے کہ ہوا تیز ہو جائے اور آپ کی دوائی ضائع ہو جائے۔,छर्कने: अहिले हावा शान्त छ। हावा चल्नु र तपाईंको औषधि खेर जानु अघि नै आफ्नो बालीनालीमा छर्कनुहोस्।,ସିଞ୍ଚନ: ବର୍ତ୍ତମାନ ବାୟୁ ଶାନ୍ତ ଅଛି। ପବନ ବହିବା ଏବଂ ଔଷଧ ନଷ୍ଟ କରିବା ପୂର୍ବରୁ ଏବେ ଆପଣଙ୍କ ଫସଲରେ ସିଞ୍ଚନ କରନ୍ତୁ।,Before 10 AM,spray
Very Hot,Very Dry,Breezy,Dry,fungal_risk,CAUTION,45,Monitor Fungal Risk,DISEASE ALERT: It is very damp and warm. Check your leaves for rot and use protection to save your harvest.,ರೋಗ ಎಚ್ಚರಿಕೆ: ಇದು ತುಂಬಾ ತೇವ ಮತ್ತು ಬೆಚ್ಚಗಿರುತ್ತದೆ. ನಿಮ್ಮ ಎಲೆಗಳನ್ನು ಕೊಳೆತಕ್ಕಾಗಿ ಪರಿಶೀಲಿಸಿ ಮತ್ತು ನಿಮ್ಮ ಬೆಳೆಯನ್ನು ಉಳಿಸಲು ರಕ್ಷಣೆಯನ್ನು ಬಳಸಿ.,रोग चेतावनी: मौसम बहुत नम और गर्म है। पत्तियों में सड़न की जांच करें और अपनी फसल को बचाने के लिए सुरक्षात्मक उपाय करें।,"நோய் எச்சரிக்கை: இது மிகவும் ஈரப்பதமாகவும் சூடாகவும் இருக்கும். உங்கள் இலைகளில் அழுகல் இருக்கிறதா என்று சரிபார்த்து, உங்கள் அறுவடையை சேமிக்க பாதுகாப்பைப் பயன்படுத்துங்கள்.",వ్యాధి హెచ్చరిక: ఇది చాలా తడిగా మరియు వెచ్చగా ఉంటుంది. మీ ఆకులు తెగులు కోసం తనిఖీ చేయండి మరియు మీ పంటను కాపాడటానికి రక్షణను ఉపయోగించండి.,രോഗ മുന്നറിയിപ്പ്: ഇത് വളരെ ഈർപ്പമുള്ളതും ചൂടുള്ളതുമാണ്. നിങ്ങളുടെ ഇലകൾ അഴുകുന്നുണ്ടോ എന്ന് പരിശോധിച്ച് നിങ്ങളുടെ വിള സംരക്ഷിക്കാൻ സംരക്ഷണം ഉപയോഗിക്കുക.,रोगाचा इशारा: हे खूप ओलसर आणि उबदार आहे. तुमची पाने कुजली आहेत का ते तपासा आणि तुमचे पीक वाचवण्यासाठी संरक्षण वापरा.,રોગની ચેતવણી: તે ખૂબ જ ભેજવાળી અને ગરમ છે. તમારા પાંદડા સડી ગયા છે કે નહીં તે તપાસો અને તમારા પાકને બચાવવા માટે રક્ષણનો ઉપયોગ કરો.,রোগের সতর্কতা: এটি খুব স্যাঁতসেঁতে এবং উষ্ণ। আপনার পাতা পচে গেছে কিনা তা পরীক্ষা করুন এবং আপনার ফসল বাঁচাতে সুরক্ষা ব্যবস্থা ব্যবহার করুন।,ਬਿਮਾਰੀ ਦੀ ਚੇਤਾਵਨੀ: ਇਹ ਬਹੁਤ ਗਿੱਲਾ ਅਤੇ ਗਰਮ ਹੈ। ਆਪਣੇ ਪੱਤਿਆਂ ਦੀ ਸੜਨ ਦੀ ਜਾਂਚ ਕਰੋ ਅਤੇ ਆਪਣੀ ਫ਼ਸਲ ਨੂੰ ਬਚਾਉਣ ਲਈ ਸੁਰੱਖਿਆ ਦੀ ਵਰਤੋਂ ਕਰੋ।,بیماری کا انتباہ: یہ بہت نم اور گرم ہے۔ اپنے پتوں کو سڑنے کے لیے چیک کریں اور اپنی فصل کو بچانے کے لیے تحفظ کا استعمال کریں۔,रोगको चेतावनी: यो धेरै ओसिलो र न्यानो छ। आफ्नो पातहरू कुहिन जाँच गर्नुहोस् र आफ्नो बाली बचाउन सुरक्षा प्रयोग गर्नुहोस्।,ରୋଗ ସତର୍କତା: ଏହା ବହୁତ ଓଦା ଏବଂ ଉଷ୍ମ। ଆପଣଙ୍କ ପତ୍ର ପଚିଛି କି ନାହିଁ ଯାଞ୍ଚ କରନ୍ତୁ ଏବଂ ଆପଣଙ୍କ ଫସଲକୁ ବଞ୍ଚାଇବା ପାଇଁ ସୁରକ୍ଷା ବ୍ୟବହାର କରନ୍ତୁ।,,warning
Very Hot,Very Dry,Breezy,Dry,field_work,CAUTION,45,Limit Field Work Hours,FIELD WORK: It is getting very hot. Do your heavy work while it is still cool to keep yourself and your plants healthy.,ಕ್ಷೇತ್ರದ ಕೆಲಸ: ತುಂಬಾ ಬಿಸಿಯಾಗುತ್ತಿದೆ. ನಿಮ್ಮನ್ನು ಮತ್ತು ನಿಮ್ಮ ಸಸ್ಯಗಳನ್ನು ಆರೋಗ್ಯವಾಗಿಡಲು ತಂಪಾಗಿರುವಾಗಲೇ ನಿಮ್ಮ ಭಾರವಾದ ಕೆಲಸವನ್ನು ಮಾಡಿ.,"खेत का काम: बहुत गर्मी पड़ रही है। अपना भारी काम तब करें जब मौसम ठंडा हो, ताकि आप और आपके पौधे स्वस्थ रहें।","களப்பணி: மிகவும் சூடாகி வருகிறது. உங்களையும் உங்கள் தாவரங்களையும் ஆரோக்கியமாக வைத்திருக்க, குளிர்ச்சியாக இருக்கும்போதே உங்கள் கனமான வேலையைச் செய்யுங்கள்.",ఫీల్డ్ వర్క్: చాలా వేడిగా ఉంది. మిమ్మల్ని మరియు మీ మొక్కలను ఆరోగ్యంగా ఉంచుకోవడానికి చల్లగా ఉన్నప్పుడే మీ భారీ పని చేయండి.,വയലിലെ ജോലി: ചൂട് കൂടിവരികയാണ്. നിങ്ങളെയും നിങ്ങളുടെ ചെടികളെയും ആരോഗ്യത്തോടെ നിലനിർത്താൻ തണുപ്പുള്ളപ്പോൾ തന്നെ ഭാരിച്ച ജോലികൾ ചെയ്യുക.,शेतातील काम: खूप उष्णता वाढत आहे. स्वतःला आणि तुमच्या झाडांना निरोगी ठेवण्यासाठी थंड असतानाच तुमचे जड काम करा.,ખેતરમાં કામ: ખૂબ ગરમી પડી રહી છે. ઠંડી હોય ત્યારે ભારે કામ કરો જેથી તમારી જાતને અને તમારા છોડને સ્વસ્થ રાખી શકાય.,মাঠের কাজ: খুব গরম পড়ছে। নিজেকে এবং আপনার গাছপালা সুস্থ রাখতে ঠান্ডা থাকতেই ভারী কাজ করুন।,ਖੇਤ ਦਾ ਕੰਮ: ਬਹੁਤ ਗਰਮੀ ਪੈ ਰਹੀ ਹੈ। ਆਪਣੇ ਆਪ ਨੂੰ ਅਤੇ ਆਪਣੇ ਪੌਦਿਆਂ ਨੂੰ ਸਿਹਤਮੰਦ ਰੱਖਣ ਲਈ ਠੰਡਾ ਹੋਣ ਤੱਕ ਆਪਣਾ ਭਾਰੀ ਕੰਮ ਕਰੋ।,فیلڈ ورک: یہ بہت گرم ہو رہا ہے۔ اپنے آپ کو اور اپنے پودوں کو صحت مند رکھنے کے لیے ٹھنڈا ہونے کے دوران اپنا بھاری کام کریں۔,खेतबारीको काम: धेरै गर्मी भइरहेको छ। आफू र आफ्ना बिरुवाहरूलाई स्वस्थ राख्न चिसो हुँदा नै आफ्नो भारी काम गर्नुहोस्।,କ୍ଷେତ କାମ: ବହୁତ ଗରମ ହେଉଛି। ନିଜକୁ ଏବଂ ଆପଣଙ୍କ ଗଛଗୁଡ଼ିକୁ ସୁସ୍ଥ ରଖିବା ପାଇଁ ଥଣ୍ଡା ଥିବା ସମୟରେ ଆପଣଙ୍କର କଠିନ କାମ କରନ୍ତୁ।,Before 10 AM or After 5 PM,tractor
Very Hot,Very Dry,Breezy,Light Rain,irrigation,CAUTION,45,Irrigation Caution,WATERING: The ground is dry. Best to water in the early morning so the plants stay strong during the heat.,"ನೀರುಹಾಕುವುದು: ನೆಲ ಒಣಗಿದೆ. ಬೆಳಿಗ್ಗೆ ಬೇಗನೆ ನೀರು ಹಾಕುವುದು ಉತ್ತಮ, ಇದರಿಂದ ಸಸ್ಯಗಳು ಶಾಖದ ಸಮಯದಲ್ಲಿ ಬಲವಾಗಿರುತ್ತವೆ.",पानी देना: मिट्टी सूखी है। पौधों को गर्मी के दौरान स्वस्थ रखने के लिए सुबह जल्दी पानी देना सबसे अच्छा है।,"நீர்ப்பாசனம்: நிலம் வறண்டு உள்ளது. அதிகாலையில் தண்ணீர் பாய்ச்சுவது நல்லது, இதனால் வெப்பத்தின் போது தாவரங்கள் வலுவாக இருக்கும்.","నీరు త్రాగుట: నేల పొడిగా ఉంటుంది. ఉదయాన్నే నీరు పోయడం మంచిది, తద్వారా వేడి సమయంలో మొక్కలు బలంగా ఉంటాయి.","നനവ്: നിലം വരണ്ടതാണ്. അതിരാവിലെ നനയ്ക്കുന്നതാണ് നല്ലത്, അങ്ങനെ ചൂടിൽ ചെടികൾ ശക്തമായി നിലനിൽക്കും.",पाणी देणे: जमीन कोरडी आहे. सकाळी लवकर पाणी देणे चांगले जेणेकरून उष्णतेमध्ये झाडे मजबूत राहतील.,પાણી આપવું: જમીન સૂકી છે. ગરમી દરમિયાન છોડ મજબૂત રહે તે માટે વહેલી સવારે પાણી આપવું શ્રેષ્ઠ છે.,"জল দেওয়া: মাটি শুষ্ক। খুব ভোরে জল দেওয়া ভালো, যাতে গরমের সময় গাছপালা শক্তিশালী থাকে।",ਪਾਣੀ ਦੇਣਾ: ਜ਼ਮੀਨ ਸੁੱਕੀ ਹੈ। ਸਵੇਰੇ ਜਲਦੀ ਪਾਣੀ ਦੇਣਾ ਸਭ ਤੋਂ ਵਧੀਆ ਹੈ ਤਾਂ ਜੋ ਪੌਦੇ ਗਰਮੀ ਦੌਰਾਨ ਮਜ਼ਬੂਤ ​​ਰਹਿਣ।,پانی دینا: زمین خشک ہے۔ صبح سویرے پانی دینا بہتر ہے تاکہ گرمی کے دوران پودے مضبوط رہیں۔,पानी हाल्ने: जमिन सुख्खा छ। बिहान सबेरै पानी हाल्नु राम्रो हुन्छ ताकि गर्मीको समयमा बिरुवाहरू बलियो रहून्।,ପାଣି ଦେବା: ଜମି ଶୁଖିଲା ଅଛି। ଗରମ ସମୟରେ ଗଛଗୁଡ଼ିକ ଶକ୍ତିଶାଳୀ ରହିବା ପାଇଁ ସକାଳୁ ପାଣି ଦେବା ଭଲ।,Before 8 AM,droplet
Very Hot,Very Dry,Breezy,Light Rain,spraying,CAUTION,45,Spray With Caution,SPRAYING: The air is calm right now. Spray your crops now before the wind picks up and wastes your medicine.,ಸಿಂಪಡಣೆ: ಗಾಳಿ ಈಗ ಶಾಂತವಾಗಿದೆ. ಗಾಳಿ ಬೀಸಿ ನಿಮ್ಮ ಔಷಧ ವ್ಯರ್ಥವಾಗುವ ಮೊದಲು ನಿಮ್ಮ ಬೆಳೆಗಳಿಗೆ ಈಗಲೇ ಸಿಂಪಡಿಸಿ.,छिड़काव: इस समय हवा शांत है। हवा चलने और दवा बर्बाद होने से पहले अपनी फसलों पर छिड़काव करें।,தெளித்தல்: காற்று இப்போது அமைதியாக இருக்கிறது. காற்று வீசி உங்கள் மருந்தை வீணாக்கும் முன் உங்கள் பயிர்களுக்கு இப்போதே தெளிக்கவும்.,స్ప్రేయింగ్: ప్రస్తుతం గాలి ప్రశాంతంగా ఉంది. గాలి వీచి మీ ఔషధం వృధా అయ్యేలోపు మీ పంటలపై ఇప్పుడే పిచికారీ చేయండి.,സ്പ്രേയിംഗ്: ഇപ്പോൾ വായു ശാന്തമാണ്. കാറ്റ് വീശി നിങ്ങളുടെ മരുന്നുകൾ പാഴാക്കുന്നതിനുമുമ്പ് നിങ്ങളുടെ വിളകൾക്ക് ഇപ്പോൾ തന്നെ തളിക്കുക.,फवारणी: सध्या हवा शांत आहे. वारा येऊन तुमचे औषध वाया जाण्यापूर्वी आत्ताच तुमच्या पिकांवर फवारणी करा.,છંટકાવ: અત્યારે હવા શાંત છે. પવન ફૂંકાય અને તમારી દવા બગાડે તે પહેલાં હમણાં જ તમારા પાક પર છંટકાવ કરો.,স্প্রে করা: বাতাস এখন শান্ত। বাতাস বইতে শুরু করে এবং আপনার ওষুধ নষ্ট করার আগে এখনই আপনার ফসলে স্প্রে করুন।,ਛਿੜਕਾਅ: ਇਸ ਵੇਲੇ ਹਵਾ ਸ਼ਾਂਤ ਹੈ। ਹਵਾ ਚੱਲਣ ਅਤੇ ਤੁਹਾਡੀ ਦਵਾਈ ਬਰਬਾਦ ਹੋਣ ਤੋਂ ਪਹਿਲਾਂ ਆਪਣੀਆਂ ਫਸਲਾਂ 'ਤੇ ਹੁਣੇ ਛਿੜਕਾਅ ਕਰੋ।,چھڑکاؤ: اس وقت ہوا پرسکون ہے۔ اپنی فصلوں پر چھڑکاؤ اس سے پہلے کہ ہوا تیز ہو جائے اور آپ کی دوائی ضائع ہو جائے۔,छर्कने: अहिले हावा शान्त छ। हावा चल्नु र तपाईंको औषधि खेर जानु अघि नै आफ्नो बालीनालीमा छर्कनुहोस्।,ସିଞ୍ଚନ: ବର୍ତ୍ତମାନ ବାୟୁ ଶାନ୍ତ ଅଛି। ପବନ ବହିବା ଏବଂ ଔଷଧ ନଷ୍ଟ କରିବା ପୂର୍ବରୁ ଏବେ ଆପଣଙ୍କ ଫସଲରେ ସିଞ୍ଚନ କରନ୍ତୁ।,Before 10 AM,spray
Very Hot,Very Dry,Breezy,Light Rain,fungal_risk,CAUTION,45,Monitor Fungal Risk,DISEASE ALERT: It is very damp and warm. Check your leaves for rot and use protection to save your harvest.,ರೋಗ ಎಚ್ಚರಿಕೆ: ಇದು ತುಂಬಾ ತೇವ ಮತ್ತು ಬೆಚ್ಚಗಿರುತ್ತದೆ. ನಿಮ್ಮ ಎಲೆಗಳನ್ನು ಕೊಳೆತಕ್ಕಾಗಿ ಪರಿಶೀಲಿಸಿ ಮತ್ತು ನಿಮ್ಮ ಬೆಳೆಯನ್ನು ಉಳಿಸಲು ರಕ್ಷಣೆಯನ್ನು ಬಳಸಿ.,रोग चेतावनी: मौसम बहुत नम और गर्म है। पत्तियों में सड़न की जांच करें और अपनी फसल को बचाने के लिए सुरक्षात्मक उपाय करें।,"நோய் எச்சரிக்கை: இது மிகவும் ஈரப்பதமாகவும் சூடாகவும் இருக்கும். உங்கள் இலைகளில் அழுகல் இருக்கிறதா என்று சரிபார்த்து, உங்கள் அறுவடையை சேமிக்க பாதுகாப்பைப் பயன்படுத்துங்கள்.",వ్యాధి హెచ్చరిక: ఇది చాలా తడిగా మరియు వెచ్చగా ఉంటుంది. మీ ఆకులు తెగులు కోసం తనిఖీ చేయండి మరియు మీ పంటను కాపాడటానికి రక్షణను ఉపయోగించండి.,രോഗ മുന്നറിയിപ്പ്: ഇത് വളരെ ഈർപ്പമുള്ളതും ചൂടുള്ളതുമാണ്. നിങ്ങളുടെ ഇലകൾ അഴുകുന്നുണ്ടോ എന്ന് പരിശോധിച്ച് നിങ്ങളുടെ വിള സംരക്ഷിക്കാൻ സംരക്ഷണം ഉപയോഗിക്കുക.,रोगाचा इशारा: हे खूप ओलसर आणि उबदार आहे. तुमची पाने कुजली आहेत का ते तपासा आणि तुमचे पीक वाचवण्यासाठी संरक्षण वापरा.,રોગની ચેતવણી: તે ખૂબ જ ભેજવાળી અને ગરમ છે. તમારા પાંદડા સડી ગયા છે કે નહીં તે તપાસો અને તમારા પાકને બચાવવા માટે રક્ષણનો ઉપયોગ કરો.,রোগের সতর্কতা: এটি খুব স্যাঁতসেঁতে এবং উষ্ণ। আপনার পাতা পচে গেছে কিনা তা পরীক্ষা করুন এবং আপনার ফসল বাঁচাতে সুরক্ষা ব্যবস্থা ব্যবহার করুন।,ਬਿਮਾਰੀ ਦੀ ਚੇਤਾਵਨੀ: ਇਹ ਬਹੁਤ ਗਿੱਲਾ ਅਤੇ ਗਰਮ ਹੈ। ਆਪਣੇ ਪੱਤਿਆਂ ਦੀ ਸੜਨ ਦੀ ਜਾਂਚ ਕਰੋ ਅਤੇ ਆਪਣੀ ਫ਼ਸਲ ਨੂੰ ਬਚਾਉਣ ਲਈ ਸੁਰੱਖਿਆ ਦੀ ਵਰਤੋਂ ਕਰੋ।,بیماری کا انتباہ: یہ بہت نم اور گرم ہے۔ اپنے پتوں کو سڑنے کے لیے چیک کریں اور اپنی فصل کو بچانے کے لیے تحفظ کا استعمال کریں۔,रोगको चेतावनी: यो धेरै ओसिलो र न्यानो छ। आफ्नो पातहरू कुहिन जाँच गर्नुहोस् र आफ्नो बाली बचाउन सुरक्षा प्रयोग गर्नुहोस्।,ରୋଗ ସତର୍କତା: ଏହା ବହୁତ ଓଦା ଏବଂ ଉଷ୍ମ। ଆପଣଙ୍କ ପତ୍ର ପଚିଛି କି ନାହିଁ ଯାଞ୍ଚ କରନ୍ତୁ ଏବଂ ଆପଣଙ୍କ ଫସଲକୁ ବଞ୍ଚାଇବା ପାଇଁ ସୁରକ୍ଷା ବ୍ୟବହାର କରନ୍ତୁ।,,warning
Very Hot,Very Dry,Breezy,Light Rain,field_work,CAUTION,45,Limit Field Work Hours,FIELD WORK: It is getting very hot. Do your heavy work while it is still cool to keep yourself and your plants healthy.,ಕ್ಷೇತ್ರದ ಕೆಲಸ: ತುಂಬಾ ಬಿಸಿಯಾಗುತ್ತಿದೆ. ನಿಮ್ಮನ್ನು ಮತ್ತು ನಿಮ್ಮ ಸಸ್ಯಗಳನ್ನು ಆರೋಗ್ಯವಾಗಿಡಲು ತಂಪಾಗಿರುವಾಗಲೇ ನಿಮ್ಮ ಭಾರವಾದ ಕೆಲಸವನ್ನು ಮಾಡಿ.,"खेत का काम: बहुत गर्मी पड़ रही है। अपना भारी काम तब करें जब मौसम ठंडा हो, ताकि आप और आपके पौधे स्वस्थ रहें।","களப்பணி: மிகவும் சூடாகி வருகிறது. உங்களையும் உங்கள் தாவரங்களையும் ஆரோக்கியமாக வைத்திருக்க, குளிர்ச்சியாக இருக்கும்போதே உங்கள் கனமான வேலையைச் செய்யுங்கள்.",ఫీల్డ్ వర్క్: చాలా వేడిగా ఉంది. మిమ్మల్ని మరియు మీ మొక్కలను ఆరోగ్యంగా ఉంచుకోవడానికి చల్లగా ఉన్నప్పుడే మీ భారీ పని చేయండి.,വയലിലെ ജോലി: ചൂട് കൂടിവരികയാണ്. നിങ്ങളെയും നിങ്ങളുടെ ചെടികളെയും ആരോഗ്യത്തോടെ നിലനിർത്താൻ തണുപ്പുള്ളപ്പോൾ തന്നെ ഭാരിച്ച ജോലികൾ ചെയ്യുക.,शेतातील काम: खूप उष्णता वाढत आहे. स्वतःला आणि तुमच्या झाडांना निरोगी ठेवण्यासाठी थंड असतानाच तुमचे जड काम करा.,ખેતરમાં કામ: ખૂબ ગરમી પડી રહી છે. ઠંડી હોય ત્યારે ભારે કામ કરો જેથી તમારી જાતને અને તમારા છોડને સ્વસ્થ રાખી શકાય.,মাঠের কাজ: খুব গরম পড়ছে। নিজেকে এবং আপনার গাছপালা সুস্থ রাখতে ঠান্ডা থাকতেই ভারী কাজ করুন।,ਖੇਤ ਦਾ ਕੰਮ: ਬਹੁਤ ਗਰਮੀ ਪੈ ਰਹੀ ਹੈ। ਆਪਣੇ ਆਪ ਨੂੰ ਅਤੇ ਆਪਣੇ ਪੌਦਿਆਂ ਨੂੰ ਸਿਹਤਮੰਦ ਰੱਖਣ ਲਈ ਠੰਡਾ ਹੋਣ ਤੱਕ ਆਪਣਾ ਭਾਰੀ ਕੰਮ ਕਰੋ।,فیلڈ ورک: یہ بہت گرم ہو رہا ہے۔ اپنے آپ کو اور اپنے پودوں کو صحت مند رکھنے کے لیے ٹھنڈا ہونے کے دوران اپنا بھاری کام کریں۔,खेतबारीको काम: धेरै गर्मी भइरहेको छ। आफू र आफ्ना बिरुवाहरूलाई स्वस्थ राख्न चिसो हुँदा नै आफ्नो भारी काम गर्नुहोस्।,କ୍ଷେତ କାମ: ବହୁତ ଗରମ ହେଉଛି। ନିଜକୁ ଏବଂ ଆପଣଙ୍କ ଗଛଗୁଡ଼ିକୁ ସୁସ୍ଥ ରଖିବା ପାଇଁ ଥଣ୍ଡା ଥିବା ସମୟରେ ଆପଣଙ୍କର କଠିନ କାମ କରନ୍ତୁ।,Before 10 AM or After 5 PM,tractor
Very Hot,Very Dry,Breezy,Heavy Rain,irrigation,CAUTION,45,Irrigation Caution,WATERING: The ground is dry. Best to water in the early morning so the plants stay strong during the heat.,"ನೀರುಹಾಕುವುದು: ನೆಲ ಒಣಗಿದೆ. ಬೆಳಿಗ್ಗೆ ಬೇಗನೆ ನೀರು ಹಾಕುವುದು ಉತ್ತಮ, ಇದರಿಂದ ಸಸ್ಯಗಳು ಶಾಖದ ಸಮಯದಲ್ಲಿ ಬಲವಾಗಿರುತ್ತವೆ.",पानी देना: मिट्टी सूखी है। पौधों को गर्मी के दौरान स्वस्थ रखने के लिए सुबह जल्दी पानी देना सबसे अच्छा है।,"நீர்ப்பாசனம்: நிலம் வறண்டு உள்ளது. அதிகாலையில் தண்ணீர் பாய்ச்சுவது நல்லது, இதனால் வெப்பத்தின் போது தாவரங்கள் வலுவாக இருக்கும்.","నీరు త్రాగుట: నేల పొడిగా ఉంటుంది. ఉదయాన్నే నీరు పోయడం మంచిది, తద్వారా వేడి సమయంలో మొక్కలు బలంగా ఉంటాయి.","നനവ്: നിലം വരണ്ടതാണ്. അതിരാവിലെ നനയ്ക്കുന്നതാണ് നല്ലത്, അങ്ങനെ ചൂടിൽ ചെടികൾ ശക്തമായി നിലനിൽക്കും.",पाणी देणे: जमीन कोरडी आहे. सकाळी लवकर पाणी देणे चांगले जेणेकरून उष्णतेमध्ये झाडे मजबूत राहतील.,પાણી આપવું: જમીન સૂકી છે. ગરમી દરમિયાન છોડ મજબૂત રહે તે માટે વહેલી સવારે પાણી આપવું શ્રેષ્ઠ છે.,"জল দেওয়া: মাটি শুষ্ক। খুব ভোরে জল দেওয়া ভালো, যাতে গরমের সময় গাছপালা শক্তিশালী থাকে।",ਪਾਣੀ ਦੇਣਾ: ਜ਼ਮੀਨ ਸੁੱਕੀ ਹੈ। ਸਵੇਰੇ ਜਲਦੀ ਪਾਣੀ ਦੇਣਾ ਸਭ ਤੋਂ ਵਧੀਆ ਹੈ ਤਾਂ ਜੋ ਪੌਦੇ ਗਰਮੀ ਦੌਰਾਨ ਮਜ਼ਬੂਤ ​​ਰਹਿਣ।,پانی دینا: زمین خشک ہے۔ صبح سویرے پانی دینا بہتر ہے تاکہ گرمی کے دوران پودے مضبوط رہیں۔,पानी हाल्ने: जमिन सुख्खा छ। बिहान सबेरै पानी हाल्नु राम्रो हुन्छ ताकि गर्मीको समयमा बिरुवाहरू बलियो रहून्।,ପାଣି ଦେବା: ଜମି ଶୁଖିଲା ଅଛି। ଗରମ ସମୟରେ ଗଛଗୁଡ଼ିକ ଶକ୍ତିଶାଳୀ ରହିବା ପାଇଁ ସକାଳୁ ପାଣି ଦେବା ଭଲ।,Before 8 AM,droplet
Very Hot,Very Dry,Breezy,Heavy Rain,spraying,CAUTION,45,Spray With Caution,SPRAYING: The air is calm right now. Spray your crops now before the wind picks up and wastes your medicine.,ಸಿಂಪಡಣೆ: ಗಾಳಿ ಈಗ ಶಾಂತವಾಗಿದೆ. ಗಾಳಿ ಬೀಸಿ ನಿಮ್ಮ ಔಷಧ ವ್ಯರ್ಥವಾಗುವ ಮೊದಲು ನಿಮ್ಮ ಬೆಳೆಗಳಿಗೆ ಈಗಲೇ ಸಿಂಪಡಿಸಿ.,छिड़काव: इस समय हवा शांत है। हवा चलने और दवा बर्बाद होने से पहले अपनी फसलों पर छिड़काव करें।,தெளித்தல்: காற்று இப்போது அமைதியாக இருக்கிறது. காற்று வீசி உங்கள் மருந்தை வீணாக்கும் முன் உங்கள் பயிர்களுக்கு இப்போதே தெளிக்கவும்.,స్ప్రేయింగ్: ప్రస్తుతం గాలి ప్రశాంతంగా ఉంది. గాలి వీచి మీ ఔషధం వృధా అయ్యేలోపు మీ పంటలపై ఇప్పుడే పిచికారీ చేయండి.,സ്പ്രേയിംഗ്: ഇപ്പോൾ വായു ശാന്തമാണ്. കാറ്റ് വീശി നിങ്ങളുടെ മരുന്നുകൾ പാഴാക്കുന്നതിനുമുമ്പ് നിങ്ങളുടെ വിളകൾക്ക് ഇപ്പോൾ തന്നെ തളിക്കുക.,फवारणी: सध्या हवा शांत आहे. वारा येऊन तुमचे औषध वाया जाण्यापूर्वी आत्ताच तुमच्या पिकांवर फवारणी करा.,છંટકાવ: અત્યારે હવા શાંત છે. પવન ફૂંકાય અને તમારી દવા બગાડે તે પહેલાં હમણાં જ તમારા પાક પર છંટકાવ કરો.,স্প্রে করা: বাতাস এখন শান্ত। বাতাস বইতে শুরু করে এবং আপনার ওষুধ নষ্ট করার আগে এখনই আপনার ফসলে স্প্রে করুন।,ਛਿੜਕਾਅ: ਇਸ ਵੇਲੇ ਹਵਾ ਸ਼ਾਂਤ ਹੈ। ਹਵਾ ਚੱਲਣ ਅਤੇ ਤੁਹਾਡੀ ਦਵਾਈ ਬਰਬਾਦ ਹੋਣ ਤੋਂ ਪਹਿਲਾਂ ਆਪਣੀਆਂ ਫਸਲਾਂ 'ਤੇ ਹੁਣੇ ਛਿੜਕਾਅ ਕਰੋ।,چھڑکاؤ: اس وقت ہوا پرسکون ہے۔ اپنی فصلوں پر چھڑکاؤ اس سے پہلے کہ ہوا تیز ہو جائے اور آپ کی دوائی ضائع ہو جائے۔,छर्कने: अहिले हावा शान्त छ। हावा चल्नु र तपाईंको औषधि खेर जानु अघि नै आफ्नो बालीनालीमा छर्कनुहोस्।,ସିଞ୍ଚନ: ବର୍ତ୍ତମାନ ବାୟୁ ଶାନ୍ତ ଅଛି। ପବନ ବହିବା ଏବଂ ଔଷଧ ନଷ୍ଟ କରିବା ପୂର୍ବରୁ ଏବେ ଆପଣଙ୍କ ଫସଲରେ ସିଞ୍ଚନ କରନ୍ତୁ।,Before 10 AM,spray
Very Hot,Very Dry,Breezy,Heavy Rain,fungal_risk,CAUTION,45,Monitor Fungal Risk,DISEASE ALERT: It is very damp and warm. Check your leaves for rot and use protection to save your harvest.,ರೋಗ ಎಚ್ಚರಿಕೆ: ಇದು ತುಂಬಾ ತೇವ ಮತ್ತು ಬೆಚ್ಚಗಿರುತ್ತದೆ. ನಿಮ್ಮ ಎಲೆಗಳನ್ನು ಕೊಳೆತಕ್ಕಾಗಿ ಪರಿಶೀಲಿಸಿ ಮತ್ತು ನಿಮ್ಮ ಬೆಳೆಯನ್ನು ಉಳಿಸಲು ರಕ್ಷಣೆಯನ್ನು ಬಳಸಿ.,रोग चेतावनी: मौसम बहुत नम और गर्म है। पत्तियों में सड़न की जांच करें और अपनी फसल को बचाने के लिए सुरक्षात्मक उपाय करें।,"நோய் எச்சரிக்கை: இது மிகவும் ஈரப்பதமாகவும் சூடாகவும் இருக்கும். உங்கள் இலைகளில் அழுகல் இருக்கிறதா என்று சரிபார்த்து, உங்கள் அறுவடையை சேமிக்க பாதுகாப்பைப் பயன்படுத்துங்கள்.",వ్యాధి హెచ్చరిక: ఇది చాలా తడిగా మరియు వెచ్చగా ఉంటుంది. మీ ఆకులు తెగులు కోసం తనిఖీ చేయండి మరియు మీ పంటను కాపాడటానికి రక్షణను ఉపయోగించండి.,രോഗ മുന്നറിയിപ്പ്: ഇത് വളരെ ഈർപ്പമുള്ളതും ചൂടുള്ളതുമാണ്. നിങ്ങളുടെ ഇലകൾ അഴുകുന്നുണ്ടോ എന്ന് പരിശോധിച്ച് നിങ്ങളുടെ വിള സംരക്ഷിക്കാൻ സംരക്ഷണം ഉപയോഗിക്കുക.,रोगाचा इशारा: हे खूप ओलसर आणि उबदार आहे. तुमची पाने कुजली आहेत का ते तपासा आणि तुमचे पीक वाचवण्यासाठी संरक्षण वापरा.,રોગની ચેતવણી: તે ખૂબ જ ભેજવાળી અને ગરમ છે. તમારા પાંદડા સડી ગયા છે કે નહીં તે તપાસો અને તમારા પાકને બચાવવા માટે રક્ષણનો ઉપયોગ કરો.,রোগের সতর্কতা: এটি খুব স্যাঁতসেঁতে এবং উষ্ণ। আপনার পাতা পচে গেছে কিনা তা পরীক্ষা করুন এবং আপনার ফসল বাঁচাতে সুরক্ষা ব্যবস্থা ব্যবহার করুন।,ਬਿਮਾਰੀ ਦੀ ਚੇਤਾਵਨੀ: ਇਹ ਬਹੁਤ ਗਿੱਲਾ ਅਤੇ ਗਰਮ ਹੈ। ਆਪਣੇ ਪੱਤਿਆਂ ਦੀ ਸੜਨ ਦੀ ਜਾਂਚ ਕਰੋ ਅਤੇ ਆਪਣੀ ਫ਼ਸਲ ਨੂੰ ਬਚਾਉਣ ਲਈ ਸੁਰੱਖਿਆ ਦੀ ਵਰਤੋਂ ਕਰੋ।,بیماری کا انتباہ: یہ بہت نم اور گرم ہے۔ اپنے پتوں کو سڑنے کے لیے چیک کریں اور اپنی فصل کو بچانے کے لیے تحفظ کا استعمال کریں۔,रोगको चेतावनी: यो धेरै ओसिलो र न्यानो छ। आफ्नो पातहरू कुहिन जाँच गर्नुहोस् र आफ्नो बाली बचाउन सुरक्षा प्रयोग गर्नुहोस्।,ରୋଗ ସତର୍କତା: ଏହା ବହୁତ ଓଦା ଏବଂ ଉଷ୍ମ। ଆପଣଙ୍କ ପତ୍ର ପଚିଛି କି ନାହିଁ ଯାଞ୍ଚ କରନ୍ତୁ ଏବଂ ଆପଣଙ୍କ ଫସଲକୁ ବଞ୍ଚାଇବା ପାଇଁ ସୁରକ୍ଷା ବ୍ୟବହାର କରନ୍ତୁ।,,warning
Very Hot,Very Dry,Breezy,Heavy Rain,field_work,CAUTION,45,Limit Field Work Hours,FIELD WORK: It is getting very hot. Do your heavy work while it is still cool to keep yourself and your plants healthy.,ಕ್ಷೇತ್ರದ ಕೆಲಸ: ತುಂಬಾ ಬಿಸಿಯಾಗುತ್ತಿದೆ. ನಿಮ್ಮನ್ನು ಮತ್ತು ನಿಮ್ಮ ಸಸ್ಯಗಳನ್ನು ಆರೋಗ್ಯವಾಗಿಡಲು ತಂಪಾಗಿರುವಾಗಲೇ ನಿಮ್ಮ ಭಾರವಾದ ಕೆಲಸವನ್ನು ಮಾಡಿ.,"खेत का काम: बहुत गर्मी पड़ रही है। अपना भारी काम तब करें जब मौसम ठंडा हो, ताकि आप और आपके पौधे स्वस्थ रहें।","களப்பணி: மிகவும் சூடாகி வருகிறது. உங்களையும் உங்கள் தாவரங்களையும் ஆரோக்கியமாக வைத்திருக்க, குளிர்ச்சியாக இருக்கும்போதே உங்கள் கனமான வேலையைச் செய்யுங்கள்.",ఫీల్డ్ వర్క్: చాలా వేడిగా ఉంది. మిమ్మల్ని మరియు మీ మొక్కలను ఆరోగ్యంగా ఉంచుకోవడానికి చల్లగా ఉన్నప్పుడే మీ భారీ పని చేయండి.,വയലിലെ ജോലി: ചൂട് കൂടിവരികയാണ്. നിങ്ങളെയും നിങ്ങളുടെ ചെടികളെയും ആരോഗ്യത്തോടെ നിലനിർത്താൻ തണുപ്പുള്ളപ്പോൾ തന്നെ ഭാരിച്ച ജോലികൾ ചെയ്യുക.,शेतातील काम: खूप उष्णता वाढत आहे. स्वतःला आणि तुमच्या झाडांना निरोगी ठेवण्यासाठी थंड असतानाच तुमचे जड काम करा.,ખેતરમાં કામ: ખૂબ ગરમી પડી રહી છે. ઠંડી હોય ત્યારે ભારે કામ કરો જેથી તમારી જાતને અને તમારા છોડને સ્વસ્થ રાખી શકાય.,মাঠের কাজ: খুব গরম পড়ছে। নিজেকে এবং আপনার গাছপালা সুস্থ রাখতে ঠান্ডা থাকতেই ভারী কাজ করুন।,ਖੇਤ ਦਾ ਕੰਮ: ਬਹੁਤ ਗਰਮੀ ਪੈ ਰਹੀ ਹੈ। ਆਪਣੇ ਆਪ ਨੂੰ ਅਤੇ ਆਪਣੇ ਪੌਦਿਆਂ ਨੂੰ ਸਿਹਤਮੰਦ ਰੱਖਣ ਲਈ ਠੰਡਾ ਹੋਣ ਤੱਕ ਆਪਣਾ ਭਾਰੀ ਕੰਮ ਕਰੋ।,فیلڈ ورک: یہ بہت گرم ہو رہا ہے۔ اپنے آپ کو اور اپنے پودوں کو صحت مند رکھنے کے لیے ٹھنڈا ہونے کے دوران اپنا بھاری کام کریں۔,खेतबारीको काम: धेरै गर्मी भइरहेको छ। आफू र आफ्ना बिरुवाहरूलाई स्वस्थ राख्न चिसो हुँदा नै आफ्नो भारी काम गर्नुहोस्।,କ୍ଷେତ କାମ: ବହୁତ ଗରମ ହେଉଛି। ନିଜକୁ ଏବଂ ଆପଣଙ୍କ ଗଛଗୁଡ଼ିକୁ ସୁସ୍ଥ ରଖିବା ପାଇଁ ଥଣ୍ଡା ଥିବା ସମୟରେ ଆପଣଙ୍କର କଠିନ କାମ କରନ୍ତୁ।,Before 10 AM or After 5 PM,tractor
Very Hot,Very Dry,Strong Gusts,Dry,irrigation,URGENT,80,Stop Irrigation Now,WATERING: The ground is dry. Best to water in the early morning so the plants stay strong during the heat.,"ನೀರುಹಾಕುವುದು: ನೆಲ ಒಣಗಿದೆ. ಬೆಳಿಗ್ಗೆ ಬೇಗನೆ ನೀರು ಹಾಕುವುದು ಉತ್ತಮ, ಇದರಿಂದ ಸಸ್ಯಗಳು ಶಾಖದ ಸಮಯದಲ್ಲಿ ಬಲವಾಗಿರುತ್ತವೆ.",पानी देना: मिट्टी सूखी है। पौधों को गर्मी के दौरान स्वस्थ रखने के लिए सुबह जल्दी पानी देना सबसे अच्छा है।,"நீர்ப்பாசனம்: நிலம் வறண்டு உள்ளது. அதிகாலையில் தண்ணீர் பாய்ச்சுவது நல்லது, இதனால் வெப்பத்தின் போது தாவரங்கள் வலுவாக இருக்கும்.","నీరు త్రాగుట: నేల పొడిగా ఉంటుంది. ఉదయాన్నే నీరు పోయడం మంచిది, తద్వారా వేడి సమయంలో మొక్కలు బలంగా ఉంటాయి.","നനവ്: നിലം വരണ്ടതാണ്. അതിരാവിലെ നനയ്ക്കുന്നതാണ് നല്ലത്, അങ്ങനെ ചൂടിൽ ചെടികൾ ശക്തമായി നിലനിൽക്കും.",पाणी देणे: जमीन कोरडी आहे. सकाळी लवकर पाणी देणे चांगले जेणेकरून उष्णतेमध्ये झाडे मजबूत राहतील.,પાણી આપવું: જમીન સૂકી છે. ગરમી દરમિયાન છોડ મજબૂત રહે તે માટે વહેલી સવારે પાણી આપવું શ્રેષ્ઠ છે.,"জল দেওয়া: মাটি শুষ্ক। খুব ভোরে জল দেওয়া ভালো, যাতে গরমের সময় গাছপালা শক্তিশালী থাকে।",ਪਾਣੀ ਦੇਣਾ: ਜ਼ਮੀਨ ਸੁੱਕੀ ਹੈ। ਸਵੇਰੇ ਜਲਦੀ ਪਾਣੀ ਦੇਣਾ ਸਭ ਤੋਂ ਵਧੀਆ ਹੈ ਤਾਂ ਜੋ ਪੌਦੇ ਗਰਮੀ ਦੌਰਾਨ ਮਜ਼ਬੂਤ ​​ਰਹਿਣ।,پانی دینا: زمین خشک ہے۔ صبح سویرے پانی دینا بہتر ہے تاکہ گرمی کے دوران پودے مضبوط رہیں۔,पानी हाल्ने: जमिन सुख्खा छ। बिहान सबेरै पानी हाल्नु राम्रो हुन्छ ताकि गर्मीको समयमा बिरुवाहरू बलियो रहून्।,ପାଣି ଦେବା: ଜମି ଶୁଖିଲା ଅଛି। ଗରମ ସମୟରେ ଗଛଗୁଡ଼ିକ ଶକ୍ତିଶାଳୀ ରହିବା ପାଇଁ ସକାଳୁ ପାଣି ଦେବା ଭଲ।,Avoid Today,droplet
Very Hot,Very Dry,Strong Gusts,Dry,spraying,URGENT,80,Avoid Spraying Today,SPRAYING: The air is calm right now. Spray your crops now before the wind picks up and wastes your medicine.,ಸಿಂಪಡಣೆ: ಗಾಳಿ ಈಗ ಶಾಂತವಾಗಿದೆ. ಗಾಳಿ ಬೀಸಿ ನಿಮ್ಮ ಔಷಧ ವ್ಯರ್ಥವಾಗುವ ಮೊದಲು ನಿಮ್ಮ ಬೆಳೆಗಳಿಗೆ ಈಗಲೇ ಸಿಂಪಡಿಸಿ.,छिड़काव: इस समय हवा शांत है। हवा चलने और दवा बर्बाद होने से पहले अपनी फसलों पर छिड़काव करें।,தெளித்தல்: காற்று இப்போது அமைதியாக இருக்கிறது. காற்று வீசி உங்கள் மருந்தை வீணாக்கும் முன் உங்கள் பயிர்களுக்கு இப்போதே தெளிக்கவும்.,స్ప్రేయింగ్: ప్రస్తుతం గాలి ప్రశాంతంగా ఉంది. గాలి వీచి మీ ఔషధం వృధా అయ్యేలోపు మీ పంటలపై ఇప్పుడే పిచికారీ చేయండి.,സ്പ്രേയിംഗ്: ഇപ്പോൾ വായു ശാന്തമാണ്. കാറ്റ് വീശി നിങ്ങളുടെ മരുന്നുകൾ പാഴാക്കുന്നതിനുമുമ്പ് നിങ്ങളുടെ വിളകൾക്ക് ഇപ്പോൾ തന്നെ തളിക്കുക.,फवारणी: सध्या हवा शांत आहे. वारा येऊन तुमचे औषध वाया जाण्यापूर्वी आत्ताच तुमच्या पिकांवर फवारणी करा.,છંટકાવ: અત્યારે હવા શાંત છે. પવન ફૂંકાય અને તમારી દવા બગાડે તે પહેલાં હમણાં જ તમારા પાક પર છંટકાવ કરો.,স্প্রে করা: বাতাস এখন শান্ত। বাতাস বইতে শুরু করে এবং আপনার ওষুধ নষ্ট করার আগে এখনই আপনার ফসলে স্প্রে করুন।,ਛਿੜਕਾਅ: ਇਸ ਵੇਲੇ ਹਵਾ ਸ਼ਾਂਤ ਹੈ। ਹਵਾ ਚੱਲਣ ਅਤੇ ਤੁਹਾਡੀ ਦਵਾਈ ਬਰਬਾਦ ਹੋਣ ਤੋਂ ਪਹਿਲਾਂ ਆਪਣੀਆਂ ਫਸਲਾਂ 'ਤੇ ਹੁਣੇ ਛਿੜਕਾਅ ਕਰੋ।,چھڑکاؤ: اس وقت ہوا پرسکون ہے۔ اپنی فصلوں پر چھڑکاؤ اس سے پہلے کہ ہوا تیز ہو جائے اور آپ کی دوائی ضائع ہو جائے۔,छर्कने: अहिले हावा शान्त छ। हावा चल्नु र तपाईंको औषधि खेर जानु अघि नै आफ्नो बालीनालीमा छर्कनुहोस्।,ସିଞ୍ଚନ: ବର୍ତ୍ତମାନ ବାୟୁ ଶାନ୍ତ ଅଛି। ପବନ ବହିବା ଏବଂ ଔଷଧ ନଷ୍ଟ କରିବା ପୂର୍ବରୁ ଏବେ ଆପଣଙ୍କ ଫସଲରେ ସିଞ୍ଚନ କରନ୍ତୁ।,Avoid Today,spray
Very Hot,Very Dry,Strong Gusts,Dry,fungal_risk,URGENT,80,High Fungal Alert,DISEASE ALERT: It is very damp and warm. Check your leaves for rot and use protection to save your harvest.,ರೋಗ ಎಚ್ಚರಿಕೆ: ಇದು ತುಂಬಾ ತೇವ ಮತ್ತು ಬೆಚ್ಚಗಿರುತ್ತದೆ. ನಿಮ್ಮ ಎಲೆಗಳನ್ನು ಕೊಳೆತಕ್ಕಾಗಿ ಪರಿಶೀಲಿಸಿ ಮತ್ತು ನಿಮ್ಮ ಬೆಳೆಯನ್ನು ಉಳಿಸಲು ರಕ್ಷಣೆಯನ್ನು ಬಳಸಿ.,रोग चेतावनी: मौसम बहुत नम और गर्म है। पत्तियों में सड़न की जांच करें और अपनी फसल को बचाने के लिए सुरक्षात्मक उपाय करें।,"நோய் எச்சரிக்கை: இது மிகவும் ஈரப்பதமாகவும் சூடாகவும் இருக்கும். உங்கள் இலைகளில் அழுகல் இருக்கிறதா என்று சரிபார்த்து, உங்கள் அறுவடையை சேமிக்க பாதுகாப்பைப் பயன்படுத்துங்கள்.",వ్యాధి హెచ్చరిక: ఇది చాలా తడిగా మరియు వెచ్చగా ఉంటుంది. మీ ఆకులు తెగులు కోసం తనిఖీ చేయండి మరియు మీ పంటను కాపాడటానికి రక్షణను ఉపయోగించండి.,രോഗ മുന്നറിയിപ്പ്: ഇത് വളരെ ഈർപ്പമുള്ളതും ചൂടുള്ളതുമാണ്. നിങ്ങളുടെ ഇലകൾ അഴുകുന്നുണ്ടോ എന്ന് പരിശോധിച്ച് നിങ്ങളുടെ വിള സംരക്ഷിക്കാൻ സംരക്ഷണം ഉപയോഗിക്കുക.,रोगाचा इशारा: हे खूप ओलसर आणि उबदार आहे. तुमची पाने कुजली आहेत का ते तपासा आणि तुमचे पीक वाचवण्यासाठी संरक्षण वापरा.,રોગની ચેતવણી: તે ખૂબ જ ભેજવાળી અને ગરમ છે. તમારા પાંદડા સડી ગયા છે કે નહીં તે તપાસો અને તમારા પાકને બચાવવા માટે રક્ષણનો ઉપયોગ કરો.,রোগের সতর্কতা: এটি খুব স্যাঁতসেঁতে এবং উষ্ণ। আপনার পাতা পচে গেছে কিনা তা পরীক্ষা করুন এবং আপনার ফসল বাঁচাতে সুরক্ষা ব্যবস্থা ব্যবহার করুন।,ਬਿਮਾਰੀ ਦੀ ਚੇਤਾਵਨੀ: ਇਹ ਬਹੁਤ ਗਿੱਲਾ ਅਤੇ ਗਰਮ ਹੈ। ਆਪਣੇ ਪੱਤਿਆਂ ਦੀ ਸੜਨ ਦੀ ਜਾਂਚ ਕਰੋ ਅਤੇ ਆਪਣੀ ਫ਼ਸਲ ਨੂੰ ਬਚਾਉਣ ਲਈ ਸੁਰੱਖਿਆ ਦੀ ਵਰਤੋਂ ਕਰੋ।,بیماری کا انتباہ: یہ بہت نم اور گرم ہے۔ اپنے پتوں کو سڑنے کے لیے چیک کریں اور اپنی فصل کو بچانے کے لیے تحفظ کا استعمال کریں۔,रोगको चेतावनी: यो धेरै ओसिलो र न्यानो छ। आफ्नो पातहरू कुहिन जाँच गर्नुहोस् र आफ्नो बाली बचाउन सुरक्षा प्रयोग गर्नुहोस्।,ରୋଗ ସତର୍କତା: ଏହା ବହୁତ ଓଦା ଏବଂ ଉଷ୍ମ। ଆପଣଙ୍କ ପତ୍ର ପଚିଛି କି ନାହିଁ ଯାଞ୍ଚ କରନ୍ତୁ ଏବଂ ଆପଣଙ୍କ ଫସଲକୁ ବଞ୍ଚାଇବା ପାଇଁ ସୁରକ୍ଷା ବ୍ୟବହାର କରନ୍ତୁ।,,warning
Very Hot,Very Dry,Strong Gusts,Dry,field_work,URGENT,80,Stop Field Work Now,FIELD WORK: It is getting very hot. Do your heavy work while it is still cool to keep yourself and your plants healthy.,ಕ್ಷೇತ್ರದ ಕೆಲಸ: ತುಂಬಾ ಬಿಸಿಯಾಗುತ್ತಿದೆ. ನಿಮ್ಮನ್ನು ಮತ್ತು ನಿಮ್ಮ ಸಸ್ಯಗಳನ್ನು ಆರೋಗ್ಯವಾಗಿಡಲು ತಂಪಾಗಿರುವಾಗಲೇ ನಿಮ್ಮ ಭಾರವಾದ ಕೆಲಸವನ್ನು ಮಾಡಿ.,"खेत का काम: बहुत गर्मी पड़ रही है। अपना भारी काम तब करें जब मौसम ठंडा हो, ताकि आप और आपके पौधे स्वस्थ रहें।","களப்பணி: மிகவும் சூடாகி வருகிறது. உங்களையும் உங்கள் தாவரங்களையும் ஆரோக்கியமாக வைத்திருக்க, குளிர்ச்சியாக இருக்கும்போதே உங்கள் கனமான வேலையைச் செய்யுங்கள்.",ఫీల్డ్ వర్క్: చాలా వేడిగా ఉంది. మిమ్మల్ని మరియు మీ మొక్కలను ఆరోగ్యంగా ఉంచుకోవడానికి చల్లగా ఉన్నప్పుడే మీ భారీ పని చేయండి.,വയലിലെ ജോലി: ചൂട് കൂടിവരികയാണ്. നിങ്ങളെയും നിങ്ങളുടെ ചെടികളെയും ആരോഗ്യത്തോടെ നിലനിർത്താൻ തണുപ്പുള്ളപ്പോൾ തന്നെ ഭാരിച്ച ജോലികൾ ചെയ്യുക.,शेतातील काम: खूप उष्णता वाढत आहे. स्वतःला आणि तुमच्या झाडांना निरोगी ठेवण्यासाठी थंड असतानाच तुमचे जड काम करा.,ખેતરમાં કામ: ખૂબ ગરમી પડી રહી છે. ઠંડી હોય ત્યારે ભારે કામ કરો જેથી તમારી જાતને અને તમારા છોડને સ્વસ્થ રાખી શકાય.,মাঠের কাজ: খুব গরম পড়ছে। নিজেকে এবং আপনার গাছপালা সুস্থ রাখতে ঠান্ডা থাকতেই ভারী কাজ করুন।,ਖੇਤ ਦਾ ਕੰਮ: ਬਹੁਤ ਗਰਮੀ ਪੈ ਰਹੀ ਹੈ। ਆਪਣੇ ਆਪ ਨੂੰ ਅਤੇ ਆਪਣੇ ਪੌਦਿਆਂ ਨੂੰ ਸਿਹਤਮੰਦ ਰੱਖਣ ਲਈ ਠੰਡਾ ਹੋਣ ਤੱਕ ਆਪਣਾ ਭਾਰੀ ਕੰਮ ਕਰੋ।,فیلڈ ورک: یہ بہت گرم ہو رہا ہے۔ اپنے آپ کو اور اپنے پودوں کو صحت مند رکھنے کے لیے ٹھنڈا ہونے کے دوران اپنا بھاری کام کریں۔,खेतबारीको काम: धेरै गर्मी भइरहेको छ। आफू र आफ्ना बिरुवाहरूलाई स्वस्थ राख्न चिसो हुँदा नै आफ्नो भारी काम गर्नुहोस्।,କ୍ଷେତ କାମ: ବହୁତ ଗରମ ହେଉଛି। ନିଜକୁ ଏବଂ ଆପଣଙ୍କ ଗଛଗୁଡ଼ିକୁ ସୁସ୍ଥ ରଖିବା ପାଇଁ ଥଣ୍ଡା ଥିବା ସମୟରେ ଆପଣଙ୍କର କଠିନ କାମ କରନ୍ତୁ।,Avoid Today,alert
Very Hot,Very Dry,Strong Gusts,Light Rain,irrigation,URGENT,80,Stop Irrigation Now,WATERING: The ground is dry. Best to water in the early morning so the plants stay strong during the heat.,"ನೀರುಹಾಕುವುದು: ನೆಲ ಒಣಗಿದೆ. ಬೆಳಿಗ್ಗೆ ಬೇಗನೆ ನೀರು ಹಾಕುವುದು ಉತ್ತಮ, ಇದರಿಂದ ಸಸ್ಯಗಳು ಶಾಖದ ಸಮಯದಲ್ಲಿ ಬಲವಾಗಿರುತ್ತವೆ.",पानी देना: मिट्टी सूखी है। पौधों को गर्मी के दौरान स्वस्थ रखने के लिए सुबह जल्दी पानी देना सबसे अच्छा है।,"நீர்ப்பாசனம்: நிலம் வறண்டு உள்ளது. அதிகாலையில் தண்ணீர் பாய்ச்சுவது நல்லது, இதனால் வெப்பத்தின் போது தாவரங்கள் வலுவாக இருக்கும்.","నీరు త్రాగుట: నేల పొడిగా ఉంటుంది. ఉదయాన్నే నీరు పోయడం మంచిది, తద్వారా వేడి సమయంలో మొక్కలు బలంగా ఉంటాయి.","നനവ്: നിലം വരണ്ടതാണ്. അതിരാവിലെ നനയ്ക്കുന്നതാണ് നല്ലത്, അങ്ങനെ ചൂടിൽ ചെടികൾ ശക്തമായി നിലനിൽക്കും.",पाणी देणे: जमीन कोरडी आहे. सकाळी लवकर पाणी देणे चांगले जेणेकरून उष्णतेमध्ये झाडे मजबूत राहतील.,પાણી આપવું: જમીન સૂકી છે. ગરમી દરમિયાન છોડ મજબૂત રહે તે માટે વહેલી સવારે પાણી આપવું શ્રેષ્ઠ છે.,"জল দেওয়া: মাটি শুষ্ক। খুব ভোরে জল দেওয়া ভালো, যাতে গরমের সময় গাছপালা শক্তিশালী থাকে।",ਪਾਣੀ ਦੇਣਾ: ਜ਼ਮੀਨ ਸੁੱਕੀ ਹੈ। ਸਵੇਰੇ ਜਲਦੀ ਪਾਣੀ ਦੇਣਾ ਸਭ ਤੋਂ ਵਧੀਆ ਹੈ ਤਾਂ ਜੋ ਪੌਦੇ ਗਰਮੀ ਦੌਰਾਨ ਮਜ਼ਬੂਤ ​​ਰਹਿਣ।,پانی دینا: زمین خشک ہے۔ صبح سویرے پانی دینا بہتر ہے تاکہ گرمی کے دوران پودے مضبوط رہیں۔,पानी हाल्ने: जमिन सुख्खा छ। बिहान सबेरै पानी हाल्नु राम्रो हुन्छ ताकि गर्मीको समयमा बिरुवाहरू बलियो रहून्।,ପାଣି ଦେବା: ଜମି ଶୁଖିଲା ଅଛି। ଗରମ ସମୟରେ ଗଛଗୁଡ଼ିକ ଶକ୍ତିଶାଳୀ ରହିବା ପାଇଁ ସକାଳୁ ପାଣି ଦେବା ଭଲ।,Avoid Today,droplet
Very Hot,Very Dry,Strong Gusts,Light Rain,spraying,URGENT,80,Avoid Spraying Today,SPRAYING: The air is calm right now. Spray your crops now before the wind picks up and wastes your medicine.,ಸಿಂಪಡಣೆ: ಗಾಳಿ ಈಗ ಶಾಂತವಾಗಿದೆ. ಗಾಳಿ ಬೀಸಿ ನಿಮ್ಮ ಔಷಧ ವ್ಯರ್ಥವಾಗುವ ಮೊದಲು ನಿಮ್ಮ ಬೆಳೆಗಳಿಗೆ ಈಗಲೇ ಸಿಂಪಡಿಸಿ.,छिड़काव: इस समय हवा शांत है। हवा चलने और दवा बर्बाद होने से पहले अपनी फसलों पर छिड़काव करें।,தெளித்தல்: காற்று இப்போது அமைதியாக இருக்கிறது. காற்று வீசி உங்கள் மருந்தை வீணாக்கும் முன் உங்கள் பயிர்களுக்கு இப்போதே தெளிக்கவும்.,స్ప్రేయింగ్: ప్రస్తుతం గాలి ప్రశాంతంగా ఉంది. గాలి వీచి మీ ఔషధం వృధా అయ్యేలోపు మీ పంటలపై ఇప్పుడే పిచికారీ చేయండి.,സ്പ്രേയിംഗ്: ഇപ്പോൾ വായു ശാന്തമാണ്. കാറ്റ് വീശി നിങ്ങളുടെ മരുന്നുകൾ പാഴാക്കുന്നതിനുമുമ്പ് നിങ്ങളുടെ വിളകൾക്ക് ഇപ്പോൾ തന്നെ തളിക്കുക.,फवारणी: सध्या हवा शांत आहे. वारा येऊन तुमचे औषध वाया जाण्यापूर्वी आत्ताच तुमच्या पिकांवर फवारणी करा.,છંટકાવ: અત્યારે હવા શાંત છે. પવન ફૂંકાય અને તમારી દવા બગાડે તે પહેલાં હમણાં જ તમારા પાક પર છંટકાવ કરો.,স্প্রে করা: বাতাস এখন শান্ত। বাতাস বইতে শুরু করে এবং আপনার ওষুধ নষ্ট করার আগে এখনই আপনার ফসলে স্প্রে করুন।,ਛਿੜਕਾਅ: ਇਸ ਵੇਲੇ ਹਵਾ ਸ਼ਾਂਤ ਹੈ। ਹਵਾ ਚੱਲਣ ਅਤੇ ਤੁਹਾਡੀ ਦਵਾਈ ਬਰਬਾਦ ਹੋਣ ਤੋਂ ਪਹਿਲਾਂ ਆਪਣੀਆਂ ਫਸਲਾਂ 'ਤੇ ਹੁਣੇ ਛਿੜਕਾਅ ਕਰੋ।,چھڑکاؤ: اس وقت ہوا پرسکون ہے۔ اپنی فصلوں پر چھڑکاؤ اس سے پہلے کہ ہوا تیز ہو جائے اور آپ کی دوائی ضائع ہو جائے۔,छर्कने: अहिले हावा शान्त छ। हावा चल्नु र तपाईंको औषधि खेर जानु अघि नै आफ्नो बालीनालीमा छर्कनुहोस्।,ସିଞ୍ଚନ: ବର୍ତ୍ତମାନ ବାୟୁ ଶାନ୍ତ ଅଛି। ପବନ ବହିବା ଏବଂ ଔଷଧ ନଷ୍ଟ କରିବା ପୂର୍ବରୁ ଏବେ ଆପଣଙ୍କ ଫସଲରେ ସିଞ୍ଚନ କରନ୍ତୁ।,Avoid Today,spray
Very Hot,Very Dry,Strong Gusts,Light Rain,fungal_risk,URGENT,80,High Fungal Alert,DISEASE ALERT: It is very damp and warm. Check your leaves for rot and use protection to save your harvest.,ರೋಗ ಎಚ್ಚರಿಕೆ: ಇದು ತುಂಬಾ ತೇವ ಮತ್ತು ಬೆಚ್ಚಗಿರುತ್ತದೆ. ನಿಮ್ಮ ಎಲೆಗಳನ್ನು ಕೊಳೆತಕ್ಕಾಗಿ ಪರಿಶೀಲಿಸಿ ಮತ್ತು ನಿಮ್ಮ ಬೆಳೆಯನ್ನು ಉಳಿಸಲು ರಕ್ಷಣೆಯನ್ನು ಬಳಸಿ.,रोग चेतावनी: मौसम बहुत नम और गर्म है। पत्तियों में सड़न की जांच करें और अपनी फसल को बचाने के लिए सुरक्षात्मक उपाय करें।,"நோய் எச்சரிக்கை: இது மிகவும் ஈரப்பதமாகவும் சூடாகவும் இருக்கும். உங்கள் இலைகளில் அழுகல் இருக்கிறதா என்று சரிபார்த்து, உங்கள் அறுவடையை சேமிக்க பாதுகாப்பைப் பயன்படுத்துங்கள்.",వ్యాధి హెచ్చరిక: ఇది చాలా తడిగా మరియు వెచ్చగా ఉంటుంది. మీ ఆకులు తెగులు కోసం తనిఖీ చేయండి మరియు మీ పంటను కాపాడటానికి రక్షణను ఉపయోగించండి.,രോഗ മുന്നറിയിപ്പ്: ഇത് വളരെ ഈർപ്പമുള്ളതും ചൂടുള്ളതുമാണ്. നിങ്ങളുടെ ഇലകൾ അഴുകുന്നുണ്ടോ എന്ന് പരിശോധിച്ച് നിങ്ങളുടെ വിള സംരക്ഷിക്കാൻ സംരക്ഷണം ഉപയോഗിക്കുക.,रोगाचा इशारा: हे खूप ओलसर आणि उबदार आहे. तुमची पाने कुजली आहेत का ते तपासा आणि तुमचे पीक वाचवण्यासाठी संरक्षण वापरा.,રોગની ચેતવણી: તે ખૂબ જ ભેજવાળી અને ગરમ છે. તમારા પાંદડા સડી ગયા છે કે નહીં તે તપાસો અને તમારા પાકને બચાવવા માટે રક્ષણનો ઉપયોગ કરો.,রোগের সতর্কতা: এটি খুব স্যাঁতসেঁতে এবং উষ্ণ। আপনার পাতা পচে গেছে কিনা তা পরীক্ষা করুন এবং আপনার ফসল বাঁচাতে সুরক্ষা ব্যবস্থা ব্যবহার করুন।,ਬਿਮਾਰੀ ਦੀ ਚੇਤਾਵਨੀ: ਇਹ ਬਹੁਤ ਗਿੱਲਾ ਅਤੇ ਗਰਮ ਹੈ। ਆਪਣੇ ਪੱਤਿਆਂ ਦੀ ਸੜਨ ਦੀ ਜਾਂਚ ਕਰੋ ਅਤੇ ਆਪਣੀ ਫ਼ਸਲ ਨੂੰ ਬਚਾਉਣ ਲਈ ਸੁਰੱਖਿਆ ਦੀ ਵਰਤੋਂ ਕਰੋ।,بیماری کا انتباہ: یہ بہت نم اور گرم ہے۔ اپنے پتوں کو سڑنے کے لیے چیک کریں اور اپنی فصل کو بچانے کے لیے تحفظ کا استعمال کریں۔,रोगको चेतावनी: यो धेरै ओसिलो र न्यानो छ। आफ्नो पातहरू कुहिन जाँच गर्नुहोस् र आफ्नो बाली बचाउन सुरक्षा प्रयोग गर्नुहोस्।,ରୋଗ ସତର୍କତା: ଏହା ବହୁତ ଓଦା ଏବଂ ଉଷ୍ମ। ଆପଣଙ୍କ ପତ୍ର ପଚିଛି କି ନାହିଁ ଯାଞ୍ଚ କରନ୍ତୁ ଏବଂ ଆପଣଙ୍କ ଫସଲକୁ ବଞ୍ଚାଇବା ପାଇଁ ସୁରକ୍ଷା ବ୍ୟବହାର କରନ୍ତୁ।,,warning
Very Hot,Very Dry,Strong Gusts,Light Rain,field_work,URGENT,80,Stop Field Work Now,FIELD WORK: It is getting very hot. Do your heavy work while it is still cool to keep yourself and your plants healthy.,ಕ್ಷೇತ್ರದ ಕೆಲಸ: ತುಂಬಾ ಬಿಸಿಯಾಗುತ್ತಿದೆ. ನಿಮ್ಮನ್ನು ಮತ್ತು ನಿಮ್ಮ ಸಸ್ಯಗಳನ್ನು ಆರೋಗ್ಯವಾಗಿಡಲು ತಂಪಾಗಿರುವಾಗಲೇ ನಿಮ್ಮ ಭಾರವಾದ ಕೆಲಸವನ್ನು ಮಾಡಿ.,"खेत का काम: बहुत गर्मी पड़ रही है। अपना भारी काम तब करें जब मौसम ठंडा हो, ताकि आप और आपके पौधे स्वस्थ रहें।","களப்பணி: மிகவும் சூடாகி வருகிறது. உங்களையும் உங்கள் தாவரங்களையும் ஆரோக்கியமாக வைத்திருக்க, குளிர்ச்சியாக இருக்கும்போதே உங்கள் கனமான வேலையைச் செய்யுங்கள்.",ఫీల్డ్ వర్క్: చాలా వేడిగా ఉంది. మిమ్మల్ని మరియు మీ మొక్కలను ఆరోగ్యంగా ఉంచుకోవడానికి చల్లగా ఉన్నప్పుడే మీ భారీ పని చేయండి.,വയലിലെ ജോലി: ചൂട് കൂടിവരികയാണ്. നിങ്ങളെയും നിങ്ങളുടെ ചെടികളെയും ആരോഗ്യത്തോടെ നിലനിർത്താൻ തണുപ്പുള്ളപ്പോൾ തന്നെ ഭാരിച്ച ജോലികൾ ചെയ്യുക.,शेतातील काम: खूप उष्णता वाढत आहे. स्वतःला आणि तुमच्या झाडांना निरोगी ठेवण्यासाठी थंड असतानाच तुमचे जड काम करा.,ખેતરમાં કામ: ખૂબ ગરમી પડી રહી છે. ઠંડી હોય ત્યારે ભારે કામ કરો જેથી તમારી જાતને અને તમારા છોડને સ્વસ્થ રાખી શકાય.,মাঠের কাজ: খুব গরম পড়ছে। নিজেকে এবং আপনার গাছপালা সুস্থ রাখতে ঠান্ডা থাকতেই ভারী কাজ করুন।,ਖੇਤ ਦਾ ਕੰਮ: ਬਹੁਤ ਗਰਮੀ ਪੈ ਰਹੀ ਹੈ। ਆਪਣੇ ਆਪ ਨੂੰ ਅਤੇ ਆਪਣੇ ਪੌਦਿਆਂ ਨੂੰ ਸਿਹਤਮੰਦ ਰੱਖਣ ਲਈ ਠੰਡਾ ਹੋਣ ਤੱਕ ਆਪਣਾ ਭਾਰੀ ਕੰਮ ਕਰੋ।,فیلڈ ورک: یہ بہت گرم ہو رہا ہے۔ اپنے آپ کو اور اپنے پودوں کو صحت مند رکھنے کے لیے ٹھنڈا ہونے کے دوران اپنا بھاری کام کریں۔,खेतबारीको काम: धेरै गर्मी भइरहेको छ। आफू र आफ्ना बिरुवाहरूलाई स्वस्थ राख्न चिसो हुँदा नै आफ्नो भारी काम गर्नुहोस्।,କ୍ଷେତ କାମ: ବହୁତ ଗରମ ହେଉଛି। ନିଜକୁ ଏବଂ ଆପଣଙ୍କ ଗଛଗୁଡ଼ିକୁ ସୁସ୍ଥ ରଖିବା ପାଇଁ ଥଣ୍ଡା ଥିବା ସମୟରେ ଆପଣଙ୍କର କଠିନ କାମ କରନ୍ତୁ।,Avoid Today,alert
Very Hot,Very Dry,Strong Gusts,Heavy Rain,irrigation,URGENT,80,Stop Irrigation Now,WATERING: The ground is dry. Best to water in the early morning so the plants stay strong during the heat.,"ನೀರುಹಾಕುವುದು: ನೆಲ ಒಣಗಿದೆ. ಬೆಳಿಗ್ಗೆ ಬೇಗನೆ ನೀರು ಹಾಕುವುದು ಉತ್ತಮ, ಇದರಿಂದ ಸಸ್ಯಗಳು ಶಾಖದ ಸಮಯದಲ್ಲಿ ಬಲವಾಗಿರುತ್ತವೆ.",पानी देना: मिट्टी सूखी है। पौधों को गर्मी के दौरान स्वस्थ रखने के लिए सुबह जल्दी पानी देना सबसे अच्छा है।,"நீர்ப்பாசனம்: நிலம் வறண்டு உள்ளது. அதிகாலையில் தண்ணீர் பாய்ச்சுவது நல்லது, இதனால் வெப்பத்தின் போது தாவரங்கள் வலுவாக இருக்கும்.","నీరు త్రాగుట: నేల పొడిగా ఉంటుంది. ఉదయాన్నే నీరు పోయడం మంచిది, తద్వారా వేడి సమయంలో మొక్కలు బలంగా ఉంటాయి.","നനവ്: നിലം വരണ്ടതാണ്. അതിരാവിലെ നനയ്ക്കുന്നതാണ് നല്ലത്, അങ്ങനെ ചൂടിൽ ചെടികൾ ശക്തമായി നിലനിൽക്കും.",पाणी देणे: जमीन कोरडी आहे. सकाळी लवकर पाणी देणे चांगले जेणेकरून उष्णतेमध्ये झाडे मजबूत राहतील.,પાણી આપવું: જમીન સૂકી છે. ગરમી દરમિયાન છોડ મજબૂત રહે તે માટે વહેલી સવારે પાણી આપવું શ્રેષ્ઠ છે.,"জল দেওয়া: মাটি শুষ্ক। খুব ভোরে জল দেওয়া ভালো, যাতে গরমের সময় গাছপালা শক্তিশালী থাকে।",ਪਾਣੀ ਦੇਣਾ: ਜ਼ਮੀਨ ਸੁੱਕੀ ਹੈ। ਸਵੇਰੇ ਜਲਦੀ ਪਾਣੀ ਦੇਣਾ ਸਭ ਤੋਂ ਵਧੀਆ ਹੈ ਤਾਂ ਜੋ ਪੌਦੇ ਗਰਮੀ ਦੌਰਾਨ ਮਜ਼ਬੂਤ ​​ਰਹਿਣ।,پانی دینا: زمین خشک ہے۔ صبح سویرے پانی دینا بہتر ہے تاکہ گرمی کے دوران پودے مضبوط رہیں۔,पानी हाल्ने: जमिन सुख्खा छ। बिहान सबेरै पानी हाल्नु राम्रो हुन्छ ताकि गर्मीको समयमा बिरुवाहरू बलियो रहून्।,ପାଣି ଦେବା: ଜମି ଶୁଖିଲା ଅଛି। ଗରମ ସମୟରେ ଗଛଗୁଡ଼ିକ ଶକ୍ତିଶାଳୀ ରହିବା ପାଇଁ ସକାଳୁ ପାଣି ଦେବା ଭଲ।,Avoid Today,droplet
Very Hot,Very Dry,Strong Gusts,Heavy Rain,spraying,URGENT,80,Avoid Spraying Today,SPRAYING: The air is calm right now. Spray your crops now before the wind picks up and wastes your medicine.,ಸಿಂಪಡಣೆ: ಗಾಳಿ ಈಗ ಶಾಂತವಾಗಿದೆ. ಗಾಳಿ ಬೀಸಿ ನಿಮ್ಮ ಔಷಧ ವ್ಯರ್ಥವಾಗುವ ಮೊದಲು ನಿಮ್ಮ ಬೆಳೆಗಳಿಗೆ ಈಗಲೇ ಸಿಂಪಡಿಸಿ.,छिड़काव: इस समय हवा शांत है। हवा चलने और दवा बर्बाद होने से पहले अपनी फसलों पर छिड़काव करें।,தெளித்தல்: காற்று இப்போது அமைதியாக இருக்கிறது. காற்று வீசி உங்கள் மருந்தை வீணாக்கும் முன் உங்கள் பயிர்களுக்கு இப்போதே தெளிக்கவும்.,స్ప్రేయింగ్: ప్రస్తుతం గాలి ప్రశాంతంగా ఉంది. గాలి వీచి మీ ఔషధం వృధా అయ్యేలోపు మీ పంటలపై ఇప్పుడే పిచికారీ చేయండి.,സ്പ്രേയിംഗ്: ഇപ്പോൾ വായു ശാന്തമാണ്. കാറ്റ് വീശി നിങ്ങളുടെ മരുന്നുകൾ പാഴാക്കുന്നതിനുമുമ്പ് നിങ്ങളുടെ വിളകൾക്ക് ഇപ്പോൾ തന്നെ തളിക്കുക.,फवारणी: सध्या हवा शांत आहे. वारा येऊन तुमचे औषध वाया जाण्यापूर्वी आत्ताच तुमच्या पिकांवर फवारणी करा.,છંટકાવ: અત્યારે હવા શાંત છે. પવન ફૂંકાય અને તમારી દવા બગાડે તે પહેલાં હમણાં જ તમારા પાક પર છંટકાવ કરો.,স্প্রে করা: বাতাস এখন শান্ত। বাতাস বইতে শুরু করে এবং আপনার ওষুধ নষ্ট করার আগে এখনই আপনার ফসলে স্প্রে করুন।,ਛਿੜਕਾਅ: ਇਸ ਵੇਲੇ ਹਵਾ ਸ਼ਾਂਤ ਹੈ। ਹਵਾ ਚੱਲਣ ਅਤੇ ਤੁਹਾਡੀ ਦਵਾਈ ਬਰਬਾਦ ਹੋਣ ਤੋਂ ਪਹਿਲਾਂ ਆਪਣੀਆਂ ਫਸਲਾਂ 'ਤੇ ਹੁਣੇ ਛਿੜਕਾਅ ਕਰੋ।,چھڑکاؤ: اس وقت ہوا پرسکون ہے۔ اپنی فصلوں پر چھڑکاؤ اس سے پہلے کہ ہوا تیز ہو جائے اور آپ کی دوائی ضائع ہو جائے۔,छर्कने: अहिले हावा शान्त छ। हावा चल्नु र तपाईंको औषधि खेर जानु अघि नै आफ्नो बालीनालीमा छर्कनुहोस्।,ସିଞ୍ଚନ: ବର୍ତ୍ତମାନ ବାୟୁ ଶାନ୍ତ ଅଛି। ପବନ ବହିବା ଏବଂ ଔଷଧ ନଷ୍ଟ କରିବା ପୂର୍ବରୁ ଏବେ ଆପଣଙ୍କ ଫସଲରେ ସିଞ୍ଚନ କରନ୍ତୁ।,Avoid Today,spray
Very Hot,Very Dry,Strong Gusts,Heavy Rain,fungal_risk,URGENT,80,High Fungal Alert,DISEASE ALERT: It is very damp and warm. Check your leaves for rot and use protection to save your harvest.,ರೋಗ ಎಚ್ಚರಿಕೆ: ಇದು ತುಂಬಾ ತೇವ ಮತ್ತು ಬೆಚ್ಚಗಿರುತ್ತದೆ. ನಿಮ್ಮ ಎಲೆಗಳನ್ನು ಕೊಳೆತಕ್ಕಾಗಿ ಪರಿಶೀಲಿಸಿ ಮತ್ತು ನಿಮ್ಮ ಬೆಳೆಯನ್ನು ಉಳಿಸಲು ರಕ್ಷಣೆಯನ್ನು ಬಳಸಿ.,रोग चेतावनी: मौसम बहुत नम और गर्म है। पत्तियों में सड़न की जांच करें और अपनी फसल को बचाने के लिए सुरक्षात्मक उपाय करें।,"நோய் எச்சரிக்கை: இது மிகவும் ஈரப்பதமாகவும் சூடாகவும் இருக்கும். உங்கள் இலைகளில் அழுகல் இருக்கிறதா என்று சரிபார்த்து, உங்கள் அறுவடையை சேமிக்க பாதுகாப்பைப் பயன்படுத்துங்கள்.",వ్యాధి హెచ్చరిక: ఇది చాలా తడిగా మరియు వెచ్చగా ఉంటుంది. మీ ఆకులు తెగులు కోసం తనిఖీ చేయండి మరియు మీ పంటను కాపాడటానికి రక్షణను ఉపయోగించండి.,രോഗ മുന്നറിയിപ്പ്: ഇത് വളരെ ഈർപ്പമുള്ളതും ചൂടുള്ളതുമാണ്. നിങ്ങളുടെ ഇലകൾ അഴുകുന്നുണ്ടോ എന്ന് പരിശോധിച്ച് നിങ്ങളുടെ വിള സംരക്ഷിക്കാൻ സംരക്ഷണം ഉപയോഗിക്കുക.,रोगाचा इशारा: हे खूप ओलसर आणि उबदार आहे. तुमची पाने कुजली आहेत का ते तपासा आणि तुमचे पीक वाचवण्यासाठी संरक्षण वापरा.,રોગની ચેતવણી: તે ખૂબ જ ભેજવાળી અને ગરમ છે. તમારા પાંદડા સડી ગયા છે કે નહીં તે તપાસો અને તમારા પાકને બચાવવા માટે રક્ષણનો ઉપયોગ કરો.,রোগের সতর্কতা: এটি খুব স্যাঁতসেঁতে এবং উষ্ণ। আপনার পাতা পচে গেছে কিনা তা পরীক্ষা করুন এবং আপনার ফসল বাঁচাতে সুরক্ষা ব্যবস্থা ব্যবহার করুন।,ਬਿਮਾਰੀ ਦੀ ਚੇਤਾਵਨੀ: ਇਹ ਬਹੁਤ ਗਿੱਲਾ ਅਤੇ ਗਰਮ ਹੈ। ਆਪਣੇ ਪੱਤਿਆਂ ਦੀ ਸੜਨ ਦੀ ਜਾਂਚ ਕਰੋ ਅਤੇ ਆਪਣੀ ਫ਼ਸਲ ਨੂੰ ਬਚਾਉਣ ਲਈ ਸੁਰੱਖਿਆ ਦੀ ਵਰਤੋਂ ਕਰੋ।,بیماری کا انتباہ: یہ بہت نم اور گرم ہے۔ اپنے پتوں کو سڑنے کے لیے چیک کریں اور اپنی فصل کو بچانے کے لیے تحفظ کا استعمال کریں۔,रोगको चेतावनी: यो धेरै ओसिलो र न्यानो छ। आफ्नो पातहरू कुहिन जाँच गर्नुहोस् र आफ्नो बाली बचाउन सुरक्षा प्रयोग गर्नुहोस्।,ରୋଗ ସତର୍କତା: ଏହା ବହୁତ ଓଦା ଏବଂ ଉଷ୍ମ। ଆପଣଙ୍କ ପତ୍ର ପଚିଛି କି ନାହିଁ ଯାଞ୍ଚ କରନ୍ତୁ ଏବଂ ଆପଣଙ୍କ ଫସଲକୁ ବଞ୍ଚାଇବା ପାଇଁ ସୁରକ୍ଷା ବ୍ୟବହାର କରନ୍ତୁ।,,warning
Very Hot,Very Dry,Strong Gusts,Heavy Rain,field_work,URGENT,80,Stop Field Work Now,FIELD WORK: It is getting very hot. Do your heavy work while it is still cool to keep yourself and your plants healthy.,ಕ್ಷೇತ್ರದ ಕೆಲಸ: ತುಂಬಾ ಬಿಸಿಯಾಗುತ್ತಿದೆ. ನಿಮ್ಮನ್ನು ಮತ್ತು ನಿಮ್ಮ ಸಸ್ಯಗಳನ್ನು ಆರೋಗ್ಯವಾಗಿಡಲು ತಂಪಾಗಿರುವಾಗಲೇ ನಿಮ್ಮ ಭಾರವಾದ ಕೆಲಸವನ್ನು ಮಾಡಿ.,"खेत का काम: बहुत गर्मी पड़ रही है। अपना भारी काम तब करें जब मौसम ठंडा हो, ताकि आप और आपके पौधे स्वस्थ रहें।","களப்பணி: மிகவும் சூடாகி வருகிறது. உங்களையும் உங்கள் தாவரங்களையும் ஆரோக்கியமாக வைத்திருக்க, குளிர்ச்சியாக இருக்கும்போதே உங்கள் கனமான வேலையைச் செய்யுங்கள்.",ఫీల్డ్ వర్క్: చాలా వేడిగా ఉంది. మిమ్మల్ని మరియు మీ మొక్కలను ఆరోగ్యంగా ఉంచుకోవడానికి చల్లగా ఉన్నప్పుడే మీ భారీ పని చేయండి.,വയലിലെ ജോലി: ചൂട് കൂടിവരികയാണ്. നിങ്ങളെയും നിങ്ങളുടെ ചെടികളെയും ആരോഗ്യത്തോടെ നിലനിർത്താൻ തണുപ്പുള്ളപ്പോൾ തന്നെ ഭാരിച്ച ജോലികൾ ചെയ്യുക.,शेतातील काम: खूप उष्णता वाढत आहे. स्वतःला आणि तुमच्या झाडांना निरोगी ठेवण्यासाठी थंड असतानाच तुमचे जड काम करा.,ખેતરમાં કામ: ખૂબ ગરમી પડી રહી છે. ઠંડી હોય ત્યારે ભારે કામ કરો જેથી તમારી જાતને અને તમારા છોડને સ્વસ્થ રાખી શકાય.,মাঠের কাজ: খুব গরম পড়ছে। নিজেকে এবং আপনার গাছপালা সুস্থ রাখতে ঠান্ডা থাকতেই ভারী কাজ করুন।,ਖੇਤ ਦਾ ਕੰਮ: ਬਹੁਤ ਗਰਮੀ ਪੈ ਰਹੀ ਹੈ। ਆਪਣੇ ਆਪ ਨੂੰ ਅਤੇ ਆਪਣੇ ਪੌਦਿਆਂ ਨੂੰ ਸਿਹਤਮੰਦ ਰੱਖਣ ਲਈ ਠੰਡਾ ਹੋਣ ਤੱਕ ਆਪਣਾ ਭਾਰੀ ਕੰਮ ਕਰੋ।,فیلڈ ورک: یہ بہت گرم ہو رہا ہے۔ اپنے آپ کو اور اپنے پودوں کو صحت مند رکھنے کے لیے ٹھنڈا ہونے کے دوران اپنا بھاری کام کریں۔,खेतबारीको काम: धेरै गर्मी भइरहेको छ। आफू र आफ्ना बिरुवाहरूलाई स्वस्थ राख्न चिसो हुँदा नै आफ्नो भारी काम गर्नुहोस्।,କ୍ଷେତ କାମ: ବହୁତ ଗରମ ହେଉଛି। ନିଜକୁ ଏବଂ ଆପଣଙ୍କ ଗଛଗୁଡ଼ିକୁ ସୁସ୍ଥ ରଖିବା ପାଇଁ ଥଣ୍ଡା ଥିବା ସମୟରେ ଆପଣଙ୍କର କଠିନ କାମ କରନ୍ତୁ।,Avoid Today,alert
Very Hot,Balanced,Calm,Dry,irrigation,STABLE,15,Irrigation Safe,WATERING: The ground is dry. Best to water in the early morning so the plants stay strong during the heat.,"ನೀರುಹಾಕುವುದು: ನೆಲ ಒಣಗಿದೆ. ಬೆಳಿಗ್ಗೆ ಬೇಗನೆ ನೀರು ಹಾಕುವುದು ಉತ್ತಮ, ಇದರಿಂದ ಸಸ್ಯಗಳು ಶಾಖದ ಸಮಯದಲ್ಲಿ ಬಲವಾಗಿರುತ್ತವೆ.",पानी देना: मिट्टी सूखी है। पौधों को गर्मी के दौरान स्वस्थ रखने के लिए सुबह जल्दी पानी देना सबसे अच्छा है।,"நீர்ப்பாசனம்: நிலம் வறண்டு உள்ளது. அதிகாலையில் தண்ணீர் பாய்ச்சுவது நல்லது, இதனால் வெப்பத்தின் போது தாவரங்கள் வலுவாக இருக்கும்.","నీరు త్రాగుట: నేల పొడిగా ఉంటుంది. ఉదయాన్నే నీరు పోయడం మంచిది, తద్వారా వేడి సమయంలో మొక్కలు బలంగా ఉంటాయి.","നനവ്: നിലം വരണ്ടതാണ്. അതിരാവിലെ നനയ്ക്കുന്നതാണ് നല്ലത്, അങ്ങനെ ചൂടിൽ ചെടികൾ ശക്തമായി നിലനിൽക്കും.",पाणी देणे: जमीन कोरडी आहे. सकाळी लवकर पाणी देणे चांगले जेणेकरून उष्णतेमध्ये झाडे मजबूत राहतील.,પાણી આપવું: જમીન સૂકી છે. ગરમી દરમિયાન છોડ મજબૂત રહે તે માટે વહેલી સવારે પાણી આપવું શ્રેષ્ઠ છે.,"জল দেওয়া: মাটি শুষ্ক। খুব ভোরে জল দেওয়া ভালো, যাতে গরমের সময় গাছপালা শক্তিশালী থাকে।",ਪਾਣੀ ਦੇਣਾ: ਜ਼ਮੀਨ ਸੁੱਕੀ ਹੈ। ਸਵੇਰੇ ਜਲਦੀ ਪਾਣੀ ਦੇਣਾ ਸਭ ਤੋਂ ਵਧੀਆ ਹੈ ਤਾਂ ਜੋ ਪੌਦੇ ਗਰਮੀ ਦੌਰਾਨ ਮਜ਼ਬੂਤ ​​ਰਹਿਣ।,پانی دینا: زمین خشک ہے۔ صبح سویرے پانی دینا بہتر ہے تاکہ گرمی کے دوران پودے مضبوط رہیں۔,पानी हाल्ने: जमिन सुख्खा छ। बिहान सबेरै पानी हाल्नु राम्रो हुन्छ ताकि गर्मीको समयमा बिरुवाहरू बलियो रहून्।,ପାଣି ଦେବା: ଜମି ଶୁଖିଲା ଅଛି। ଗରମ ସମୟରେ ଗଛଗୁଡ଼ିକ ଶକ୍ତିଶାଳୀ ରହିବା ପାଇଁ ସକାଳୁ ପାଣି ଦେବା ଭଲ।,,droplet
Very Hot,Balanced,Calm,Dry,spraying,STABLE,15,Good Spraying Conditions,SPRAYING: The air is calm right now. Spray your crops now before the wind picks up and wastes your medicine.,ಸಿಂಪಡಣೆ: ಗಾಳಿ ಈಗ ಶಾಂತವಾಗಿದೆ. ಗಾಳಿ ಬೀಸಿ ನಿಮ್ಮ ಔಷಧ ವ್ಯರ್ಥವಾಗುವ ಮೊದಲು ನಿಮ್ಮ ಬೆಳೆಗಳಿಗೆ ಈಗಲೇ ಸಿಂಪಡಿಸಿ.,छिड़काव: इस समय हवा शांत है। हवा चलने और दवा बर्बाद होने से पहले अपनी फसलों पर छिड़काव करें।,தெளித்தல்: காற்று இப்போது அமைதியாக இருக்கிறது. காற்று வீசி உங்கள் மருந்தை வீணாக்கும் முன் உங்கள் பயிர்களுக்கு இப்போதே தெளிக்கவும்.,స్ప్రేయింగ్: ప్రస్తుతం గాలి ప్రశాంతంగా ఉంది. గాలి వీచి మీ ఔషధం వృధా అయ్యేలోపు మీ పంటలపై ఇప్పుడే పిచికారీ చేయండి.,സ്പ്രേയിംഗ്: ഇപ്പോൾ വായു ശാന്തമാണ്. കാറ്റ് വീശി നിങ്ങളുടെ മരുന്നുകൾ പാഴാക്കുന്നതിനുമുമ്പ് നിങ്ങളുടെ വിളകൾക്ക് ഇപ്പോൾ തന്നെ തളിക്കുക.,फवारणी: सध्या हवा शांत आहे. वारा येऊन तुमचे औषध वाया जाण्यापूर्वी आत्ताच तुमच्या पिकांवर फवारणी करा.,છંટકાવ: અત્યારે હવા શાંત છે. પવન ફૂંકાય અને તમારી દવા બગાડે તે પહેલાં હમણાં જ તમારા પાક પર છંટકાવ કરો.,স্প্রে করা: বাতাস এখন শান্ত। বাতাস বইতে শুরু করে এবং আপনার ওষুধ নষ্ট করার আগে এখনই আপনার ফসলে স্প্রে করুন।,ਛਿੜਕਾਅ: ਇਸ ਵੇਲੇ ਹਵਾ ਸ਼ਾਂਤ ਹੈ। ਹਵਾ ਚੱਲਣ ਅਤੇ ਤੁਹਾਡੀ ਦਵਾਈ ਬਰਬਾਦ ਹੋਣ ਤੋਂ ਪਹਿਲਾਂ ਆਪਣੀਆਂ ਫਸਲਾਂ 'ਤੇ ਹੁਣੇ ਛਿੜਕਾਅ ਕਰੋ।,چھڑکاؤ: اس وقت ہوا پرسکون ہے۔ اپنی فصلوں پر چھڑکاؤ اس سے پہلے کہ ہوا تیز ہو جائے اور آپ کی دوائی ضائع ہو جائے۔,छर्कने: अहिले हावा शान्त छ। हावा चल्नु र तपाईंको औषधि खेर जानु अघि नै आफ्नो बालीनालीमा छर्कनुहोस्।,ସିଞ୍ଚନ: ବର୍ତ୍ତମାନ ବାୟୁ ଶାନ୍ତ ଅଛି। ପବନ ବହିବା ଏବଂ ଔଷଧ ନଷ୍ଟ କରିବା ପୂର୍ବରୁ ଏବେ ଆପଣଙ୍କ ଫସଲରେ ସିଞ୍ଚନ କରନ୍ତୁ।,,spray
Very Hot,Balanced,Calm,Dry,fungal_risk,STABLE,15,Low Fungal Risk,DISEASE ALERT: It is very damp and warm. Check your leaves for rot and use protection to save your harvest.,ರೋಗ ಎಚ್ಚರಿಕೆ: ಇದು ತುಂಬಾ ತೇವ ಮತ್ತು ಬೆಚ್ಚಗಿರುತ್ತದೆ. ನಿಮ್ಮ ಎಲೆಗಳನ್ನು ಕೊಳೆತಕ್ಕಾಗಿ ಪರಿಶೀಲಿಸಿ ಮತ್ತು ನಿಮ್ಮ ಬೆಳೆಯನ್ನು ಉಳಿಸಲು ರಕ್ಷಣೆಯನ್ನು ಬಳಸಿ.,रोग चेतावनी: मौसम बहुत नम और गर्म है। पत्तियों में सड़न की जांच करें और अपनी फसल को बचाने के लिए सुरक्षात्मक उपाय करें।,"நோய் எச்சரிக்கை: இது மிகவும் ஈரப்பதமாகவும் சூடாகவும் இருக்கும். உங்கள் இலைகளில் அழுகல் இருக்கிறதா என்று சரிபார்த்து, உங்கள் அறுவடையை சேமிக்க பாதுகாப்பைப் பயன்படுத்துங்கள்.",వ్యాధి హెచ్చరిక: ఇది చాలా తడిగా మరియు వెచ్చగా ఉంటుంది. మీ ఆకులు తెగులు కోసం తనిఖీ చేయండి మరియు మీ పంటను కాపాడటానికి రక్షణను ఉపయోగించండి.,രോഗ മുന്നറിയിപ്പ്: ഇത് വളരെ ഈർപ്പമുള്ളതും ചൂടുള്ളതുമാണ്. നിങ്ങളുടെ ഇലകൾ അഴുകുന്നുണ്ടോ എന്ന് പരിശോധിച്ച് നിങ്ങളുടെ വിള സംരക്ഷിക്കാൻ സംരക്ഷണം ഉപയോഗിക്കുക.,रोगाचा इशारा: हे खूप ओलसर आणि उबदार आहे. तुमची पाने कुजली आहेत का ते तपासा आणि तुमचे पीक वाचवण्यासाठी संरक्षण वापरा.,રોગની ચેતવણી: તે ખૂબ જ ભેજવાળી અને ગરમ છે. તમારા પાંદડા સડી ગયા છે કે નહીં તે તપાસો અને તમારા પાકને બચાવવા માટે રક્ષણનો ઉપયોગ કરો.,রোগের সতর্কতা: এটি খুব স্যাঁতসেঁতে এবং উষ্ণ। আপনার পাতা পচে গেছে কিনা তা পরীক্ষা করুন এবং আপনার ফসল বাঁচাতে সুরক্ষা ব্যবস্থা ব্যবহার করুন।,ਬਿਮਾਰੀ ਦੀ ਚੇਤਾਵਨੀ: ਇਹ ਬਹੁਤ ਗਿੱਲਾ ਅਤੇ ਗਰਮ ਹੈ। ਆਪਣੇ ਪੱਤਿਆਂ ਦੀ ਸੜਨ ਦੀ ਜਾਂਚ ਕਰੋ ਅਤੇ ਆਪਣੀ ਫ਼ਸਲ ਨੂੰ ਬਚਾਉਣ ਲਈ ਸੁਰੱਖਿਆ ਦੀ ਵਰਤੋਂ ਕਰੋ।,بیماری کا انتباہ: یہ بہت نم اور گرم ہے۔ اپنے پتوں کو سڑنے کے لیے چیک کریں اور اپنی فصل کو بچانے کے لیے تحفظ کا استعمال کریں۔,रोगको चेतावनी: यो धेरै ओसिलो र न्यानो छ। आफ्नो पातहरू कुहिन जाँच गर्नुहोस् र आफ्नो बाली बचाउन सुरक्षा प्रयोग गर्नुहोस्।,ରୋଗ ସତର୍କତା: ଏହା ବହୁତ ଓଦା ଏବଂ ଉଷ୍ମ। ଆପଣଙ୍କ ପତ୍ର ପଚିଛି କି ନାହିଁ ଯାଞ୍ଚ କରନ୍ତୁ ଏବଂ ଆପଣଙ୍କ ଫସଲକୁ ବଞ୍ଚାଇବା ପାଇଁ ସୁରକ୍ଷା ବ୍ୟବହାର କରନ୍ତୁ।,,shield
Very Hot,Balanced,Calm,Dry,field_work,STABLE,15,Good Field Work Day,FIELD WORK: It is getting very hot. Do your heavy work while it is still cool to keep yourself and your plants healthy.,ಕ್ಷೇತ್ರದ ಕೆಲಸ: ತುಂಬಾ ಬಿಸಿಯಾಗುತ್ತಿದೆ. ನಿಮ್ಮನ್ನು ಮತ್ತು ನಿಮ್ಮ ಸಸ್ಯಗಳನ್ನು ಆರೋಗ್ಯವಾಗಿಡಲು ತಂಪಾಗಿರುವಾಗಲೇ ನಿಮ್ಮ ಭಾರವಾದ ಕೆಲಸವನ್ನು ಮಾಡಿ.,"खेत का काम: बहुत गर्मी पड़ रही है। अपना भारी काम तब करें जब मौसम ठंडा हो, ताकि आप और आपके पौधे स्वस्थ रहें।","களப்பணி: மிகவும் சூடாகி வருகிறது. உங்களையும் உங்கள் தாவரங்களையும் ஆரோக்கியமாக வைத்திருக்க, குளிர்ச்சியாக இருக்கும்போதே உங்கள் கனமான வேலையைச் செய்யுங்கள்.",ఫీల్డ్ వర్క్: చాలా వేడిగా ఉంది. మిమ్మల్ని మరియు మీ మొక్కలను ఆరోగ్యంగా ఉంచుకోవడానికి చల్లగా ఉన్నప్పుడే మీ భారీ పని చేయండి.,വയലിലെ ജോലി: ചൂട് കൂടിവരികയാണ്. നിങ്ങളെയും നിങ്ങളുടെ ചെടികളെയും ആരോഗ്യത്തോടെ നിലനിർത്താൻ തണുപ്പുള്ളപ്പോൾ തന്നെ ഭാരിച്ച ജോലികൾ ചെയ്യുക.,शेतातील काम: खूप उष्णता वाढत आहे. स्वतःला आणि तुमच्या झाडांना निरोगी ठेवण्यासाठी थंड असतानाच तुमचे जड काम करा.,ખેતરમાં કામ: ખૂબ ગરમી પડી રહી છે. ઠંડી હોય ત્યારે ભારે કામ કરો જેથી તમારી જાતને અને તમારા છોડને સ્વસ્થ રાખી શકાય.,মাঠের কাজ: খুব গরম পড়ছে। নিজেকে এবং আপনার গাছপালা সুস্থ রাখতে ঠান্ডা থাকতেই ভারী কাজ করুন।,ਖੇਤ ਦਾ ਕੰਮ: ਬਹੁਤ ਗਰਮੀ ਪੈ ਰਹੀ ਹੈ। ਆਪਣੇ ਆਪ ਨੂੰ ਅਤੇ ਆਪਣੇ ਪੌਦਿਆਂ ਨੂੰ ਸਿਹਤਮੰਦ ਰੱਖਣ ਲਈ ਠੰਡਾ ਹੋਣ ਤੱਕ ਆਪਣਾ ਭਾਰੀ ਕੰਮ ਕਰੋ।,فیلڈ ورک: یہ بہت گرم ہو رہا ہے۔ اپنے آپ کو اور اپنے پودوں کو صحت مند رکھنے کے لیے ٹھنڈا ہونے کے دوران اپنا بھاری کام کریں۔,खेतबारीको काम: धेरै गर्मी भइरहेको छ। आफू र आफ्ना बिरुवाहरूलाई स्वस्थ राख्न चिसो हुँदा नै आफ्नो भारी काम गर्नुहोस्।,କ୍ଷେତ କାମ: ବହୁତ ଗରମ ହେଉଛି। ନିଜକୁ ଏବଂ ଆପଣଙ୍କ ଗଛଗୁଡ଼ିକୁ ସୁସ୍ଥ ରଖିବା ପାଇଁ ଥଣ୍ଡା ଥିବା ସମୟରେ ଆପଣଙ୍କର କଠିନ କାମ କରନ୍ତୁ।,,tractor
Very Hot,Balanced,Calm,Light Rain,irrigation,STABLE,15,Irrigation Safe,WATERING: The ground is dry. Best to water in the early morning so the plants stay strong during the heat.,"ನೀರುಹಾಕುವುದು: ನೆಲ ಒಣಗಿದೆ. ಬೆಳಿಗ್ಗೆ ಬೇಗನೆ ನೀರು ಹಾಕುವುದು ಉತ್ತಮ, ಇದರಿಂದ ಸಸ್ಯಗಳು ಶಾಖದ ಸಮಯದಲ್ಲಿ ಬಲವಾಗಿರುತ್ತವೆ.",पानी देना: मिट्टी सूखी है। पौधों को गर्मी के दौरान स्वस्थ रखने के लिए सुबह जल्दी पानी देना सबसे अच्छा है।,"நீர்ப்பாசனம்: நிலம் வறண்டு உள்ளது. அதிகாலையில் தண்ணீர் பாய்ச்சுவது நல்லது, இதனால் வெப்பத்தின் போது தாவரங்கள் வலுவாக இருக்கும்.","నీరు త్రాగుట: నేల పొడిగా ఉంటుంది. ఉదయాన్నే నీరు పోయడం మంచిది, తద్వారా వేడి సమయంలో మొక్కలు బలంగా ఉంటాయి.","നനവ്: നിലം വരണ്ടതാണ്. അതിരാവിലെ നനയ്ക്കുന്നതാണ് നല്ലത്, അങ്ങനെ ചൂടിൽ ചെടികൾ ശക്തമായി നിലനിൽക്കും.",पाणी देणे: जमीन कोरडी आहे. सकाळी लवकर पाणी देणे चांगले जेणेकरून उष्णतेमध्ये झाडे मजबूत राहतील.,પાણી આપવું: જમીન સૂકી છે. ગરમી દરમિયાન છોડ મજબૂત રહે તે માટે વહેલી સવારે પાણી આપવું શ્રેષ્ઠ છે.,"জল দেওয়া: মাটি শুষ্ক। খুব ভোরে জল দেওয়া ভালো, যাতে গরমের সময় গাছপালা শক্তিশালী থাকে।",ਪਾਣੀ ਦੇਣਾ: ਜ਼ਮੀਨ ਸੁੱਕੀ ਹੈ। ਸਵੇਰੇ ਜਲਦੀ ਪਾਣੀ ਦੇਣਾ ਸਭ ਤੋਂ ਵਧੀਆ ਹੈ ਤਾਂ ਜੋ ਪੌਦੇ ਗਰਮੀ ਦੌਰਾਨ ਮਜ਼ਬੂਤ ​​ਰਹਿਣ।,پانی دینا: زمین خشک ہے۔ صبح سویرے پانی دینا بہتر ہے تاکہ گرمی کے دوران پودے مضبوط رہیں۔,पानी हाल्ने: जमिन सुख्खा छ। बिहान सबेरै पानी हाल्नु राम्रो हुन्छ ताकि गर्मीको समयमा बिरुवाहरू बलियो रहून्।,ପାଣି ଦେବା: ଜମି ଶୁଖିଲା ଅଛି। ଗରମ ସମୟରେ ଗଛଗୁଡ଼ିକ ଶକ୍ତିଶାଳୀ ରହିବା ପାଇଁ ସକାଳୁ ପାଣି ଦେବା ଭଲ।,,droplet
Very Hot,Balanced,Calm,Light Rain,spraying,STABLE,15,Good Spraying Conditions,SPRAYING: The air is calm right now. Spray your crops now before the wind picks up and wastes your medicine.,ಸಿಂಪಡಣೆ: ಗಾಳಿ ಈಗ ಶಾಂತವಾಗಿದೆ. ಗಾಳಿ ಬೀಸಿ ನಿಮ್ಮ ಔಷಧ ವ್ಯರ್ಥವಾಗುವ ಮೊದಲು ನಿಮ್ಮ ಬೆಳೆಗಳಿಗೆ ಈಗಲೇ ಸಿಂಪಡಿಸಿ.,छिड़काव: इस समय हवा शांत है। हवा चलने और दवा बर्बाद होने से पहले अपनी फसलों पर छिड़काव करें।,தெளித்தல்: காற்று இப்போது அமைதியாக இருக்கிறது. காற்று வீசி உங்கள் மருந்தை வீணாக்கும் முன் உங்கள் பயிர்களுக்கு இப்போதே தெளிக்கவும்.,స్ప్రేయింగ్: ప్రస్తుతం గాలి ప్రశాంతంగా ఉంది. గాలి వీచి మీ ఔషధం వృధా అయ్యేలోపు మీ పంటలపై ఇప్పుడే పిచికారీ చేయండి.,സ്പ്രേയിംഗ്: ഇപ്പോൾ വായു ശാന്തമാണ്. കാറ്റ് വീശി നിങ്ങളുടെ മരുന്നുകൾ പാഴാക്കുന്നതിനുമുമ്പ് നിങ്ങളുടെ വിളകൾക്ക് ഇപ്പോൾ തന്നെ തളിക്കുക.,फवारणी: सध्या हवा शांत आहे. वारा येऊन तुमचे औषध वाया जाण्यापूर्वी आत्ताच तुमच्या पिकांवर फवारणी करा.,છંટકાવ: અત્યારે હવા શાંત છે. પવન ફૂંકાય અને તમારી દવા બગાડે તે પહેલાં હમણાં જ તમારા પાક પર છંટકાવ કરો.,স্প্রে করা: বাতাস এখন শান্ত। বাতাস বইতে শুরু করে এবং আপনার ওষুধ নষ্ট করার আগে এখনই আপনার ফসলে স্প্রে করুন।,ਛਿੜਕਾਅ: ਇਸ ਵੇਲੇ ਹਵਾ ਸ਼ਾਂਤ ਹੈ। ਹਵਾ ਚੱਲਣ ਅਤੇ ਤੁਹਾਡੀ ਦਵਾਈ ਬਰਬਾਦ ਹੋਣ ਤੋਂ ਪਹਿਲਾਂ ਆਪਣੀਆਂ ਫਸਲਾਂ 'ਤੇ ਹੁਣੇ ਛਿੜਕਾਅ ਕਰੋ।,چھڑکاؤ: اس وقت ہوا پرسکون ہے۔ اپنی فصلوں پر چھڑکاؤ اس سے پہلے کہ ہوا تیز ہو جائے اور آپ کی دوائی ضائع ہو جائے۔,छर्कने: अहिले हावा शान्त छ। हावा चल्नु र तपाईंको औषधि खेर जानु अघि नै आफ्नो बालीनालीमा छर्कनुहोस्।,ସିଞ୍ଚନ: ବର୍ତ୍ତମାନ ବାୟୁ ଶାନ୍ତ ଅଛି। ପବନ ବହିବା ଏବଂ ଔଷଧ ନଷ୍ଟ କରିବା ପୂର୍ବରୁ ଏବେ ଆପଣଙ୍କ ଫସଲରେ ସିଞ୍ଚନ କରନ୍ତୁ।,,spray
Very Hot,Balanced,Calm,Light Rain,fungal_risk,STABLE,15,Low Fungal Risk,DISEASE ALERT: It is very damp and warm. Check your leaves for rot and use protection to save your harvest.,ರೋಗ ಎಚ್ಚರಿಕೆ: ಇದು ತುಂಬಾ ತೇವ ಮತ್ತು ಬೆಚ್ಚಗಿರುತ್ತದೆ. ನಿಮ್ಮ ಎಲೆಗಳನ್ನು ಕೊಳೆತಕ್ಕಾಗಿ ಪರಿಶೀಲಿಸಿ ಮತ್ತು ನಿಮ್ಮ ಬೆಳೆಯನ್ನು ಉಳಿಸಲು ರಕ್ಷಣೆಯನ್ನು ಬಳಸಿ.,रोग चेतावनी: मौसम बहुत नम और गर्म है। पत्तियों में सड़न की जांच करें और अपनी फसल को बचाने के लिए सुरक्षात्मक उपाय करें।,"நோய் எச்சரிக்கை: இது மிகவும் ஈரப்பதமாகவும் சூடாகவும் இருக்கும். உங்கள் இலைகளில் அழுகல் இருக்கிறதா என்று சரிபார்த்து, உங்கள் அறுவடையை சேமிக்க பாதுகாப்பைப் பயன்படுத்துங்கள்.",వ్యాధి హెచ్చరిక: ఇది చాలా తడిగా మరియు వెచ్చగా ఉంటుంది. మీ ఆకులు తెగులు కోసం తనిఖీ చేయండి మరియు మీ పంటను కాపాడటానికి రక్షణను ఉపయోగించండి.,രോഗ മുന്നറിയിപ്പ്: ഇത് വളരെ ഈർപ്പമുള്ളതും ചൂടുള്ളതുമാണ്. നിങ്ങളുടെ ഇലകൾ അഴുകുന്നുണ്ടോ എന്ന് പരിശോധിച്ച് നിങ്ങളുടെ വിള സംരക്ഷിക്കാൻ സംരക്ഷണം ഉപയോഗിക്കുക.,रोगाचा इशारा: हे खूप ओलसर आणि उबदार आहे. तुमची पाने कुजली आहेत का ते तपासा आणि तुमचे पीक वाचवण्यासाठी संरक्षण वापरा.,રોગની ચેતવણી: તે ખૂબ જ ભેજવાળી અને ગરમ છે. તમારા પાંદડા સડી ગયા છે કે નહીં તે તપાસો અને તમારા પાકને બચાવવા માટે રક્ષણનો ઉપયોગ કરો.,রোগের সতর্কতা: এটি খুব স্যাঁতসেঁতে এবং উষ্ণ। আপনার পাতা পচে গেছে কিনা তা পরীক্ষা করুন এবং আপনার ফসল বাঁচাতে সুরক্ষা ব্যবস্থা ব্যবহার করুন।,ਬਿਮਾਰੀ ਦੀ ਚੇਤਾਵਨੀ: ਇਹ ਬਹੁਤ ਗਿੱਲਾ ਅਤੇ ਗਰਮ ਹੈ। ਆਪਣੇ ਪੱਤਿਆਂ ਦੀ ਸੜਨ ਦੀ ਜਾਂਚ ਕਰੋ ਅਤੇ ਆਪਣੀ ਫ਼ਸਲ ਨੂੰ ਬਚਾਉਣ ਲਈ ਸੁਰੱਖਿਆ ਦੀ ਵਰਤੋਂ ਕਰੋ।,بیماری کا انتباہ: یہ بہت نم اور گرم ہے۔ اپنے پتوں کو سڑنے کے لیے چیک کریں اور اپنی فصل کو بچانے کے لیے تحفظ کا استعمال کریں۔,रोगको चेतावनी: यो धेरै ओसिलो र न्यानो छ। आफ्नो पातहरू कुहिन जाँच गर्नुहोस् र आफ्नो बाली बचाउन सुरक्षा प्रयोग गर्नुहोस्।,ରୋଗ ସତର୍କତା: ଏହା ବହୁତ ଓଦା ଏବଂ ଉଷ୍ମ। ଆପଣଙ୍କ ପତ୍ର ପଚିଛି କି ନାହିଁ ଯାଞ୍ଚ କରନ୍ତୁ ଏବଂ ଆପଣଙ୍କ ଫସଲକୁ ବଞ୍ଚାଇବା ପାଇଁ ସୁରକ୍ଷା ବ୍ୟବହାର କରନ୍ତୁ।,,shield
Very Hot,Balanced,Calm,Light Rain,field_work,STABLE,15,Good Field Work Day,FIELD WORK: It is getting very hot. Do your heavy work while it is still cool to keep yourself and your plants healthy.,ಕ್ಷೇತ್ರದ ಕೆಲಸ: ತುಂಬಾ ಬಿಸಿಯಾಗುತ್ತಿದೆ. ನಿಮ್ಮನ್ನು ಮತ್ತು ನಿಮ್ಮ ಸಸ್ಯಗಳನ್ನು ಆರೋಗ್ಯವಾಗಿಡಲು ತಂಪಾಗಿರುವಾಗಲೇ ನಿಮ್ಮ ಭಾರವಾದ ಕೆಲಸವನ್ನು ಮಾಡಿ.,"खेत का काम: बहुत गर्मी पड़ रही है। अपना भारी काम तब करें जब मौसम ठंडा हो, ताकि आप और आपके पौधे स्वस्थ रहें।","களப்பணி: மிகவும் சூடாகி வருகிறது. உங்களையும் உங்கள் தாவரங்களையும் ஆரோக்கியமாக வைத்திருக்க, குளிர்ச்சியாக இருக்கும்போதே உங்கள் கனமான வேலையைச் செய்யுங்கள்.",ఫీల్డ్ వర్క్: చాలా వేడిగా ఉంది. మిమ్మల్ని మరియు మీ మొక్కలను ఆరోగ్యంగా ఉంచుకోవడానికి చల్లగా ఉన్నప్పుడే మీ భారీ పని చేయండి.,വയലിലെ ജോലി: ചൂട് കൂടിവരികയാണ്. നിങ്ങളെയും നിങ്ങളുടെ ചെടികളെയും ആരോഗ്യത്തോടെ നിലനിർത്താൻ തണുപ്പുള്ളപ്പോൾ തന്നെ ഭാരിച്ച ജോലികൾ ചെയ്യുക.,शेतातील काम: खूप उष्णता वाढत आहे. स्वतःला आणि तुमच्या झाडांना निरोगी ठेवण्यासाठी थंड असतानाच तुमचे जड काम करा.,ખેતરમાં કામ: ખૂબ ગરમી પડી રહી છે. ઠંડી હોય ત્યારે ભારે કામ કરો જેથી તમારી જાતને અને તમારા છોડને સ્વસ્થ રાખી શકાય.,মাঠের কাজ: খুব গরম পড়ছে। নিজেকে এবং আপনার গাছপালা সুস্থ রাখতে ঠান্ডা থাকতেই ভারী কাজ করুন।,ਖੇਤ ਦਾ ਕੰਮ: ਬਹੁਤ ਗਰਮੀ ਪੈ ਰਹੀ ਹੈ। ਆਪਣੇ ਆਪ ਨੂੰ ਅਤੇ ਆਪਣੇ ਪੌਦਿਆਂ ਨੂੰ ਸਿਹਤਮੰਦ ਰੱਖਣ ਲਈ ਠੰਡਾ ਹੋਣ ਤੱਕ ਆਪਣਾ ਭਾਰੀ ਕੰਮ ਕਰੋ।,فیلڈ ورک: یہ بہت گرم ہو رہا ہے۔ اپنے آپ کو اور اپنے پودوں کو صحت مند رکھنے کے لیے ٹھنڈا ہونے کے دوران اپنا بھاری کام کریں۔,खेतबारीको काम: धेरै गर्मी भइरहेको छ। आफू र आफ्ना बिरुवाहरूलाई स्वस्थ राख्न चिसो हुँदा नै आफ्नो भारी काम गर्नुहोस्।,କ୍ଷେତ କାମ: ବହୁତ ଗରମ ହେଉଛି। ନିଜକୁ ଏବଂ ଆପଣଙ୍କ ଗଛଗୁଡ଼ିକୁ ସୁସ୍ଥ ରଖିବା ପାଇଁ ଥଣ୍ଡା ଥିବା ସମୟରେ ଆପଣଙ୍କର କଠିନ କାମ କରନ୍ତୁ।,,tractor
Very Hot,Balanced,Calm,Heavy Rain,irrigation,STABLE,15,Irrigation Safe,WATERING: The ground is dry. Best to water in the early morning so the plants stay strong during the heat.,"ನೀರುಹಾಕುವುದು: ನೆಲ ಒಣಗಿದೆ. ಬೆಳಿಗ್ಗೆ ಬೇಗನೆ ನೀರು ಹಾಕುವುದು ಉತ್ತಮ, ಇದರಿಂದ ಸಸ್ಯಗಳು ಶಾಖದ ಸಮಯದಲ್ಲಿ ಬಲವಾಗಿರುತ್ತವೆ.",पानी देना: मिट्टी सूखी है। पौधों को गर्मी के दौरान स्वस्थ रखने के लिए सुबह जल्दी पानी देना सबसे अच्छा है।,"நீர்ப்பாசனம்: நிலம் வறண்டு உள்ளது. அதிகாலையில் தண்ணீர் பாய்ச்சுவது நல்லது, இதனால் வெப்பத்தின் போது தாவரங்கள் வலுவாக இருக்கும்.","నీరు త్రాగుట: నేల పొడిగా ఉంటుంది. ఉదయాన్నే నీరు పోయడం మంచిది, తద్వారా వేడి సమయంలో మొక్కలు బలంగా ఉంటాయి.","നനവ്: നിലം വരണ്ടതാണ്. അതിരാവിലെ നനയ്ക്കുന്നതാണ് നല്ലത്, അങ്ങനെ ചൂടിൽ ചെടികൾ ശക്തമായി നിലനിൽക്കും.",पाणी देणे: जमीन कोरडी आहे. सकाळी लवकर पाणी देणे चांगले जेणेकरून उष्णतेमध्ये झाडे मजबूत राहतील.,પાણી આપવું: જમીન સૂકી છે. ગરમી દરમિયાન છોડ મજબૂત રહે તે માટે વહેલી સવારે પાણી આપવું શ્રેષ્ઠ છે.,"জল দেওয়া: মাটি শুষ্ক। খুব ভোরে জল দেওয়া ভালো, যাতে গরমের সময় গাছপালা শক্তিশালী থাকে।",ਪਾਣੀ ਦੇਣਾ: ਜ਼ਮੀਨ ਸੁੱਕੀ ਹੈ। ਸਵੇਰੇ ਜਲਦੀ ਪਾਣੀ ਦੇਣਾ ਸਭ ਤੋਂ ਵਧੀਆ ਹੈ ਤਾਂ ਜੋ ਪੌਦੇ ਗਰਮੀ ਦੌਰਾਨ ਮਜ਼ਬੂਤ ​​ਰਹਿਣ।,پانی دینا: زمین خشک ہے۔ صبح سویرے پانی دینا بہتر ہے تاکہ گرمی کے دوران پودے مضبوط رہیں۔,पानी हाल्ने: जमिन सुख्खा छ। बिहान सबेरै पानी हाल्नु राम्रो हुन्छ ताकि गर्मीको समयमा बिरुवाहरू बलियो रहून्।,ପାଣି ଦେବା: ଜମି ଶୁଖିଲା ଅଛି। ଗରମ ସମୟରେ ଗଛଗୁଡ଼ିକ ଶକ୍ତିଶାଳୀ ରହିବା ପାଇଁ ସକାଳୁ ପାଣି ଦେବା ଭଲ।,,droplet
Very Hot,Balanced,Calm,Heavy Rain,spraying,STABLE,15,Good Spraying Conditions,SPRAYING: The air is calm right now. Spray your crops now before the wind picks up and wastes your medicine.,ಸಿಂಪಡಣೆ: ಗಾಳಿ ಈಗ ಶಾಂತವಾಗಿದೆ. ಗಾಳಿ ಬೀಸಿ ನಿಮ್ಮ ಔಷಧ ವ್ಯರ್ಥವಾಗುವ ಮೊದಲು ನಿಮ್ಮ ಬೆಳೆಗಳಿಗೆ ಈಗಲೇ ಸಿಂಪಡಿಸಿ.,छिड़काव: इस समय हवा शांत है। हवा चलने और दवा बर्बाद होने से पहले अपनी फसलों पर छिड़काव करें।,தெளித்தல்: காற்று இப்போது அமைதியாக இருக்கிறது. காற்று வீசி உங்கள் மருந்தை வீணாக்கும் முன் உங்கள் பயிர்களுக்கு இப்போதே தெளிக்கவும்.,స్ప్రేయింగ్: ప్రస్తుతం గాలి ప్రశాంతంగా ఉంది. గాలి వీచి మీ ఔషధం వృధా అయ్యేలోపు మీ పంటలపై ఇప్పుడే పిచికారీ చేయండి.,സ്പ്രേയിംഗ്: ഇപ്പോൾ വായു ശാന്തമാണ്. കാറ്റ് വീശി നിങ്ങളുടെ മരുന്നുകൾ പാഴാക്കുന്നതിനുമുമ്പ് നിങ്ങളുടെ വിളകൾക്ക് ഇപ്പോൾ തന്നെ തളിക്കുക.,फवारणी: सध्या हवा शांत आहे. वारा येऊन तुमचे औषध वाया जाण्यापूर्वी आत्ताच तुमच्या पिकांवर फवारणी करा.,છંટકાવ: અત્યારે હવા શાંત છે. પવન ફૂંકાય અને તમારી દવા બગાડે તે પહેલાં હમણાં જ તમારા પાક પર છંટકાવ કરો.,স্প্রে করা: বাতাস এখন শান্ত। বাতাস বইতে শুরু করে এবং আপনার ওষুধ নষ্ট করার আগে এখনই আপনার ফসলে স্প্রে করুন।,ਛਿੜਕਾਅ: ਇਸ ਵੇਲੇ ਹਵਾ ਸ਼ਾਂਤ ਹੈ। ਹਵਾ ਚੱਲਣ ਅਤੇ ਤੁਹਾਡੀ ਦਵਾਈ ਬਰਬਾਦ ਹੋਣ ਤੋਂ ਪਹਿਲਾਂ ਆਪਣੀਆਂ ਫਸਲਾਂ 'ਤੇ ਹੁਣੇ ਛਿੜਕਾਅ ਕਰੋ।,چھڑکاؤ: اس وقت ہوا پرسکون ہے۔ اپنی فصلوں پر چھڑکاؤ اس سے پہلے کہ ہوا تیز ہو جائے اور آپ کی دوائی ضائع ہو جائے۔,छर्कने: अहिले हावा शान्त छ। हावा चल्नु र तपाईंको औषधि खेर जानु अघि नै आफ्नो बालीनालीमा छर्कनुहोस्।,ସିଞ୍ଚନ: ବର୍ତ୍ତମାନ ବାୟୁ ଶାନ୍ତ ଅଛି। ପବନ ବହିବା ଏବଂ ଔଷଧ ନଷ୍ଟ କରିବା ପୂର୍ବରୁ ଏବେ ଆପଣଙ୍କ ଫସଲରେ ସିଞ୍ଚନ କରନ୍ତୁ।,,spray
Very Hot,Balanced,Calm,Heavy Rain,fungal_risk,STABLE,15,Low Fungal Risk,DISEASE ALERT: It is very damp and warm. Check your leaves for rot and use protection to save your harvest.,ರೋಗ ಎಚ್ಚರಿಕೆ: ಇದು ತುಂಬಾ ತೇವ ಮತ್ತು ಬೆಚ್ಚಗಿರುತ್ತದೆ. ನಿಮ್ಮ ಎಲೆಗಳನ್ನು ಕೊಳೆತಕ್ಕಾಗಿ ಪರಿಶೀಲಿಸಿ ಮತ್ತು ನಿಮ್ಮ ಬೆಳೆಯನ್ನು ಉಳಿಸಲು ರಕ್ಷಣೆಯನ್ನು ಬಳಸಿ.,रोग चेतावनी: मौसम बहुत नम और गर्म है। पत्तियों में सड़न की जांच करें और अपनी फसल को बचाने के लिए सुरक्षात्मक उपाय करें।,"நோய் எச்சரிக்கை: இது மிகவும் ஈரப்பதமாகவும் சூடாகவும் இருக்கும். உங்கள் இலைகளில் அழுகல் இருக்கிறதா என்று சரிபார்த்து, உங்கள் அறுவடையை சேமிக்க பாதுகாப்பைப் பயன்படுத்துங்கள்.",వ్యాధి హెచ్చరిక: ఇది చాలా తడిగా మరియు వెచ్చగా ఉంటుంది. మీ ఆకులు తెగులు కోసం తనిఖీ చేయండి మరియు మీ పంటను కాపాడటానికి రక్షణను ఉపయోగించండి.,രോഗ മുന്നറിയിപ്പ്: ഇത് വളരെ ഈർപ്പമുള്ളതും ചൂടുള്ളതുമാണ്. നിങ്ങളുടെ ഇലകൾ അഴുകുന്നുണ്ടോ എന്ന് പരിശോധിച്ച് നിങ്ങളുടെ വിള സംരക്ഷിക്കാൻ സംരക്ഷണം ഉപയോഗിക്കുക.,रोगाचा इशारा: हे खूप ओलसर आणि उबदार आहे. तुमची पाने कुजली आहेत का ते तपासा आणि तुमचे पीक वाचवण्यासाठी संरक्षण वापरा.,રોગની ચેતવણી: તે ખૂબ જ ભેજવાળી અને ગરમ છે. તમારા પાંદડા સડી ગયા છે કે નહીં તે તપાસો અને તમારા પાકને બચાવવા માટે રક્ષણનો ઉપયોગ કરો.,রোগের সতর্কতা: এটি খুব স্যাঁতসেঁতে এবং উষ্ণ। আপনার পাতা পচে গেছে কিনা তা পরীক্ষা করুন এবং আপনার ফসল বাঁচাতে সুরক্ষা ব্যবস্থা ব্যবহার করুন।,ਬਿਮਾਰੀ ਦੀ ਚੇਤਾਵਨੀ: ਇਹ ਬਹੁਤ ਗਿੱਲਾ ਅਤੇ ਗਰਮ ਹੈ। ਆਪਣੇ ਪੱਤਿਆਂ ਦੀ ਸੜਨ ਦੀ ਜਾਂਚ ਕਰੋ ਅਤੇ ਆਪਣੀ ਫ਼ਸਲ ਨੂੰ ਬਚਾਉਣ ਲਈ ਸੁਰੱਖਿਆ ਦੀ ਵਰਤੋਂ ਕਰੋ।,بیماری کا انتباہ: یہ بہت نم اور گرم ہے۔ اپنے پتوں کو سڑنے کے لیے چیک کریں اور اپنی فصل کو بچانے کے لیے تحفظ کا استعمال کریں۔,रोगको चेतावनी: यो धेरै ओसिलो र न्यानो छ। आफ्नो पातहरू कुहिन जाँच गर्नुहोस् र आफ्नो बाली बचाउन सुरक्षा प्रयोग गर्नुहोस्।,ରୋଗ ସତର୍କତା: ଏହା ବହୁତ ଓଦା ଏବଂ ଉଷ୍ମ। ଆପଣଙ୍କ ପତ୍ର ପଚିଛି କି ନାହିଁ ଯାଞ୍ଚ କରନ୍ତୁ ଏବଂ ଆପଣଙ୍କ ଫସଲକୁ ବଞ୍ଚାଇବା ପାଇଁ ସୁରକ୍ଷା ବ୍ୟବହାର କରନ୍ତୁ।,,shield
Very Hot,Balanced,Calm,Heavy Rain,field_work,STABLE,15,Good Field Work Day,FIELD WORK: It is getting very hot. Do your heavy work while it is still cool to keep yourself and your plants healthy.,ಕ್ಷೇತ್ರದ ಕೆಲಸ: ತುಂಬಾ ಬಿಸಿಯಾಗುತ್ತಿದೆ. ನಿಮ್ಮನ್ನು ಮತ್ತು ನಿಮ್ಮ ಸಸ್ಯಗಳನ್ನು ಆರೋಗ್ಯವಾಗಿಡಲು ತಂಪಾಗಿರುವಾಗಲೇ ನಿಮ್ಮ ಭಾರವಾದ ಕೆಲಸವನ್ನು ಮಾಡಿ.,"खेत का काम: बहुत गर्मी पड़ रही है। अपना भारी काम तब करें जब मौसम ठंडा हो, ताकि आप और आपके पौधे स्वस्थ रहें।","களப்பணி: மிகவும் சூடாகி வருகிறது. உங்களையும் உங்கள் தாவரங்களையும் ஆரோக்கியமாக வைத்திருக்க, குளிர்ச்சியாக இருக்கும்போதே உங்கள் கனமான வேலையைச் செய்யுங்கள்.",ఫీల్డ్ వర్క్: చాలా వేడిగా ఉంది. మిమ్మల్ని మరియు మీ మొక్కలను ఆరోగ్యంగా ఉంచుకోవడానికి చల్లగా ఉన్నప్పుడే మీ భారీ పని చేయండి.,വയലിലെ ജോലി: ചൂട് കൂടിവരികയാണ്. നിങ്ങളെയും നിങ്ങളുടെ ചെടികളെയും ആരോഗ്യത്തോടെ നിലനിർത്താൻ തണുപ്പുള്ളപ്പോൾ തന്നെ ഭാരിച്ച ജോലികൾ ചെയ്യുക.,शेतातील काम: खूप उष्णता वाढत आहे. स्वतःला आणि तुमच्या झाडांना निरोगी ठेवण्यासाठी थंड असतानाच तुमचे जड काम करा.,ખેતરમાં કામ: ખૂબ ગરમી પડી રહી છે. ઠંડી હોય ત્યારે ભારે કામ કરો જેથી તમારી જાતને અને તમારા છોડને સ્વસ્થ રાખી શકાય.,মাঠের কাজ: খুব গরম পড়ছে। নিজেকে এবং আপনার গাছপালা সুস্থ রাখতে ঠান্ডা থাকতেই ভারী কাজ করুন।,ਖੇਤ ਦਾ ਕੰਮ: ਬਹੁਤ ਗਰਮੀ ਪੈ ਰਹੀ ਹੈ। ਆਪਣੇ ਆਪ ਨੂੰ ਅਤੇ ਆਪਣੇ ਪੌਦਿਆਂ ਨੂੰ ਸਿਹਤਮੰਦ ਰੱਖਣ ਲਈ ਠੰਡਾ ਹੋਣ ਤੱਕ ਆਪਣਾ ਭਾਰੀ ਕੰਮ ਕਰੋ।,فیلڈ ورک: یہ بہت گرم ہو رہا ہے۔ اپنے آپ کو اور اپنے پودوں کو صحت مند رکھنے کے لیے ٹھنڈا ہونے کے دوران اپنا بھاری کام کریں۔,खेतबारीको काम: धेरै गर्मी भइरहेको छ। आफू र आफ्ना बिरुवाहरूलाई स्वस्थ राख्न चिसो हुँदा नै आफ्नो भारी काम गर्नुहोस्।,କ୍ଷେତ କାମ: ବହୁତ ଗରମ ହେଉଛି। ନିଜକୁ ଏବଂ ଆପଣଙ୍କ ଗଛଗୁଡ଼ିକୁ ସୁସ୍ଥ ରଖିବା ପାଇଁ ଥଣ୍ଡା ଥିବା ସମୟରେ ଆପଣଙ୍କର କଠିନ କାମ କରନ୍ତୁ।,,tractor
Very Hot,Balanced,Breezy,Dry,irrigation,CAUTION,45,Irrigation Caution,WATERING: The ground is dry. Best to water in the early morning so the plants stay strong during the heat.,"ನೀರುಹಾಕುವುದು: ನೆಲ ಒಣಗಿದೆ. ಬೆಳಿಗ್ಗೆ ಬೇಗನೆ ನೀರು ಹಾಕುವುದು ಉತ್ತಮ, ಇದರಿಂದ ಸಸ್ಯಗಳು ಶಾಖದ ಸಮಯದಲ್ಲಿ ಬಲವಾಗಿರುತ್ತವೆ.",पानी देना: मिट्टी सूखी है। पौधों को गर्मी के दौरान स्वस्थ रखने के लिए सुबह जल्दी पानी देना सबसे अच्छा है।,"நீர்ப்பாசனம்: நிலம் வறண்டு உள்ளது. அதிகாலையில் தண்ணீர் பாய்ச்சுவது நல்லது, இதனால் வெப்பத்தின் போது தாவரங்கள் வலுவாக இருக்கும்.","నీరు త్రాగుట: నేల పొడిగా ఉంటుంది. ఉదయాన్నే నీరు పోయడం మంచిది, తద్వారా వేడి సమయంలో మొక్కలు బలంగా ఉంటాయి.","നനവ്: നിലം വരണ്ടതാണ്. അതിരാവിലെ നനയ്ക്കുന്നതാണ് നല്ലത്, അങ്ങനെ ചൂടിൽ ചെടികൾ ശക്തമായി നിലനിൽക്കും.",पाणी देणे: जमीन कोरडी आहे. सकाळी लवकर पाणी देणे चांगले जेणेकरून उष्णतेमध्ये झाडे मजबूत राहतील.,પાણી આપવું: જમીન સૂકી છે. ગરમી દરમિયાન છોડ મજબૂત રહે તે માટે વહેલી સવારે પાણી આપવું શ્રેષ્ઠ છે.,"জল দেওয়া: মাটি শুষ্ক। খুব ভোরে জল দেওয়া ভালো, যাতে গরমের সময় গাছপালা শক্তিশালী থাকে।",ਪਾਣੀ ਦੇਣਾ: ਜ਼ਮੀਨ ਸੁੱਕੀ ਹੈ। ਸਵੇਰੇ ਜਲਦੀ ਪਾਣੀ ਦੇਣਾ ਸਭ ਤੋਂ ਵਧੀਆ ਹੈ ਤਾਂ ਜੋ ਪੌਦੇ ਗਰਮੀ ਦੌਰਾਨ ਮਜ਼ਬੂਤ ​​ਰਹਿਣ।,پانی دینا: زمین خشک ہے۔ صبح سویرے پانی دینا بہتر ہے تاکہ گرمی کے دوران پودے مضبوط رہیں۔,पानी हाल्ने: जमिन सुख्खा छ। बिहान सबेरै पानी हाल्नु राम्रो हुन्छ ताकि गर्मीको समयमा बिरुवाहरू बलियो रहून्।,ପାଣି ଦେବା: ଜମି ଶୁଖିଲା ଅଛି। ଗରମ ସମୟରେ ଗଛଗୁଡ଼ିକ ଶକ୍ତିଶାଳୀ ରହିବା ପାଇଁ ସକାଳୁ ପାଣି ଦେବା ଭଲ।,Before 8 AM,droplet
Very Hot,Balanced,Breezy,Dry,spraying,CAUTION,45,Spray With Caution,SPRAYING: The air is calm right now. Spray your crops now before the wind picks up and wastes your medicine.,ಸಿಂಪಡಣೆ: ಗಾಳಿ ಈಗ ಶಾಂತವಾಗಿದೆ. ಗಾಳಿ ಬೀಸಿ ನಿಮ್ಮ ಔಷಧ ವ್ಯರ್ಥವಾಗುವ ಮೊದಲು ನಿಮ್ಮ ಬೆಳೆಗಳಿಗೆ ಈಗಲೇ ಸಿಂಪಡಿಸಿ.,छिड़काव: इस समय हवा शांत है। हवा चलने और दवा बर्बाद होने से पहले अपनी फसलों पर छिड़काव करें।,தெளித்தல்: காற்று இப்போது அமைதியாக இருக்கிறது. காற்று வீசி உங்கள் மருந்தை வீணாக்கும் முன் உங்கள் பயிர்களுக்கு இப்போதே தெளிக்கவும்.,స్ప్రేయింగ్: ప్రస్తుతం గాలి ప్రశాంతంగా ఉంది. గాలి వీచి మీ ఔషధం వృధా అయ్యేలోపు మీ పంటలపై ఇప్పుడే పిచికారీ చేయండి.,സ്പ്രേയിംഗ്: ഇപ്പോൾ വായു ശാന്തമാണ്. കാറ്റ് വീശി നിങ്ങളുടെ മരുന്നുകൾ പാഴാക്കുന്നതിനുമുമ്പ് നിങ്ങളുടെ വിളകൾക്ക് ഇപ്പോൾ തന്നെ തളിക്കുക.,फवारणी: सध्या हवा शांत आहे. वारा येऊन तुमचे औषध वाया जाण्यापूर्वी आत्ताच तुमच्या पिकांवर फवारणी करा.,છંટકાવ: અત્યારે હવા શાંત છે. પવન ફૂંકાય અને તમારી દવા બગાડે તે પહેલાં હમણાં જ તમારા પાક પર છંટકાવ કરો.,স্প্রে করা: বাতাস এখন শান্ত। বাতাস বইতে শুরু করে এবং আপনার ওষুধ নষ্ট করার আগে এখনই আপনার ফসলে স্প্রে করুন।,ਛਿੜਕਾਅ: ਇਸ ਵੇਲੇ ਹਵਾ ਸ਼ਾਂਤ ਹੈ। ਹਵਾ ਚੱਲਣ ਅਤੇ ਤੁਹਾਡੀ ਦਵਾਈ ਬਰਬਾਦ ਹੋਣ ਤੋਂ ਪਹਿਲਾਂ ਆਪਣੀਆਂ ਫਸਲਾਂ 'ਤੇ ਹੁਣੇ ਛਿੜਕਾਅ ਕਰੋ।,چھڑکاؤ: اس وقت ہوا پرسکون ہے۔ اپنی فصلوں پر چھڑکاؤ اس سے پہلے کہ ہوا تیز ہو جائے اور آپ کی دوائی ضائع ہو جائے۔,छर्कने: अहिले हावा शान्त छ। हावा चल्नु र तपाईंको औषधि खेर जानु अघि नै आफ्नो बालीनालीमा छर्कनुहोस्।,ସିଞ୍ଚନ: ବର୍ତ୍ତମାନ ବାୟୁ ଶାନ୍ତ ଅଛି। ପବନ ବହିବା ଏବଂ ଔଷଧ ନଷ୍ଟ କରିବା ପୂର୍ବରୁ ଏବେ ଆପଣଙ୍କ ଫସଲରେ ସିଞ୍ଚନ କରନ୍ତୁ।,Before 10 AM,spray
Very Hot,Balanced,Breezy,Dry,fungal_risk,CAUTION,45,Monitor Fungal Risk,DISEASE ALERT: It is very damp and warm. Check your leaves for rot and use protection to save your harvest.,ರೋಗ ಎಚ್ಚರಿಕೆ: ಇದು ತುಂಬಾ ತೇವ ಮತ್ತು ಬೆಚ್ಚಗಿರುತ್ತದೆ. ನಿಮ್ಮ ಎಲೆಗಳನ್ನು ಕೊಳೆತಕ್ಕಾಗಿ ಪರಿಶೀಲಿಸಿ ಮತ್ತು ನಿಮ್ಮ ಬೆಳೆಯನ್ನು ಉಳಿಸಲು ರಕ್ಷಣೆಯನ್ನು ಬಳಸಿ.,रोग चेतावनी: मौसम बहुत नम और गर्म है। पत्तियों में सड़न की जांच करें और अपनी फसल को बचाने के लिए सुरक्षात्मक उपाय करें।,"நோய் எச்சரிக்கை: இது மிகவும் ஈரப்பதமாகவும் சூடாகவும் இருக்கும். உங்கள் இலைகளில் அழுகல் இருக்கிறதா என்று சரிபார்த்து, உங்கள் அறுவடையை சேமிக்க பாதுகாப்பைப் பயன்படுத்துங்கள்.",వ్యాధి హెచ్చరిక: ఇది చాలా తడిగా మరియు వెచ్చగా ఉంటుంది. మీ ఆకులు తెగులు కోసం తనిఖీ చేయండి మరియు మీ పంటను కాపాడటానికి రక్షణను ఉపయోగించండి.,രോഗ മുന്നറിയിപ്പ്: ഇത് വളരെ ഈർപ്പമുള്ളതും ചൂടുള്ളതുമാണ്. നിങ്ങളുടെ ഇലകൾ അഴുകുന്നുണ്ടോ എന്ന് പരിശോധിച്ച് നിങ്ങളുടെ വിള സംരക്ഷിക്കാൻ സംരക്ഷണം ഉപയോഗിക്കുക.,रोगाचा इशारा: हे खूप ओलसर आणि उबदार आहे. तुमची पाने कुजली आहेत का ते तपासा आणि तुमचे पीक वाचवण्यासाठी संरक्षण वापरा.,રોગની ચેતવણી: તે ખૂબ જ ભેજવાળી અને ગરમ છે. તમારા પાંદડા સડી ગયા છે કે નહીં તે તપાસો અને તમારા પાકને બચાવવા માટે રક્ષણનો ઉપયોગ કરો.,রোগের সতর্কতা: এটি খুব স্যাঁতসেঁতে এবং উষ্ণ। আপনার পাতা পচে গেছে কিনা তা পরীক্ষা করুন এবং আপনার ফসল বাঁচাতে সুরক্ষা ব্যবস্থা ব্যবহার করুন।,ਬਿਮਾਰੀ ਦੀ ਚੇਤਾਵਨੀ: ਇਹ ਬਹੁਤ ਗਿੱਲਾ ਅਤੇ ਗਰਮ ਹੈ। ਆਪਣੇ ਪੱਤਿਆਂ ਦੀ ਸੜਨ ਦੀ ਜਾਂਚ ਕਰੋ ਅਤੇ ਆਪਣੀ ਫ਼ਸਲ ਨੂੰ ਬਚਾਉਣ ਲਈ ਸੁਰੱਖਿਆ ਦੀ ਵਰਤੋਂ ਕਰੋ।,بیماری کا انتباہ: یہ بہت نم اور گرم ہے۔ اپنے پتوں کو سڑنے کے لیے چیک کریں اور اپنی فصل کو بچانے کے لیے تحفظ کا استعمال کریں۔,रोगको चेतावनी: यो धेरै ओसिलो र न्यानो छ। आफ्नो पातहरू कुहिन जाँच गर्नुहोस् र आफ्नो बाली बचाउन सुरक्षा प्रयोग गर्नुहोस्।,ରୋଗ ସତର୍କତା: ଏହା ବହୁତ ଓଦା ଏବଂ ଉଷ୍ମ। ଆପଣଙ୍କ ପତ୍ର ପଚିଛି କି ନାହିଁ ଯାଞ୍ଚ କରନ୍ତୁ ଏବଂ ଆପଣଙ୍କ ଫସଲକୁ ବଞ୍ଚାଇବା ପାଇଁ ସୁରକ୍ଷା ବ୍ୟବହାର କରନ୍ତୁ।,,warning
Very Hot,Balanced,Breezy,Dry,field_work,CAUTION,45,Limit Field Work Hours,FIELD WORK: It is getting very hot. Do your heavy work while it is still cool to keep yourself and your plants healthy.,ಕ್ಷೇತ್ರದ ಕೆಲಸ: ತುಂಬಾ ಬಿಸಿಯಾಗುತ್ತಿದೆ. ನಿಮ್ಮನ್ನು ಮತ್ತು ನಿಮ್ಮ ಸಸ್ಯಗಳನ್ನು ಆರೋಗ್ಯವಾಗಿಡಲು ತಂಪಾಗಿರುವಾಗಲೇ ನಿಮ್ಮ ಭಾರವಾದ ಕೆಲಸವನ್ನು ಮಾಡಿ.,"खेत का काम: बहुत गर्मी पड़ रही है। अपना भारी काम तब करें जब मौसम ठंडा हो, ताकि आप और आपके पौधे स्वस्थ रहें।","களப்பணி: மிகவும் சூடாகி வருகிறது. உங்களையும் உங்கள் தாவரங்களையும் ஆரோக்கியமாக வைத்திருக்க, குளிர்ச்சியாக இருக்கும்போதே உங்கள் கனமான வேலையைச் செய்யுங்கள்.",ఫీల్డ్ వర్క్: చాలా వేడిగా ఉంది. మిమ్మల్ని మరియు మీ మొక్కలను ఆరోగ్యంగా ఉంచుకోవడానికి చల్లగా ఉన్నప్పుడే మీ భారీ పని చేయండి.,വയലിലെ ജോലി: ചൂട് കൂടിവരികയാണ്. നിങ്ങളെയും നിങ്ങളുടെ ചെടികളെയും ആരോഗ്യത്തോടെ നിലനിർത്താൻ തണുപ്പുള്ളപ്പോൾ തന്നെ ഭാരിച്ച ജോലികൾ ചെയ്യുക.,शेतातील काम: खूप उष्णता वाढत आहे. स्वतःला आणि तुमच्या झाडांना निरोगी ठेवण्यासाठी थंड असतानाच तुमचे जड काम करा.,ખેતરમાં કામ: ખૂબ ગરમી પડી રહી છે. ઠંડી હોય ત્યારે ભારે કામ કરો જેથી તમારી જાતને અને તમારા છોડને સ્વસ્થ રાખી શકાય.,মাঠের কাজ: খুব গরম পড়ছে। নিজেকে এবং আপনার গাছপালা সুস্থ রাখতে ঠান্ডা থাকতেই ভারী কাজ করুন।,ਖੇਤ ਦਾ ਕੰਮ: ਬਹੁਤ ਗਰਮੀ ਪੈ ਰਹੀ ਹੈ। ਆਪਣੇ ਆਪ ਨੂੰ ਅਤੇ ਆਪਣੇ ਪੌਦਿਆਂ ਨੂੰ ਸਿਹਤਮੰਦ ਰੱਖਣ ਲਈ ਠੰਡਾ ਹੋਣ ਤੱਕ ਆਪਣਾ ਭਾਰੀ ਕੰਮ ਕਰੋ।,فیلڈ ورک: یہ بہت گرم ہو رہا ہے۔ اپنے آپ کو اور اپنے پودوں کو صحت مند رکھنے کے لیے ٹھنڈا ہونے کے دوران اپنا بھاری کام کریں۔,खेतबारीको काम: धेरै गर्मी भइरहेको छ। आफू र आफ्ना बिरुवाहरूलाई स्वस्थ राख्न चिसो हुँदा नै आफ्नो भारी काम गर्नुहोस्।,କ୍ଷେତ କାମ: ବହୁତ ଗରମ ହେଉଛି। ନିଜକୁ ଏବଂ ଆପଣଙ୍କ ଗଛଗୁଡ଼ିକୁ ସୁସ୍ଥ ରଖିବା ପାଇଁ ଥଣ୍ଡା ଥିବା ସମୟରେ ଆପଣଙ୍କର କଠିନ କାମ କରନ୍ତୁ।,Before 10 AM or After 5 PM,tractor
Very Hot,Balanced,Breezy,Light Rain,irrigation,CAUTION,45,Irrigation Caution,WATERING: The ground is dry. Best to water in the early morning so the plants stay strong during the heat.,"ನೀರುಹಾಕುವುದು: ನೆಲ ಒಣಗಿದೆ. ಬೆಳಿಗ್ಗೆ ಬೇಗನೆ ನೀರು ಹಾಕುವುದು ಉತ್ತಮ, ಇದರಿಂದ ಸಸ್ಯಗಳು ಶಾಖದ ಸಮಯದಲ್ಲಿ ಬಲವಾಗಿರುತ್ತವೆ.",पानी देना: मिट्टी सूखी है। पौधों को गर्मी के दौरान स्वस्थ रखने के लिए सुबह जल्दी पानी देना सबसे अच्छा है।,"நீர்ப்பாசனம்: நிலம் வறண்டு உள்ளது. அதிகாலையில் தண்ணீர் பாய்ச்சுவது நல்லது, இதனால் வெப்பத்தின் போது தாவரங்கள் வலுவாக இருக்கும்.","నీరు త్రాగుట: నేల పొడిగా ఉంటుంది. ఉదయాన్నే నీరు పోయడం మంచిది, తద్వారా వేడి సమయంలో మొక్కలు బలంగా ఉంటాయి.","നനവ്: നിലം വരണ്ടതാണ്. അതിരാവിലെ നനയ്ക്കുന്നതാണ് നല്ലത്, അങ്ങനെ ചൂടിൽ ചെടികൾ ശക്തമായി നിലനിൽക്കും.",पाणी देणे: जमीन कोरडी आहे. सकाळी लवकर पाणी देणे चांगले जेणेकरून उष्णतेमध्ये झाडे मजबूत राहतील.,પાણી આપવું: જમીન સૂકી છે. ગરમી દરમિયાન છોડ મજબૂત રહે તે માટે વહેલી સવારે પાણી આપવું શ્રેષ્ઠ છે.,"জল দেওয়া: মাটি শুষ্ক। খুব ভোরে জল দেওয়া ভালো, যাতে গরমের সময় গাছপালা শক্তিশালী থাকে।",ਪਾਣੀ ਦੇਣਾ: ਜ਼ਮੀਨ ਸੁੱਕੀ ਹੈ। ਸਵੇਰੇ ਜਲਦੀ ਪਾਣੀ ਦੇਣਾ ਸਭ ਤੋਂ ਵਧੀਆ ਹੈ ਤਾਂ ਜੋ ਪੌਦੇ ਗਰਮੀ ਦੌਰਾਨ ਮਜ਼ਬੂਤ ​​ਰਹਿਣ।,پانی دینا: زمین خشک ہے۔ صبح سویرے پانی دینا بہتر ہے تاکہ گرمی کے دوران پودے مضبوط رہیں۔,पानी हाल्ने: जमिन सुख्खा छ। बिहान सबेरै पानी हाल्नु राम्रो हुन्छ ताकि गर्मीको समयमा बिरुवाहरू बलियो रहून्।,ପାଣି ଦେବା: ଜମି ଶୁଖିଲା ଅଛି। ଗରମ ସମୟରେ ଗଛଗୁଡ଼ିକ ଶକ୍ତିଶାଳୀ ରହିବା ପାଇଁ ସକାଳୁ ପାଣି ଦେବା ଭଲ।,Before 8 AM,droplet
Very Hot,Balanced,Breezy,Light Rain,spraying,CAUTION,45,Spray With Caution,SPRAYING: The air is calm right now. Spray your crops now before the wind picks up and wastes your medicine.,ಸಿಂಪಡಣೆ: ಗಾಳಿ ಈಗ ಶಾಂತವಾಗಿದೆ. ಗಾಳಿ ಬೀಸಿ ನಿಮ್ಮ ಔಷಧ ವ್ಯರ್ಥವಾಗುವ ಮೊದಲು ನಿಮ್ಮ ಬೆಳೆಗಳಿಗೆ ಈಗಲೇ ಸಿಂಪಡಿಸಿ.,छिड़काव: इस समय हवा शांत है। हवा चलने और दवा बर्बाद होने से पहले अपनी फसलों पर छिड़काव करें।,தெளித்தல்: காற்று இப்போது அமைதியாக இருக்கிறது. காற்று வீசி உங்கள் மருந்தை வீணாக்கும் முன் உங்கள் பயிர்களுக்கு இப்போதே தெளிக்கவும்.,స్ప్రేయింగ్: ప్రస్తుతం గాలి ప్రశాంతంగా ఉంది. గాలి వీచి మీ ఔషధం వృధా అయ్యేలోపు మీ పంటలపై ఇప్పుడే పిచికారీ చేయండి.,സ്പ്രേയിംഗ്: ഇപ്പോൾ വായു ശാന്തമാണ്. കാറ്റ് വീശി നിങ്ങളുടെ മരുന്നുകൾ പാഴാക്കുന്നതിനുമുമ്പ് നിങ്ങളുടെ വിളകൾക്ക് ഇപ്പോൾ തന്നെ തളിക്കുക.,फवारणी: सध्या हवा शांत आहे. वारा येऊन तुमचे औषध वाया जाण्यापूर्वी आत्ताच तुमच्या पिकांवर फवारणी करा.,છંટકાવ: અત્યારે હવા શાંત છે. પવન ફૂંકાય અને તમારી દવા બગાડે તે પહેલાં હમણાં જ તમારા પાક પર છંટકાવ કરો.,স্প্রে করা: বাতাস এখন শান্ত। বাতাস বইতে শুরু করে এবং আপনার ওষুধ নষ্ট করার আগে এখনই আপনার ফসলে স্প্রে করুন।,ਛਿੜਕਾਅ: ਇਸ ਵੇਲੇ ਹਵਾ ਸ਼ਾਂਤ ਹੈ। ਹਵਾ ਚੱਲਣ ਅਤੇ ਤੁਹਾਡੀ ਦਵਾਈ ਬਰਬਾਦ ਹੋਣ ਤੋਂ ਪਹਿਲਾਂ ਆਪਣੀਆਂ ਫਸਲਾਂ 'ਤੇ ਹੁਣੇ ਛਿੜਕਾਅ ਕਰੋ।,چھڑکاؤ: اس وقت ہوا پرسکون ہے۔ اپنی فصلوں پر چھڑکاؤ اس سے پہلے کہ ہوا تیز ہو جائے اور آپ کی دوائی ضائع ہو جائے۔,छर्कने: अहिले हावा शान्त छ। हावा चल्नु र तपाईंको औषधि खेर जानु अघि नै आफ्नो बालीनालीमा छर्कनुहोस्।,ସିଞ୍ଚନ: ବର୍ତ୍ତମାନ ବାୟୁ ଶାନ୍ତ ଅଛି। ପବନ ବହିବା ଏବଂ ଔଷଧ ନଷ୍ଟ କରିବା ପୂର୍ବରୁ ଏବେ ଆପଣଙ୍କ ଫସଲରେ ସିଞ୍ଚନ କରନ୍ତୁ।,Before 10 AM,spray
Very Hot,Balanced,Breezy,Light Rain,fungal_risk,CAUTION,45,Monitor Fungal Risk,DISEASE ALERT: It is very damp and warm. Check your leaves for rot and use protection to save your harvest.,ರೋಗ ಎಚ್ಚರಿಕೆ: ಇದು ತುಂಬಾ ತೇವ ಮತ್ತು ಬೆಚ್ಚಗಿರುತ್ತದೆ. ನಿಮ್ಮ ಎಲೆಗಳನ್ನು ಕೊಳೆತಕ್ಕಾಗಿ ಪರಿಶೀಲಿಸಿ ಮತ್ತು ನಿಮ್ಮ ಬೆಳೆಯನ್ನು ಉಳಿಸಲು ರಕ್ಷಣೆಯನ್ನು ಬಳಸಿ.,रोग चेतावनी: मौसम बहुत नम और गर्म है। पत्तियों में सड़न की जांच करें और अपनी फसल को बचाने के लिए सुरक्षात्मक उपाय करें।,"நோய் எச்சரிக்கை: இது மிகவும் ஈரப்பதமாகவும் சூடாகவும் இருக்கும். உங்கள் இலைகளில் அழுகல் இருக்கிறதா என்று சரிபார்த்து, உங்கள் அறுவடையை சேமிக்க பாதுகாப்பைப் பயன்படுத்துங்கள்.",వ్యాధి హెచ్చరిక: ఇది చాలా తడిగా మరియు వెచ్చగా ఉంటుంది. మీ ఆకులు తెగులు కోసం తనిఖీ చేయండి మరియు మీ పంటను కాపాడటానికి రక్షణను ఉపయోగించండి.,രോഗ മുന്നറിയിപ്പ്: ഇത് വളരെ ഈർപ്പമുള്ളതും ചൂടുള്ളതുമാണ്. നിങ്ങളുടെ ഇലകൾ അഴുകുന്നുണ്ടോ എന്ന് പരിശോധിച്ച് നിങ്ങളുടെ വിള സംരക്ഷിക്കാൻ സംരക്ഷണം ഉപയോഗിക്കുക.,रोगाचा इशारा: हे खूप ओलसर आणि उबदार आहे. तुमची पाने कुजली आहेत का ते तपासा आणि तुमचे पीक वाचवण्यासाठी संरक्षण वापरा.,રોગની ચેતવણી: તે ખૂબ જ ભેજવાળી અને ગરમ છે. તમારા પાંદડા સડી ગયા છે કે નહીં તે તપાસો અને તમારા પાકને બચાવવા માટે રક્ષણનો ઉપયોગ કરો.,রোগের সতর্কতা: এটি খুব স্যাঁতসেঁতে এবং উষ্ণ। আপনার পাতা পচে গেছে কিনা তা পরীক্ষা করুন এবং আপনার ফসল বাঁচাতে সুরক্ষা ব্যবস্থা ব্যবহার করুন।,ਬਿਮਾਰੀ ਦੀ ਚੇਤਾਵਨੀ: ਇਹ ਬਹੁਤ ਗਿੱਲਾ ਅਤੇ ਗਰਮ ਹੈ। ਆਪਣੇ ਪੱਤਿਆਂ ਦੀ ਸੜਨ ਦੀ ਜਾਂਚ ਕਰੋ ਅਤੇ ਆਪਣੀ ਫ਼ਸਲ ਨੂੰ ਬਚਾਉਣ ਲਈ ਸੁਰੱਖਿਆ ਦੀ ਵਰਤੋਂ ਕਰੋ।,بیماری کا انتباہ: یہ بہت نم اور گرم ہے۔ اپنے پتوں کو سڑنے کے لیے چیک کریں اور اپنی فصل کو بچانے کے لیے تحفظ کا استعمال کریں۔,रोगको चेतावनी: यो धेरै ओसिलो र न्यानो छ। आफ्नो पातहरू कुहिन जाँच गर्नुहोस् र आफ्नो बाली बचाउन सुरक्षा प्रयोग गर्नुहोस्।,ରୋଗ ସତର୍କତା: ଏହା ବହୁତ ଓଦା ଏବଂ ଉଷ୍ମ। ଆପଣଙ୍କ ପତ୍ର ପଚିଛି କି ନାହିଁ ଯାଞ୍ଚ କରନ୍ତୁ ଏବଂ ଆପଣଙ୍କ ଫସଲକୁ ବଞ୍ଚାଇବା ପାଇଁ ସୁରକ୍ଷା ବ୍ୟବହାର କରନ୍ତୁ।,,warning
Very Hot,Balanced,Breezy,Light Rain,field_work,CAUTION,45,Limit Field Work Hours,FIELD WORK: It is getting very hot. Do your heavy work while it is still cool to keep yourself and your plants healthy.,ಕ್ಷೇತ್ರದ ಕೆಲಸ: ತುಂಬಾ ಬಿಸಿಯಾಗುತ್ತಿದೆ. ನಿಮ್ಮನ್ನು ಮತ್ತು ನಿಮ್ಮ ಸಸ್ಯಗಳನ್ನು ಆರೋಗ್ಯವಾಗಿಡಲು ತಂಪಾಗಿರುವಾಗಲೇ ನಿಮ್ಮ ಭಾರವಾದ ಕೆಲಸವನ್ನು ಮಾಡಿ.,"खेत का काम: बहुत गर्मी पड़ रही है। अपना भारी काम तब करें जब मौसम ठंडा हो, ताकि आप और आपके पौधे स्वस्थ रहें।","களப்பணி: மிகவும் சூடாகி வருகிறது. உங்களையும் உங்கள் தாவரங்களையும் ஆரோக்கியமாக வைத்திருக்க, குளிர்ச்சியாக இருக்கும்போதே உங்கள் கனமான வேலையைச் செய்யுங்கள்.",ఫీల్డ్ వర్క్: చాలా వేడిగా ఉంది. మిమ్మల్ని మరియు మీ మొక్కలను ఆరోగ్యంగా ఉంచుకోవడానికి చల్లగా ఉన్నప్పుడే మీ భారీ పని చేయండి.,വയലിലെ ജോലി: ചൂട് കൂടിവരികയാണ്. നിങ്ങളെയും നിങ്ങളുടെ ചെടികളെയും ആരോഗ്യത്തോടെ നിലനിർത്താൻ തണുപ്പുള്ളപ്പോൾ തന്നെ ഭാരിച്ച ജോലികൾ ചെയ്യുക.,शेतातील काम: खूप उष्णता वाढत आहे. स्वतःला आणि तुमच्या झाडांना निरोगी ठेवण्यासाठी थंड असतानाच तुमचे जड काम करा.,ખેતરમાં કામ: ખૂબ ગરમી પડી રહી છે. ઠંડી હોય ત્યારે ભારે કામ કરો જેથી તમારી જાતને અને તમારા છોડને સ્વસ્થ રાખી શકાય.,মাঠের কাজ: খুব গরম পড়ছে। নিজেকে এবং আপনার গাছপালা সুস্থ রাখতে ঠান্ডা থাকতেই ভারী কাজ করুন।,ਖੇਤ ਦਾ ਕੰਮ: ਬਹੁਤ ਗਰਮੀ ਪੈ ਰਹੀ ਹੈ। ਆਪਣੇ ਆਪ ਨੂੰ ਅਤੇ ਆਪਣੇ ਪੌਦਿਆਂ ਨੂੰ ਸਿਹਤਮੰਦ ਰੱਖਣ ਲਈ ਠੰਡਾ ਹੋਣ ਤੱਕ ਆਪਣਾ ਭਾਰੀ ਕੰਮ ਕਰੋ।,فیلڈ ورک: یہ بہت گرم ہو رہا ہے۔ اپنے آپ کو اور اپنے پودوں کو صحت مند رکھنے کے لیے ٹھنڈا ہونے کے دوران اپنا بھاری کام کریں۔,खेतबारीको काम: धेरै गर्मी भइरहेको छ। आफू र आफ्ना बिरुवाहरूलाई स्वस्थ राख्न चिसो हुँदा नै आफ्नो भारी काम गर्नुहोस्।,କ୍ଷେତ କାମ: ବହୁତ ଗରମ ହେଉଛି। ନିଜକୁ ଏବଂ ଆପଣଙ୍କ ଗଛଗୁଡ଼ିକୁ ସୁସ୍ଥ ରଖିବା ପାଇଁ ଥଣ୍ଡା ଥିବା ସମୟରେ ଆପଣଙ୍କର କଠିନ କାମ କରନ୍ତୁ।,Before 10 AM or After 5 PM,tractor
Very Hot,Balanced,Breezy,Heavy Rain,irrigation,CAUTION,45,Irrigation Caution,WATERING: The ground is dry. Best to water in the early morning so the plants stay strong during the heat.,"ನೀರುಹಾಕುವುದು: ನೆಲ ಒಣಗಿದೆ. ಬೆಳಿಗ್ಗೆ ಬೇಗನೆ ನೀರು ಹಾಕುವುದು ಉತ್ತಮ, ಇದರಿಂದ ಸಸ್ಯಗಳು ಶಾಖದ ಸಮಯದಲ್ಲಿ ಬಲವಾಗಿರುತ್ತವೆ.",पानी देना: मिट्टी सूखी है। पौधों को गर्मी के दौरान स्वस्थ रखने के लिए सुबह जल्दी पानी देना सबसे अच्छा है।,"நீர்ப்பாசனம்: நிலம் வறண்டு உள்ளது. அதிகாலையில் தண்ணீர் பாய்ச்சுவது நல்லது, இதனால் வெப்பத்தின் போது தாவரங்கள் வலுவாக இருக்கும்.","నీరు త్రాగుట: నేల పొడిగా ఉంటుంది. ఉదయాన్నే నీరు పోయడం మంచిది, తద్వారా వేడి సమయంలో మొక్కలు బలంగా ఉంటాయి.","നനവ്: നിലം വരണ്ടതാണ്. അതിരാവിലെ നനയ്ക്കുന്നതാണ് നല്ലത്, അങ്ങനെ ചൂടിൽ ചെടികൾ ശക്തമായി നിലനിൽക്കും.",पाणी देणे: जमीन कोरडी आहे. सकाळी लवकर पाणी देणे चांगले जेणेकरून उष्णतेमध्ये झाडे मजबूत राहतील.,પાણી આપવું: જમીન સૂકી છે. ગરમી દરમિયાન છોડ મજબૂત રહે તે માટે વહેલી સવારે પાણી આપવું શ્રેષ્ઠ છે.,"জল দেওয়া: মাটি শুষ্ক। খুব ভোরে জল দেওয়া ভালো, যাতে গরমের সময় গাছপালা শক্তিশালী থাকে।",ਪਾਣੀ ਦੇਣਾ: ਜ਼ਮੀਨ ਸੁੱਕੀ ਹੈ। ਸਵੇਰੇ ਜਲਦੀ ਪਾਣੀ ਦੇਣਾ ਸਭ ਤੋਂ ਵਧੀਆ ਹੈ ਤਾਂ ਜੋ ਪੌਦੇ ਗਰਮੀ ਦੌਰਾਨ ਮਜ਼ਬੂਤ ​​ਰਹਿਣ।,پانی دینا: زمین خشک ہے۔ صبح سویرے پانی دینا بہتر ہے تاکہ گرمی کے دوران پودے مضبوط رہیں۔,पानी हाल्ने: जमिन सुख्खा छ। बिहान सबेरै पानी हाल्नु राम्रो हुन्छ ताकि गर्मीको समयमा बिरुवाहरू बलियो रहून्।,ପାଣି ଦେବା: ଜମି ଶୁଖିଲା ଅଛି। ଗରମ ସମୟରେ ଗଛଗୁଡ଼ିକ ଶକ୍ତିଶାଳୀ ରହିବା ପାଇଁ ସକାଳୁ ପାଣି ଦେବା ଭଲ।,Before 8 AM,droplet
Very Hot,Balanced,Breezy,Heavy Rain,spraying,CAUTION,45,Spray With Caution,SPRAYING: The air is calm right now. Spray your crops now before the wind picks up and wastes your medicine.,ಸಿಂಪಡಣೆ: ಗಾಳಿ ಈಗ ಶಾಂತವಾಗಿದೆ. ಗಾಳಿ ಬೀಸಿ ನಿಮ್ಮ ಔಷಧ ವ್ಯರ್ಥವಾಗುವ ಮೊದಲು ನಿಮ್ಮ ಬೆಳೆಗಳಿಗೆ ಈಗಲೇ ಸಿಂಪಡಿಸಿ.,छिड़काव: इस समय हवा शांत है। हवा चलने और दवा बर्बाद होने से पहले अपनी फसलों पर छिड़काव करें।,தெளித்தல்: காற்று இப்போது அமைதியாக இருக்கிறது. காற்று வீசி உங்கள் மருந்தை வீணாக்கும் முன் உங்கள் பயிர்களுக்கு இப்போதே தெளிக்கவும்.,స్ప్రేయింగ్: ప్రస్తుతం గాలి ప్రశాంతంగా ఉంది. గాలి వీచి మీ ఔషధం వృధా అయ్యేలోపు మీ పంటలపై ఇప్పుడే పిచికారీ చేయండి.,സ്പ്രേയിംഗ്: ഇപ്പോൾ വായു ശാന്തമാണ്. കാറ്റ് വീശി നിങ്ങളുടെ മരുന്നുകൾ പാഴാക്കുന്നതിനുമുമ്പ് നിങ്ങളുടെ വിളകൾക്ക് ഇപ്പോൾ തന്നെ തളിക്കുക.,फवारणी: सध्या हवा शांत आहे. वारा येऊन तुमचे औषध वाया जाण्यापूर्वी आत्ताच तुमच्या पिकांवर फवारणी करा.,છંટકાવ: અત્યારે હવા શાંત છે. પવન ફૂંકાય અને તમારી દવા બગાડે તે પહેલાં હમણાં જ તમારા પાક પર છંટકાવ કરો.,স্প্রে করা: বাতাস এখন শান্ত। বাতাস বইতে শুরু করে এবং আপনার ওষুধ নষ্ট করার আগে এখনই আপনার ফসলে স্প্রে করুন।,ਛਿੜਕਾਅ: ਇਸ ਵੇਲੇ ਹਵਾ ਸ਼ਾਂਤ ਹੈ। ਹਵਾ ਚੱਲਣ ਅਤੇ ਤੁਹਾਡੀ ਦਵਾਈ ਬਰਬਾਦ ਹੋਣ ਤੋਂ ਪਹਿਲਾਂ ਆਪਣੀਆਂ ਫਸਲਾਂ 'ਤੇ ਹੁਣੇ ਛਿੜਕਾਅ ਕਰੋ।,چھڑکاؤ: اس وقت ہوا پرسکون ہے۔ اپنی فصلوں پر چھڑکاؤ اس سے پہلے کہ ہوا تیز ہو جائے اور آپ کی دوائی ضائع ہو جائے۔,छर्कने: अहिले हावा शान्त छ। हावा चल्नु र तपाईंको औषधि खेर जानु अघि नै आफ्नो बालीनालीमा छर्कनुहोस्।,ସିଞ୍ଚନ: ବର୍ତ୍ତମାନ ବାୟୁ ଶାନ୍ତ ଅଛି। ପବନ ବହିବା ଏବଂ ଔଷଧ ନଷ୍ଟ କରିବା ପୂର୍ବରୁ ଏବେ ଆପଣଙ୍କ ଫସଲରେ ସିଞ୍ଚନ କରନ୍ତୁ।,Before 10 AM,spray
Very Hot,Balanced,Breezy,Heavy Rain,fungal_risk,CAUTION,45,Monitor Fungal Risk,DISEASE ALERT: It is very damp and warm. Check your leaves for rot and use protection to save your harvest.,ರೋಗ ಎಚ್ಚರಿಕೆ: ಇದು ತುಂಬಾ ತೇವ ಮತ್ತು ಬೆಚ್ಚಗಿರುತ್ತದೆ. ನಿಮ್ಮ ಎಲೆಗಳನ್ನು ಕೊಳೆತಕ್ಕಾಗಿ ಪರಿಶೀಲಿಸಿ ಮತ್ತು ನಿಮ್ಮ ಬೆಳೆಯನ್ನು ಉಳಿಸಲು ರಕ್ಷಣೆಯನ್ನು ಬಳಸಿ.,रोग चेतावनी: मौसम बहुत नम और गर्म है। पत्तियों में सड़न की जांच करें और अपनी फसल को बचाने के लिए सुरक्षात्मक उपाय करें।,"நோய் எச்சரிக்கை: இது மிகவும் ஈரப்பதமாகவும் சூடாகவும் இருக்கும். உங்கள் இலைகளில் அழுகல் இருக்கிறதா என்று சரிபார்த்து, உங்கள் அறுவடையை சேமிக்க பாதுகாப்பைப் பயன்படுத்துங்கள்.",వ్యాధి హెచ్చరిక: ఇది చాలా తడిగా మరియు వెచ్చగా ఉంటుంది. మీ ఆకులు తెగులు కోసం తనిఖీ చేయండి మరియు మీ పంటను కాపాడటానికి రక్షణను ఉపయోగించండి.,രോഗ മുന്നറിയിപ്പ്: ഇത് വളരെ ഈർപ്പമുള്ളതും ചൂടുള്ളതുമാണ്. നിങ്ങളുടെ ഇലകൾ അഴുകുന്നുണ്ടോ എന്ന് പരിശോധിച്ച് നിങ്ങളുടെ വിള സംരക്ഷിക്കാൻ സംരക്ഷണം ഉപയോഗിക്കുക.,रोगाचा इशारा: हे खूप ओलसर आणि उबदार आहे. तुमची पाने कुजली आहेत का ते तपासा आणि तुमचे पीक वाचवण्यासाठी संरक्षण वापरा.,રોગની ચેતવણી: તે ખૂબ જ ભેજવાળી અને ગરમ છે. તમારા પાંદડા સડી ગયા છે કે નહીં તે તપાસો અને તમારા પાકને બચાવવા માટે રક્ષણનો ઉપયોગ કરો.,রোগের সতর্কতা: এটি খুব স্যাঁতসেঁতে এবং উষ্ণ। আপনার পাতা পচে গেছে কিনা তা পরীক্ষা করুন এবং আপনার ফসল বাঁচাতে সুরক্ষা ব্যবস্থা ব্যবহার করুন।,ਬਿਮਾਰੀ ਦੀ ਚੇਤਾਵਨੀ: ਇਹ ਬਹੁਤ ਗਿੱਲਾ ਅਤੇ ਗਰਮ ਹੈ। ਆਪਣੇ ਪੱਤਿਆਂ ਦੀ ਸੜਨ ਦੀ ਜਾਂਚ ਕਰੋ ਅਤੇ ਆਪਣੀ ਫ਼ਸਲ ਨੂੰ ਬਚਾਉਣ ਲਈ ਸੁਰੱਖਿਆ ਦੀ ਵਰਤੋਂ ਕਰੋ।,بیماری کا انتباہ: یہ بہت نم اور گرم ہے۔ اپنے پتوں کو سڑنے کے لیے چیک کریں اور اپنی فصل کو بچانے کے لیے تحفظ کا استعمال کریں۔,रोगको चेतावनी: यो धेरै ओसिलो र न्यानो छ। आफ्नो पातहरू कुहिन जाँच गर्नुहोस् र आफ्नो बाली बचाउन सुरक्षा प्रयोग गर्नुहोस्।,ରୋଗ ସତର୍କତା: ଏହା ବହୁତ ଓଦା ଏବଂ ଉଷ୍ମ। ଆପଣଙ୍କ ପତ୍ର ପଚିଛି କି ନାହିଁ ଯାଞ୍ଚ କରନ୍ତୁ ଏବଂ ଆପଣଙ୍କ ଫସଲକୁ ବଞ୍ଚାଇବା ପାଇଁ ସୁରକ୍ଷା ବ୍ୟବହାର କରନ୍ତୁ।,,warning
Very Hot,Balanced,Breezy,Heavy Rain,field_work,CAUTION,45,Limit Field Work Hours,FIELD WORK: It is getting very hot. Do your heavy work while it is still cool to keep yourself and your plants healthy.,ಕ್ಷೇತ್ರದ ಕೆಲಸ: ತುಂಬಾ ಬಿಸಿಯಾಗುತ್ತಿದೆ. ನಿಮ್ಮನ್ನು ಮತ್ತು ನಿಮ್ಮ ಸಸ್ಯಗಳನ್ನು ಆರೋಗ್ಯವಾಗಿಡಲು ತಂಪಾಗಿರುವಾಗಲೇ ನಿಮ್ಮ ಭಾರವಾದ ಕೆಲಸವನ್ನು ಮಾಡಿ.,"खेत का काम: बहुत गर्मी पड़ रही है। अपना भारी काम तब करें जब मौसम ठंडा हो, ताकि आप और आपके पौधे स्वस्थ रहें।","களப்பணி: மிகவும் சூடாகி வருகிறது. உங்களையும் உங்கள் தாவரங்களையும் ஆரோக்கியமாக வைத்திருக்க, குளிர்ச்சியாக இருக்கும்போதே உங்கள் கனமான வேலையைச் செய்யுங்கள்.",ఫీల్డ్ వర్క్: చాలా వేడిగా ఉంది. మిమ్మల్ని మరియు మీ మొక్కలను ఆరోగ్యంగా ఉంచుకోవడానికి చల్లగా ఉన్నప్పుడే మీ భారీ పని చేయండి.,വയലിലെ ജോലി: ചൂട് കൂടിവരികയാണ്. നിങ്ങളെയും നിങ്ങളുടെ ചെടികളെയും ആരോഗ്യത്തോടെ നിലനിർത്താൻ തണുപ്പുള്ളപ്പോൾ തന്നെ ഭാരിച്ച ജോലികൾ ചെയ്യുക.,शेतातील काम: खूप उष्णता वाढत आहे. स्वतःला आणि तुमच्या झाडांना निरोगी ठेवण्यासाठी थंड असतानाच तुमचे जड काम करा.,ખેતરમાં કામ: ખૂબ ગરમી પડી રહી છે. ઠંડી હોય ત્યારે ભારે કામ કરો જેથી તમારી જાતને અને તમારા છોડને સ્વસ્થ રાખી શકાય.,মাঠের কাজ: খুব গরম পড়ছে। নিজেকে এবং আপনার গাছপালা সুস্থ রাখতে ঠান্ডা থাকতেই ভারী কাজ করুন।,ਖੇਤ ਦਾ ਕੰਮ: ਬਹੁਤ ਗਰਮੀ ਪੈ ਰਹੀ ਹੈ। ਆਪਣੇ ਆਪ ਨੂੰ ਅਤੇ ਆਪਣੇ ਪੌਦਿਆਂ ਨੂੰ ਸਿਹਤਮੰਦ ਰੱਖਣ ਲਈ ਠੰਡਾ ਹੋਣ ਤੱਕ ਆਪਣਾ ਭਾਰੀ ਕੰਮ ਕਰੋ।,فیلڈ ورک: یہ بہت گرم ہو رہا ہے۔ اپنے آپ کو اور اپنے پودوں کو صحت مند رکھنے کے لیے ٹھنڈا ہونے کے دوران اپنا بھاری کام کریں۔,खेतबारीको काम: धेरै गर्मी भइरहेको छ। आफू र आफ्ना बिरुवाहरूलाई स्वस्थ राख्न चिसो हुँदा नै आफ्नो भारी काम गर्नुहोस्।,କ୍ଷେତ କାମ: ବହୁତ ଗରମ ହେଉଛି। ନିଜକୁ ଏବଂ ଆପଣଙ୍କ ଗଛଗୁଡ଼ିକୁ ସୁସ୍ଥ ରଖିବା ପାଇଁ ଥଣ୍ଡା ଥିବା ସମୟରେ ଆପଣଙ୍କର କଠିନ କାମ କରନ୍ତୁ।,Before 10 AM or After 5 PM,tractor
Very Hot,Balanced,Strong Gusts,Dry,irrigation,CAUTION,45,Irrigation Caution,WATERING: The ground is dry. Best to water in the early morning so the plants stay strong during the heat.,"ನೀರುಹಾಕುವುದು: ನೆಲ ಒಣಗಿದೆ. ಬೆಳಿಗ್ಗೆ ಬೇಗನೆ ನೀರು ಹಾಕುವುದು ಉತ್ತಮ, ಇದರಿಂದ ಸಸ್ಯಗಳು ಶಾಖದ ಸಮಯದಲ್ಲಿ ಬಲವಾಗಿರುತ್ತವೆ.",पानी देना: मिट्टी सूखी है। पौधों को गर्मी के दौरान स्वस्थ रखने के लिए सुबह जल्दी पानी देना सबसे अच्छा है।,"நீர்ப்பாசனம்: நிலம் வறண்டு உள்ளது. அதிகாலையில் தண்ணீர் பாய்ச்சுவது நல்லது, இதனால் வெப்பத்தின் போது தாவரங்கள் வலுவாக இருக்கும்.","నీరు త్రాగుట: నేల పొడిగా ఉంటుంది. ఉదయాన్నే నీరు పోయడం మంచిది, తద్వారా వేడి సమయంలో మొక్కలు బలంగా ఉంటాయి.","നനവ്: നിലം വരണ്ടതാണ്. അതിരാവിലെ നനയ്ക്കുന്നതാണ് നല്ലത്, അങ്ങനെ ചൂടിൽ ചെടികൾ ശക്തമായി നിലനിൽക്കും.",पाणी देणे: जमीन कोरडी आहे. सकाळी लवकर पाणी देणे चांगले जेणेकरून उष्णतेमध्ये झाडे मजबूत राहतील.,પાણી આપવું: જમીન સૂકી છે. ગરમી દરમિયાન છોડ મજબૂત રહે તે માટે વહેલી સવારે પાણી આપવું શ્રેષ્ઠ છે.,"জল দেওয়া: মাটি শুষ্ক। খুব ভোরে জল দেওয়া ভালো, যাতে গরমের সময় গাছপালা শক্তিশালী থাকে।",ਪਾਣੀ ਦੇਣਾ: ਜ਼ਮੀਨ ਸੁੱਕੀ ਹੈ। ਸਵੇਰੇ ਜਲਦੀ ਪਾਣੀ ਦੇਣਾ ਸਭ ਤੋਂ ਵਧੀਆ ਹੈ ਤਾਂ ਜੋ ਪੌਦੇ ਗਰਮੀ ਦੌਰਾਨ ਮਜ਼ਬੂਤ ​​ਰਹਿਣ।,پانی دینا: زمین خشک ہے۔ صبح سویرے پانی دینا بہتر ہے تاکہ گرمی کے دوران پودے مضبوط رہیں۔,पानी हाल्ने: जमिन सुख्खा छ। बिहान सबेरै पानी हाल्नु राम्रो हुन्छ ताकि गर्मीको समयमा बिरुवाहरू बलियो रहून्।,ପାଣି ଦେବା: ଜମି ଶୁଖିଲା ଅଛି। ଗରମ ସମୟରେ ଗଛଗୁଡ଼ିକ ଶକ୍ତିଶାଳୀ ରହିବା ପାଇଁ ସକାଳୁ ପାଣି ଦେବା ଭଲ।,Before 8 AM,droplet
Very Hot,Balanced,Strong Gusts,Dry,spraying,CAUTION,45,Spray With Caution,SPRAYING: The air is calm right now. Spray your crops now before the wind picks up and wastes your medicine.,ಸಿಂಪಡಣೆ: ಗಾಳಿ ಈಗ ಶಾಂತವಾಗಿದೆ. ಗಾಳಿ ಬೀಸಿ ನಿಮ್ಮ ಔಷಧ ವ್ಯರ್ಥವಾಗುವ ಮೊದಲು ನಿಮ್ಮ ಬೆಳೆಗಳಿಗೆ ಈಗಲೇ ಸಿಂಪಡಿಸಿ.,छिड़काव: इस समय हवा शांत है। हवा चलने और दवा बर्बाद होने से पहले अपनी फसलों पर छिड़काव करें।,தெளித்தல்: காற்று இப்போது அமைதியாக இருக்கிறது. காற்று வீசி உங்கள் மருந்தை வீணாக்கும் முன் உங்கள் பயிர்களுக்கு இப்போதே தெளிக்கவும்.,స్ప్రేయింగ్: ప్రస్తుతం గాలి ప్రశాంతంగా ఉంది. గాలి వీచి మీ ఔషధం వృధా అయ్యేలోపు మీ పంటలపై ఇప్పుడే పిచికారీ చేయండి.,സ്പ്രേയിംഗ്: ഇപ്പോൾ വായു ശാന്തമാണ്. കാറ്റ് വീശി നിങ്ങളുടെ മരുന്നുകൾ പാഴാക്കുന്നതിനുമുമ്പ് നിങ്ങളുടെ വിളകൾക്ക് ഇപ്പോൾ തന്നെ തളിക്കുക.,फवारणी: सध्या हवा शांत आहे. वारा येऊन तुमचे औषध वाया जाण्यापूर्वी आत्ताच तुमच्या पिकांवर फवारणी करा.,છંટકાવ: અત્યારે હવા શાંત છે. પવન ફૂંકાય અને તમારી દવા બગાડે તે પહેલાં હમણાં જ તમારા પાક પર છંટકાવ કરો.,স্প্রে করা: বাতাস এখন শান্ত। বাতাস বইতে শুরু করে এবং আপনার ওষুধ নষ্ট করার আগে এখনই আপনার ফসলে স্প্রে করুন।,ਛਿੜਕਾਅ: ਇਸ ਵੇਲੇ ਹਵਾ ਸ਼ਾਂਤ ਹੈ। ਹਵਾ ਚੱਲਣ ਅਤੇ ਤੁਹਾਡੀ ਦਵਾਈ ਬਰਬਾਦ ਹੋਣ ਤੋਂ ਪਹਿਲਾਂ ਆਪਣੀਆਂ ਫਸਲਾਂ 'ਤੇ ਹੁਣੇ ਛਿੜਕਾਅ ਕਰੋ।,چھڑکاؤ: اس وقت ہوا پرسکون ہے۔ اپنی فصلوں پر چھڑکاؤ اس سے پہلے کہ ہوا تیز ہو جائے اور آپ کی دوائی ضائع ہو جائے۔,छर्कने: अहिले हावा शान्त छ। हावा चल्नु र तपाईंको औषधि खेर जानु अघि नै आफ्नो बालीनालीमा छर्कनुहोस्।,ସିଞ୍ଚନ: ବର୍ତ୍ତମାନ ବାୟୁ ଶାନ୍ତ ଅଛି। ପବନ ବହିବା ଏବଂ ଔଷଧ ନଷ୍ଟ କରିବା ପୂର୍ବରୁ ଏବେ ଆପଣଙ୍କ ଫସଲରେ ସିଞ୍ଚନ କରନ୍ତୁ।,Before 10 AM,spray
Very Hot,Balanced,Strong Gusts,Dry,fungal_risk,CAUTION,45,Monitor Fungal Risk,DISEASE ALERT: It is very damp and warm. Check your leaves for rot and use protection to save your harvest.,ರೋಗ ಎಚ್ಚರಿಕೆ: ಇದು ತುಂಬಾ ತೇವ ಮತ್ತು ಬೆಚ್ಚಗಿರುತ್ತದೆ. ನಿಮ್ಮ ಎಲೆಗಳನ್ನು ಕೊಳೆತಕ್ಕಾಗಿ ಪರಿಶೀಲಿಸಿ ಮತ್ತು ನಿಮ್ಮ ಬೆಳೆಯನ್ನು ಉಳಿಸಲು ರಕ್ಷಣೆಯನ್ನು ಬಳಸಿ.,रोग चेतावनी: मौसम बहुत नम और गर्म है। पत्तियों में सड़न की जांच करें और अपनी फसल को बचाने के लिए सुरक्षात्मक उपाय करें।,"நோய் எச்சரிக்கை: இது மிகவும் ஈரப்பதமாகவும் சூடாகவும் இருக்கும். உங்கள் இலைகளில் அழுகல் இருக்கிறதா என்று சரிபார்த்து, உங்கள் அறுவடையை சேமிக்க பாதுகாப்பைப் பயன்படுத்துங்கள்.",వ్యాధి హెచ్చరిక: ఇది చాలా తడిగా మరియు వెచ్చగా ఉంటుంది. మీ ఆకులు తెగులు కోసం తనిఖీ చేయండి మరియు మీ పంటను కాపాడటానికి రక్షణను ఉపయోగించండి.,രോഗ മുന്നറിയിപ്പ്: ഇത് വളരെ ഈർപ്പമുള്ളതും ചൂടുള്ളതുമാണ്. നിങ്ങളുടെ ഇലകൾ അഴുകുന്നുണ്ടോ എന്ന് പരിശോധിച്ച് നിങ്ങളുടെ വിള സംരക്ഷിക്കാൻ സംരക്ഷണം ഉപയോഗിക്കുക.,रोगाचा इशारा: हे खूप ओलसर आणि उबदार आहे. तुमची पाने कुजली आहेत का ते तपासा आणि तुमचे पीक वाचवण्यासाठी संरक्षण वापरा.,રોગની ચેતવણી: તે ખૂબ જ ભેજવાળી અને ગરમ છે. તમારા પાંદડા સડી ગયા છે કે નહીં તે તપાસો અને તમારા પાકને બચાવવા માટે રક્ષણનો ઉપયોગ કરો.,রোগের সতর্কতা: এটি খুব স্যাঁতসেঁতে এবং উষ্ণ। আপনার পাতা পচে গেছে কিনা তা পরীক্ষা করুন এবং আপনার ফসল বাঁচাতে সুরক্ষা ব্যবস্থা ব্যবহার করুন।,ਬਿਮਾਰੀ ਦੀ ਚੇਤਾਵਨੀ: ਇਹ ਬਹੁਤ ਗਿੱਲਾ ਅਤੇ ਗਰਮ ਹੈ। ਆਪਣੇ ਪੱਤਿਆਂ ਦੀ ਸੜਨ ਦੀ ਜਾਂਚ ਕਰੋ ਅਤੇ ਆਪਣੀ ਫ਼ਸਲ ਨੂੰ ਬਚਾਉਣ ਲਈ ਸੁਰੱਖਿਆ ਦੀ ਵਰਤੋਂ ਕਰੋ।,بیماری کا انتباہ: یہ بہت نم اور گرم ہے۔ اپنے پتوں کو سڑنے کے لیے چیک کریں اور اپنی فصل کو بچانے کے لیے تحفظ کا استعمال کریں۔,रोगको चेतावनी: यो धेरै ओसिलो र न्यानो छ। आफ्नो पातहरू कुहिन जाँच गर्नुहोस् र आफ्नो बाली बचाउन सुरक्षा प्रयोग गर्नुहोस्।,ରୋଗ ସତର୍କତା: ଏହା ବହୁତ ଓଦା ଏବଂ ଉଷ୍ମ। ଆପଣଙ୍କ ପତ୍ର ପଚିଛି କି ନାହିଁ ଯାଞ୍ଚ କରନ୍ତୁ ଏବଂ ଆପଣଙ୍କ ଫସଲକୁ ବଞ୍ଚାଇବା ପାଇଁ ସୁରକ୍ଷା ବ୍ୟବହାର କରନ୍ତୁ।,,warning
Very Hot,Balanced,Strong Gusts,Dry,field_work,CAUTION,45,Limit Field Work Hours,FIELD WORK: It is getting very hot. Do your heavy work while it is still cool to keep yourself and your plants healthy.,ಕ್ಷೇತ್ರದ ಕೆಲಸ: ತುಂಬಾ ಬಿಸಿಯಾಗುತ್ತಿದೆ. ನಿಮ್ಮನ್ನು ಮತ್ತು ನಿಮ್ಮ ಸಸ್ಯಗಳನ್ನು ಆರೋಗ್ಯವಾಗಿಡಲು ತಂಪಾಗಿರುವಾಗಲೇ ನಿಮ್ಮ ಭಾರವಾದ ಕೆಲಸವನ್ನು ಮಾಡಿ.,"खेत का काम: बहुत गर्मी पड़ रही है। अपना भारी काम तब करें जब मौसम ठंडा हो, ताकि आप और आपके पौधे स्वस्थ रहें।","களப்பணி: மிகவும் சூடாகி வருகிறது. உங்களையும் உங்கள் தாவரங்களையும் ஆரோக்கியமாக வைத்திருக்க, குளிர்ச்சியாக இருக்கும்போதே உங்கள் கனமான வேலையைச் செய்யுங்கள்.",ఫీల్డ్ వర్క్: చాలా వేడిగా ఉంది. మిమ్మల్ని మరియు మీ మొక్కలను ఆరోగ్యంగా ఉంచుకోవడానికి చల్లగా ఉన్నప్పుడే మీ భారీ పని చేయండి.,വയലിലെ ജോലി: ചൂട് കൂടിവരികയാണ്. നിങ്ങളെയും നിങ്ങളുടെ ചെടികളെയും ആരോഗ്യത്തോടെ നിലനിർത്താൻ തണുപ്പുള്ളപ്പോൾ തന്നെ ഭാരിച്ച ജോലികൾ ചെയ്യുക.,शेतातील काम: खूप उष्णता वाढत आहे. स्वतःला आणि तुमच्या झाडांना निरोगी ठेवण्यासाठी थंड असतानाच तुमचे जड काम करा.,ખેતરમાં કામ: ખૂબ ગરમી પડી રહી છે. ઠંડી હોય ત્યારે ભારે કામ કરો જેથી તમારી જાતને અને તમારા છોડને સ્વસ્થ રાખી શકાય.,মাঠের কাজ: খুব গরম পড়ছে। নিজেকে এবং আপনার গাছপালা সুস্থ রাখতে ঠান্ডা থাকতেই ভারী কাজ করুন।,ਖੇਤ ਦਾ ਕੰਮ: ਬਹੁਤ ਗਰਮੀ ਪੈ ਰਹੀ ਹੈ। ਆਪਣੇ ਆਪ ਨੂੰ ਅਤੇ ਆਪਣੇ ਪੌਦਿਆਂ ਨੂੰ ਸਿਹਤਮੰਦ ਰੱਖਣ ਲਈ ਠੰਡਾ ਹੋਣ ਤੱਕ ਆਪਣਾ ਭਾਰੀ ਕੰਮ ਕਰੋ।,فیلڈ ورک: یہ بہت گرم ہو رہا ہے۔ اپنے آپ کو اور اپنے پودوں کو صحت مند رکھنے کے لیے ٹھنڈا ہونے کے دوران اپنا بھاری کام کریں۔,खेतबारीको काम: धेरै गर्मी भइरहेको छ। आफू र आफ्ना बिरुवाहरूलाई स्वस्थ राख्न चिसो हुँदा नै आफ्नो भारी काम गर्नुहोस्।,କ୍ଷେତ କାମ: ବହୁତ ଗରମ ହେଉଛି। ନିଜକୁ ଏବଂ ଆପଣଙ୍କ ଗଛଗୁଡ଼ିକୁ ସୁସ୍ଥ ରଖିବା ପାଇଁ ଥଣ୍ଡା ଥିବା ସମୟରେ ଆପଣଙ୍କର କଠିନ କାମ କରନ୍ତୁ।,Before 10 AM or After 5 PM,tractor
Very Hot,Balanced,Strong Gusts,Light Rain,irrigation,CAUTION,45,Irrigation Caution,WATERING: The ground is dry. Best to water in the early morning so the plants stay strong during the heat.,"ನೀರುಹಾಕುವುದು: ನೆಲ ಒಣಗಿದೆ. ಬೆಳಿಗ್ಗೆ ಬೇಗನೆ ನೀರು ಹಾಕುವುದು ಉತ್ತಮ, ಇದರಿಂದ ಸಸ್ಯಗಳು ಶಾಖದ ಸಮಯದಲ್ಲಿ ಬಲವಾಗಿರುತ್ತವೆ.",पानी देना: मिट्टी सूखी है। पौधों को गर्मी के दौरान स्वस्थ रखने के लिए सुबह जल्दी पानी देना सबसे अच्छा है।,"நீர்ப்பாசனம்: நிலம் வறண்டு உள்ளது. அதிகாலையில் தண்ணீர் பாய்ச்சுவது நல்லது, இதனால் வெப்பத்தின் போது தாவரங்கள் வலுவாக இருக்கும்.","నీరు త్రాగుట: నేల పొడిగా ఉంటుంది. ఉదయాన్నే నీరు పోయడం మంచిది, తద్వారా వేడి సమయంలో మొక్కలు బలంగా ఉంటాయి.","നനവ്: നിലം വരണ്ടതാണ്. അതിരാവിലെ നനയ്ക്കുന്നതാണ് നല്ലത്, അങ്ങനെ ചൂടിൽ ചെടികൾ ശക്തമായി നിലനിൽക്കും.",पाणी देणे: जमीन कोरडी आहे. सकाळी लवकर पाणी देणे चांगले जेणेकरून उष्णतेमध्ये झाडे मजबूत राहतील.,પાણી આપવું: જમીન સૂકી છે. ગરમી દરમિયાન છોડ મજબૂત રહે તે માટે વહેલી સવારે પાણી આપવું શ્રેષ્ઠ છે.,"জল দেওয়া: মাটি শুষ্ক। খুব ভোরে জল দেওয়া ভালো, যাতে গরমের সময় গাছপালা শক্তিশালী থাকে।",ਪਾਣੀ ਦੇਣਾ: ਜ਼ਮੀਨ ਸੁੱਕੀ ਹੈ। ਸਵੇਰੇ ਜਲਦੀ ਪਾਣੀ ਦੇਣਾ ਸਭ ਤੋਂ ਵਧੀਆ ਹੈ ਤਾਂ ਜੋ ਪੌਦੇ ਗਰਮੀ ਦੌਰਾਨ ਮਜ਼ਬੂਤ ​​ਰਹਿਣ।,پانی دینا: زمین خشک ہے۔ صبح سویرے پانی دینا بہتر ہے تاکہ گرمی کے دوران پودے مضبوط رہیں۔,पानी हाल्ने: जमिन सुख्खा छ। बिहान सबेरै पानी हाल्नु राम्रो हुन्छ ताकि गर्मीको समयमा बिरुवाहरू बलियो रहून्।,ପାଣି ଦେବା: ଜମି ଶୁଖିଲା ଅଛି। ଗରମ ସମୟରେ ଗଛଗୁଡ଼ିକ ଶକ୍ତିଶାଳୀ ରହିବା ପାଇଁ ସକାଳୁ ପାଣି ଦେବା ଭଲ।,Before 8 AM,droplet
Very Hot,Balanced,Strong Gusts,Light Rain,spraying,CAUTION,45,Spray With Caution,SPRAYING: The air is calm right now. Spray your crops now before the wind picks up and wastes your medicine.,ಸಿಂಪಡಣೆ: ಗಾಳಿ ಈಗ ಶಾಂತವಾಗಿದೆ. ಗಾಳಿ ಬೀಸಿ ನಿಮ್ಮ ಔಷಧ ವ್ಯರ್ಥವಾಗುವ ಮೊದಲು ನಿಮ್ಮ ಬೆಳೆಗಳಿಗೆ ಈಗಲೇ ಸಿಂಪಡಿಸಿ.,छिड़काव: इस समय हवा शांत है। हवा चलने और दवा बर्बाद होने से पहले अपनी फसलों पर छिड़काव करें।,தெளித்தல்: காற்று இப்போது அமைதியாக இருக்கிறது. காற்று வீசி உங்கள் மருந்தை வீணாக்கும் முன் உங்கள் பயிர்களுக்கு இப்போதே தெளிக்கவும்.,స్ప్రేయింగ్: ప్రస్తుతం గాలి ప్రశాంతంగా ఉంది. గాలి వీచి మీ ఔషధం వృధా అయ్యేలోపు మీ పంటలపై ఇప్పుడే పిచికారీ చేయండి.,സ്പ്രേയിംഗ്: ഇപ്പോൾ വായു ശാന്തമാണ്. കാറ്റ് വീശി നിങ്ങളുടെ മരുന്നുകൾ പാഴാക്കുന്നതിനുമുമ്പ് നിങ്ങളുടെ വിളകൾക്ക് ഇപ്പോൾ തന്നെ തളിക്കുക.,फवारणी: सध्या हवा शांत आहे. वारा येऊन तुमचे औषध वाया जाण्यापूर्वी आत्ताच तुमच्या पिकांवर फवारणी करा.,છંટકાવ: અત્યારે હવા શાંત છે. પવન ફૂંકાય અને તમારી દવા બગાડે તે પહેલાં હમણાં જ તમારા પાક પર છંટકાવ કરો.,স্প্রে করা: বাতাস এখন শান্ত। বাতাস বইতে শুরু করে এবং আপনার ওষুধ নষ্ট করার আগে এখনই আপনার ফসলে স্প্রে করুন।,ਛਿੜਕਾਅ: ਇਸ ਵੇਲੇ ਹਵਾ ਸ਼ਾਂਤ ਹੈ। ਹਵਾ ਚੱਲਣ ਅਤੇ ਤੁਹਾਡੀ ਦਵਾਈ ਬਰਬਾਦ ਹੋਣ ਤੋਂ ਪਹਿਲਾਂ ਆਪਣੀਆਂ ਫਸਲਾਂ 'ਤੇ ਹੁਣੇ ਛਿੜਕਾਅ ਕਰੋ।,چھڑکاؤ: اس وقت ہوا پرسکون ہے۔ اپنی فصلوں پر چھڑکاؤ اس سے پہلے کہ ہوا تیز ہو جائے اور آپ کی دوائی ضائع ہو جائے۔,छर्कने: अहिले हावा शान्त छ। हावा चल्नु र तपाईंको औषधि खेर जानु अघि नै आफ्नो बालीनालीमा छर्कनुहोस्।,ସିଞ୍ଚନ: ବର୍ତ୍ତମାନ ବାୟୁ ଶାନ୍ତ ଅଛି। ପବନ ବହିବା ଏବଂ ଔଷଧ ନଷ୍ଟ କରିବା ପୂର୍ବରୁ ଏବେ ଆପଣଙ୍କ ଫସଲରେ ସିଞ୍ଚନ କରନ୍ତୁ।,Before 10 AM,spray
Very Hot,Balanced,Strong Gusts,Light Rain,fungal_risk,CAUTION,45,Monitor Fungal Risk,DISEASE ALERT: It is very damp and warm. Check your leaves for rot and use protection to save your harvest.,ರೋಗ ಎಚ್ಚರಿಕೆ: ಇದು ತುಂಬಾ ತೇವ ಮತ್ತು ಬೆಚ್ಚಗಿರುತ್ತದೆ. ನಿಮ್ಮ ಎಲೆಗಳನ್ನು ಕೊಳೆತಕ್ಕಾಗಿ ಪರಿಶೀಲಿಸಿ ಮತ್ತು ನಿಮ್ಮ ಬೆಳೆಯನ್ನು ಉಳಿಸಲು ರಕ್ಷಣೆಯನ್ನು ಬಳಸಿ.,रोग चेतावनी: मौसम बहुत नम और गर्म है। पत्तियों में सड़न की जांच करें और अपनी फसल को बचाने के लिए सुरक्षात्मक उपाय करें।,"நோய் எச்சரிக்கை: இது மிகவும் ஈரப்பதமாகவும் சூடாகவும் இருக்கும். உங்கள் இலைகளில் அழுகல் இருக்கிறதா என்று சரிபார்த்து, உங்கள் அறுவடையை சேமிக்க பாதுகாப்பைப் பயன்படுத்துங்கள்.",వ్యాధి హెచ్చరిక: ఇది చాలా తడిగా మరియు వెచ్చగా ఉంటుంది. మీ ఆకులు తెగులు కోసం తనిఖీ చేయండి మరియు మీ పంటను కాపాడటానికి రక్షణను ఉపయోగించండి.,രോഗ മുന്നറിയിപ്പ്: ഇത് വളരെ ഈർപ്പമുള്ളതും ചൂടുള്ളതുമാണ്. നിങ്ങളുടെ ഇലകൾ അഴുകുന്നുണ്ടോ എന്ന് പരിശോധിച്ച് നിങ്ങളുടെ വിള സംരക്ഷിക്കാൻ സംരക്ഷണം ഉപയോഗിക്കുക.,रोगाचा इशारा: हे खूप ओलसर आणि उबदार आहे. तुमची पाने कुजली आहेत का ते तपासा आणि तुमचे पीक वाचवण्यासाठी संरक्षण वापरा.,રોગની ચેતવણી: તે ખૂબ જ ભેજવાળી અને ગરમ છે. તમારા પાંદડા સડી ગયા છે કે નહીં તે તપાસો અને તમારા પાકને બચાવવા માટે રક્ષણનો ઉપયોગ કરો.,রোগের সতর্কতা: এটি খুব স্যাঁতসেঁতে এবং উষ্ণ। আপনার পাতা পচে গেছে কিনা তা পরীক্ষা করুন এবং আপনার ফসল বাঁচাতে সুরক্ষা ব্যবস্থা ব্যবহার করুন।,ਬਿਮਾਰੀ ਦੀ ਚੇਤਾਵਨੀ: ਇਹ ਬਹੁਤ ਗਿੱਲਾ ਅਤੇ ਗਰਮ ਹੈ। ਆਪਣੇ ਪੱਤਿਆਂ ਦੀ ਸੜਨ ਦੀ ਜਾਂਚ ਕਰੋ ਅਤੇ ਆਪਣੀ ਫ਼ਸਲ ਨੂੰ ਬਚਾਉਣ ਲਈ ਸੁਰੱਖਿਆ ਦੀ ਵਰਤੋਂ ਕਰੋ।,بیماری کا انتباہ: یہ بہت نم اور گرم ہے۔ اپنے پتوں کو سڑنے کے لیے چیک کریں اور اپنی فصل کو بچانے کے لیے تحفظ کا استعمال کریں۔,रोगको चेतावनी: यो धेरै ओसिलो र न्यानो छ। आफ्नो पातहरू कुहिन जाँच गर्नुहोस् र आफ्नो बाली बचाउन सुरक्षा प्रयोग गर्नुहोस्।,ରୋଗ ସତର୍କତା: ଏହା ବହୁତ ଓଦା ଏବଂ ଉଷ୍ମ। ଆପଣଙ୍କ ପତ୍ର ପଚିଛି କି ନାହିଁ ଯାଞ୍ଚ କରନ୍ତୁ ଏବଂ ଆପଣଙ୍କ ଫସଲକୁ ବଞ୍ଚାଇବା ପାଇଁ ସୁରକ୍ଷା ବ୍ୟବହାର କରନ୍ତୁ।,,warning
Very Hot,Balanced,Strong Gusts,Light Rain,field_work,CAUTION,45,Limit Field Work Hours,FIELD WORK: It is getting very hot. Do your heavy work while it is still cool to keep yourself and your plants healthy.,ಕ್ಷೇತ್ರದ ಕೆಲಸ: ತುಂಬಾ ಬಿಸಿಯಾಗುತ್ತಿದೆ. ನಿಮ್ಮನ್ನು ಮತ್ತು ನಿಮ್ಮ ಸಸ್ಯಗಳನ್ನು ಆರೋಗ್ಯವಾಗಿಡಲು ತಂಪಾಗಿರುವಾಗಲೇ ನಿಮ್ಮ ಭಾರವಾದ ಕೆಲಸವನ್ನು ಮಾಡಿ.,"खेत का काम: बहुत गर्मी पड़ रही है। अपना भारी काम तब करें जब मौसम ठंडा हो, ताकि आप और आपके पौधे स्वस्थ रहें।","களப்பணி: மிகவும் சூடாகி வருகிறது. உங்களையும் உங்கள் தாவரங்களையும் ஆரோக்கியமாக வைத்திருக்க, குளிர்ச்சியாக இருக்கும்போதே உங்கள் கனமான வேலையைச் செய்யுங்கள்.",ఫీల్డ్ వర్క్: చాలా వేడిగా ఉంది. మిమ్మల్ని మరియు మీ మొక్కలను ఆరోగ్యంగా ఉంచుకోవడానికి చల్లగా ఉన్నప్పుడే మీ భారీ పని చేయండి.,വയലിലെ ജോലി: ചൂട് കൂടിവരികയാണ്. നിങ്ങളെയും നിങ്ങളുടെ ചെടികളെയും ആരോഗ്യത്തോടെ നിലനിർത്താൻ തണുപ്പുള്ളപ്പോൾ തന്നെ ഭാരിച്ച ജോലികൾ ചെയ്യുക.,शेतातील काम: खूप उष्णता वाढत आहे. स्वतःला आणि तुमच्या झाडांना निरोगी ठेवण्यासाठी थंड असतानाच तुमचे जड काम करा.,ખેતરમાં કામ: ખૂબ ગરમી પડી રહી છે. ઠંડી હોય ત્યારે ભારે કામ કરો જેથી તમારી જાતને અને તમારા છોડને સ્વસ્થ રાખી શકાય.,মাঠের কাজ: খুব গরম পড়ছে। নিজেকে এবং আপনার গাছপালা সুস্থ রাখতে ঠান্ডা থাকতেই ভারী কাজ করুন।,ਖੇਤ ਦਾ ਕੰਮ: ਬਹੁਤ ਗਰਮੀ ਪੈ ਰਹੀ ਹੈ। ਆਪਣੇ ਆਪ ਨੂੰ ਅਤੇ ਆਪਣੇ ਪੌਦਿਆਂ ਨੂੰ ਸਿਹਤਮੰਦ ਰੱਖਣ ਲਈ ਠੰਡਾ ਹੋਣ ਤੱਕ ਆਪਣਾ ਭਾਰੀ ਕੰਮ ਕਰੋ।,فیلڈ ورک: یہ بہت گرم ہو رہا ہے۔ اپنے آپ کو اور اپنے پودوں کو صحت مند رکھنے کے لیے ٹھنڈا ہونے کے دوران اپنا بھاری کام کریں۔,खेतबारीको काम: धेरै गर्मी भइरहेको छ। आफू र आफ्ना बिरुवाहरूलाई स्वस्थ राख्न चिसो हुँदा नै आफ्नो भारी काम गर्नुहोस्।,କ୍ଷେତ କାମ: ବହୁତ ଗରମ ହେଉଛି। ନିଜକୁ ଏବଂ ଆପଣଙ୍କ ଗଛଗୁଡ଼ିକୁ ସୁସ୍ଥ ରଖିବା ପାଇଁ ଥଣ୍ଡା ଥିବା ସମୟରେ ଆପଣଙ୍କର କଠିନ କାମ କରନ୍ତୁ।,Before 10 AM or After 5 PM,tractor
Very Hot,Balanced,Strong Gusts,Heavy Rain,irrigation,CAUTION,45,Irrigation Caution,WATERING: The ground is dry. Best to water in the early morning so the plants stay strong during the heat.,"ನೀರುಹಾಕುವುದು: ನೆಲ ಒಣಗಿದೆ. ಬೆಳಿಗ್ಗೆ ಬೇಗನೆ ನೀರು ಹಾಕುವುದು ಉತ್ತಮ, ಇದರಿಂದ ಸಸ್ಯಗಳು ಶಾಖದ ಸಮಯದಲ್ಲಿ ಬಲವಾಗಿರುತ್ತವೆ.",पानी देना: मिट्टी सूखी है। पौधों को गर्मी के दौरान स्वस्थ रखने के लिए सुबह जल्दी पानी देना सबसे अच्छा है।,"நீர்ப்பாசனம்: நிலம் வறண்டு உள்ளது. அதிகாலையில் தண்ணீர் பாய்ச்சுவது நல்லது, இதனால் வெப்பத்தின் போது தாவரங்கள் வலுவாக இருக்கும்.","నీరు త్రాగుట: నేల పొడిగా ఉంటుంది. ఉదయాన్నే నీరు పోయడం మంచిది, తద్వారా వేడి సమయంలో మొక్కలు బలంగా ఉంటాయి.","നനവ്: നിലം വരണ്ടതാണ്. അതിരാവിലെ നനയ്ക്കുന്നതാണ് നല്ലത്, അങ്ങനെ ചൂടിൽ ചെടികൾ ശക്തമായി നിലനിൽക്കും.",पाणी देणे: जमीन कोरडी आहे. सकाळी लवकर पाणी देणे चांगले जेणेकरून उष्णतेमध्ये झाडे मजबूत राहतील.,પાણી આપવું: જમીન સૂકી છે. ગરમી દરમિયાન છોડ મજબૂત રહે તે માટે વહેલી સવારે પાણી આપવું શ્રેષ્ઠ છે.,"জল দেওয়া: মাটি শুষ্ক। খুব ভোরে জল দেওয়া ভালো, যাতে গরমের সময় গাছপালা শক্তিশালী থাকে।",ਪਾਣੀ ਦੇਣਾ: ਜ਼ਮੀਨ ਸੁੱਕੀ ਹੈ। ਸਵੇਰੇ ਜਲਦੀ ਪਾਣੀ ਦੇਣਾ ਸਭ ਤੋਂ ਵਧੀਆ ਹੈ ਤਾਂ ਜੋ ਪੌਦੇ ਗਰਮੀ ਦੌਰਾਨ ਮਜ਼ਬੂਤ ​​ਰਹਿਣ।,پانی دینا: زمین خشک ہے۔ صبح سویرے پانی دینا بہتر ہے تاکہ گرمی کے دوران پودے مضبوط رہیں۔,पानी हाल्ने: जमिन सुख्खा छ। बिहान सबेरै पानी हाल्नु राम्रो हुन्छ ताकि गर्मीको समयमा बिरुवाहरू बलियो रहून्।,ପାଣି ଦେବା: ଜମି ଶୁଖିଲା ଅଛି। ଗରମ ସମୟରେ ଗଛଗୁଡ଼ିକ ଶକ୍ତିଶାଳୀ ରହିବା ପାଇଁ ସକାଳୁ ପାଣି ଦେବା ଭଲ।,Before 8 AM,droplet
Very Hot,Balanced,Strong Gusts,Heavy Rain,spraying,CAUTION,45,Spray With Caution,SPRAYING: The air is calm right now. Spray your crops now before the wind picks up and wastes your medicine.,ಸಿಂಪಡಣೆ: ಗಾಳಿ ಈಗ ಶಾಂತವಾಗಿದೆ. ಗಾಳಿ ಬೀಸಿ ನಿಮ್ಮ ಔಷಧ ವ್ಯರ್ಥವಾಗುವ ಮೊದಲು ನಿಮ್ಮ ಬೆಳೆಗಳಿಗೆ ಈಗಲೇ ಸಿಂಪಡಿಸಿ.,छिड़काव: इस समय हवा शांत है। हवा चलने और दवा बर्बाद होने से पहले अपनी फसलों पर छिड़काव करें।,தெளித்தல்: காற்று இப்போது அமைதியாக இருக்கிறது. காற்று வீசி உங்கள் மருந்தை வீணாக்கும் முன் உங்கள் பயிர்களுக்கு இப்போதே தெளிக்கவும்.,స్ప్రేయింగ్: ప్రస్తుతం గాలి ప్రశాంతంగా ఉంది. గాలి వీచి మీ ఔషధం వృధా అయ్యేలోపు మీ పంటలపై ఇప్పుడే పిచికారీ చేయండి.,സ്പ്രേയിംഗ്: ഇപ്പോൾ വായു ശാന്തമാണ്. കാറ്റ് വീശി നിങ്ങളുടെ മരുന്നുകൾ പാഴാക്കുന്നതിനുമുമ്പ് നിങ്ങളുടെ വിളകൾക്ക് ഇപ്പോൾ തന്നെ തളിക്കുക.,फवारणी: सध्या हवा शांत आहे. वारा येऊन तुमचे औषध वाया जाण्यापूर्वी आत्ताच तुमच्या पिकांवर फवारणी करा.,છંટકાવ: અત્યારે હવા શાંત છે. પવન ફૂંકાય અને તમારી દવા બગાડે તે પહેલાં હમણાં જ તમારા પાક પર છંટકાવ કરો.,স্প্রে করা: বাতাস এখন শান্ত। বাতাস বইতে শুরু করে এবং আপনার ওষুধ নষ্ট করার আগে এখনই আপনার ফসলে স্প্রে করুন।,ਛਿੜਕਾਅ: ਇਸ ਵੇਲੇ ਹਵਾ ਸ਼ਾਂਤ ਹੈ। ਹਵਾ ਚੱਲਣ ਅਤੇ ਤੁਹਾਡੀ ਦਵਾਈ ਬਰਬਾਦ ਹੋਣ ਤੋਂ ਪਹਿਲਾਂ ਆਪਣੀਆਂ ਫਸਲਾਂ 'ਤੇ ਹੁਣੇ ਛਿੜਕਾਅ ਕਰੋ।,چھڑکاؤ: اس وقت ہوا پرسکون ہے۔ اپنی فصلوں پر چھڑکاؤ اس سے پہلے کہ ہوا تیز ہو جائے اور آپ کی دوائی ضائع ہو جائے۔,छर्कने: अहिले हावा शान्त छ। हावा चल्नु र तपाईंको औषधि खेर जानु अघि नै आफ्नो बालीनालीमा छर्कनुहोस्।,ସିଞ୍ଚନ: ବର୍ତ୍ତମାନ ବାୟୁ ଶାନ୍ତ ଅଛି। ପବନ ବହିବା ଏବଂ ଔଷଧ ନଷ୍ଟ କରିବା ପୂର୍ବରୁ ଏବେ ଆପଣଙ୍କ ଫସଲରେ ସିଞ୍ଚନ କରନ୍ତୁ।,Before 10 AM,spray
Very Hot,Balanced,Strong Gusts,Heavy Rain,fungal_risk,CAUTION,45,Monitor Fungal Risk,DISEASE ALERT: It is very damp and warm. Check your leaves for rot and use protection to save your harvest.,ರೋಗ ಎಚ್ಚರಿಕೆ: ಇದು ತುಂಬಾ ತೇವ ಮತ್ತು ಬೆಚ್ಚಗಿರುತ್ತದೆ. ನಿಮ್ಮ ಎಲೆಗಳನ್ನು ಕೊಳೆತಕ್ಕಾಗಿ ಪರಿಶೀಲಿಸಿ ಮತ್ತು ನಿಮ್ಮ ಬೆಳೆಯನ್ನು ಉಳಿಸಲು ರಕ್ಷಣೆಯನ್ನು ಬಳಸಿ.,रोग चेतावनी: मौसम बहुत नम और गर्म है। पत्तियों में सड़न की जांच करें और अपनी फसल को बचाने के लिए सुरक्षात्मक उपाय करें।,"நோய் எச்சரிக்கை: இது மிகவும் ஈரப்பதமாகவும் சூடாகவும் இருக்கும். உங்கள் இலைகளில் அழுகல் இருக்கிறதா என்று சரிபார்த்து, உங்கள் அறுவடையை சேமிக்க பாதுகாப்பைப் பயன்படுத்துங்கள்.",వ్యాధి హెచ్చరిక: ఇది చాలా తడిగా మరియు వెచ్చగా ఉంటుంది. మీ ఆకులు తెగులు కోసం తనిఖీ చేయండి మరియు మీ పంటను కాపాడటానికి రక్షణను ఉపయోగించండి.,രോഗ മുന്നറിയിപ്പ്: ഇത് വളരെ ഈർപ്പമുള്ളതും ചൂടുള്ളതുമാണ്. നിങ്ങളുടെ ഇലകൾ അഴുകുന്നുണ്ടോ എന്ന് പരിശോധിച്ച് നിങ്ങളുടെ വിള സംരക്ഷിക്കാൻ സംരക്ഷണം ഉപയോഗിക്കുക.,रोगाचा इशारा: हे खूप ओलसर आणि उबदार आहे. तुमची पाने कुजली आहेत का ते तपासा आणि तुमचे पीक वाचवण्यासाठी संरक्षण वापरा.,રોગની ચેતવણી: તે ખૂબ જ ભેજવાળી અને ગરમ છે. તમારા પાંદડા સડી ગયા છે કે નહીં તે તપાસો અને તમારા પાકને બચાવવા માટે રક્ષણનો ઉપયોગ કરો.,রোগের সতর্কতা: এটি খুব স্যাঁতসেঁতে এবং উষ্ণ। আপনার পাতা পচে গেছে কিনা তা পরীক্ষা করুন এবং আপনার ফসল বাঁচাতে সুরক্ষা ব্যবস্থা ব্যবহার করুন।,ਬਿਮਾਰੀ ਦੀ ਚੇਤਾਵਨੀ: ਇਹ ਬਹੁਤ ਗਿੱਲਾ ਅਤੇ ਗਰਮ ਹੈ। ਆਪਣੇ ਪੱਤਿਆਂ ਦੀ ਸੜਨ ਦੀ ਜਾਂਚ ਕਰੋ ਅਤੇ ਆਪਣੀ ਫ਼ਸਲ ਨੂੰ ਬਚਾਉਣ ਲਈ ਸੁਰੱਖਿਆ ਦੀ ਵਰਤੋਂ ਕਰੋ।,بیماری کا انتباہ: یہ بہت نم اور گرم ہے۔ اپنے پتوں کو سڑنے کے لیے چیک کریں اور اپنی فصل کو بچانے کے لیے تحفظ کا استعمال کریں۔,रोगको चेतावनी: यो धेरै ओसिलो र न्यानो छ। आफ्नो पातहरू कुहिन जाँच गर्नुहोस् र आफ्नो बाली बचाउन सुरक्षा प्रयोग गर्नुहोस्।,ରୋଗ ସତର୍କତା: ଏହା ବହୁତ ଓଦା ଏବଂ ଉଷ୍ମ। ଆପଣଙ୍କ ପତ୍ର ପଚିଛି କି ନାହିଁ ଯାଞ୍ଚ କରନ୍ତୁ ଏବଂ ଆପଣଙ୍କ ଫସଲକୁ ବଞ୍ଚାଇବା ପାଇଁ ସୁରକ୍ଷା ବ୍ୟବହାର କରନ୍ତୁ।,,warning
Very Hot,Balanced,Strong Gusts,Heavy Rain,field_work,CAUTION,45,Limit Field Work Hours,FIELD WORK: It is getting very hot. Do your heavy work while it is still cool to keep yourself and your plants healthy.,ಕ್ಷೇತ್ರದ ಕೆಲಸ: ತುಂಬಾ ಬಿಸಿಯಾಗುತ್ತಿದೆ. ನಿಮ್ಮನ್ನು ಮತ್ತು ನಿಮ್ಮ ಸಸ್ಯಗಳನ್ನು ಆರೋಗ್ಯವಾಗಿಡಲು ತಂಪಾಗಿರುವಾಗಲೇ ನಿಮ್ಮ ಭಾರವಾದ ಕೆಲಸವನ್ನು ಮಾಡಿ.,"खेत का काम: बहुत गर्मी पड़ रही है। अपना भारी काम तब करें जब मौसम ठंडा हो, ताकि आप और आपके पौधे स्वस्थ रहें।","களப்பணி: மிகவும் சூடாகி வருகிறது. உங்களையும் உங்கள் தாவரங்களையும் ஆரோக்கியமாக வைத்திருக்க, குளிர்ச்சியாக இருக்கும்போதே உங்கள் கனமான வேலையைச் செய்யுங்கள்.",ఫీల్డ్ వర్క్: చాలా వేడిగా ఉంది. మిమ్మల్ని మరియు మీ మొక్కలను ఆరోగ్యంగా ఉంచుకోవడానికి చల్లగా ఉన్నప్పుడే మీ భారీ పని చేయండి.,വയലിലെ ജോലി: ചൂട് കൂടിവരികയാണ്. നിങ്ങളെയും നിങ്ങളുടെ ചെടികളെയും ആരോഗ്യത്തോടെ നിലനിർത്താൻ തണുപ്പുള്ളപ്പോൾ തന്നെ ഭാരിച്ച ജോലികൾ ചെയ്യുക.,शेतातील काम: खूप उष्णता वाढत आहे. स्वतःला आणि तुमच्या झाडांना निरोगी ठेवण्यासाठी थंड असतानाच तुमचे जड काम करा.,ખેતરમાં કામ: ખૂબ ગરમી પડી રહી છે. ઠંડી હોય ત્યારે ભારે કામ કરો જેથી તમારી જાતને અને તમારા છોડને સ્વસ્થ રાખી શકાય.,মাঠের কাজ: খুব গরম পড়ছে। নিজেকে এবং আপনার গাছপালা সুস্থ রাখতে ঠান্ডা থাকতেই ভারী কাজ করুন।,ਖੇਤ ਦਾ ਕੰਮ: ਬਹੁਤ ਗਰਮੀ ਪੈ ਰਹੀ ਹੈ। ਆਪਣੇ ਆਪ ਨੂੰ ਅਤੇ ਆਪਣੇ ਪੌਦਿਆਂ ਨੂੰ ਸਿਹਤਮੰਦ ਰੱਖਣ ਲਈ ਠੰਡਾ ਹੋਣ ਤੱਕ ਆਪਣਾ ਭਾਰੀ ਕੰਮ ਕਰੋ।,فیلڈ ورک: یہ بہت گرم ہو رہا ہے۔ اپنے آپ کو اور اپنے پودوں کو صحت مند رکھنے کے لیے ٹھنڈا ہونے کے دوران اپنا بھاری کام کریں۔,खेतबारीको काम: धेरै गर्मी भइरहेको छ। आफू र आफ्ना बिरुवाहरूलाई स्वस्थ राख्न चिसो हुँदा नै आफ्नो भारी काम गर्नुहोस्।,କ୍ଷେତ କାମ: ବହୁତ ଗରମ ହେଉଛି। ନିଜକୁ ଏବଂ ଆପଣଙ୍କ ଗଛଗୁଡ଼ିକୁ ସୁସ୍ଥ ରଖିବା ପାଇଁ ଥଣ୍ଡା ଥିବା ସମୟରେ ଆପଣଙ୍କର କଠିନ କାମ କରନ୍ତୁ।,Before 10 AM or After 5 PM,tractor
Very Hot,Humid,Calm,Dry,irrigation,CAUTION,45,Irrigation Caution,WATERING: The ground is dry. Best to water in the early morning so the plants stay strong during the heat.,"ನೀರುಹಾಕುವುದು: ನೆಲ ಒಣಗಿದೆ. ಬೆಳಿಗ್ಗೆ ಬೇಗನೆ ನೀರು ಹಾಕುವುದು ಉತ್ತಮ, ಇದರಿಂದ ಸಸ್ಯಗಳು ಶಾಖದ ಸಮಯದಲ್ಲಿ ಬಲವಾಗಿರುತ್ತವೆ.",पानी देना: मिट्टी सूखी है। पौधों को गर्मी के दौरान स्वस्थ रखने के लिए सुबह जल्दी पानी देना सबसे अच्छा है।,"நீர்ப்பாசனம்: நிலம் வறண்டு உள்ளது. அதிகாலையில் தண்ணீர் பாய்ச்சுவது நல்லது, இதனால் வெப்பத்தின் போது தாவரங்கள் வலுவாக இருக்கும்.","నీరు త్రాగుట: నేల పొడిగా ఉంటుంది. ఉదయాన్నే నీరు పోయడం మంచిది, తద్వారా వేడి సమయంలో మొక్కలు బలంగా ఉంటాయి.","നനവ്: നിലം വരണ്ടതാണ്. അതിരാവിലെ നനയ്ക്കുന്നതാണ് നല്ലത്, അങ്ങനെ ചൂടിൽ ചെടികൾ ശക്തമായി നിലനിൽക്കും.",पाणी देणे: जमीन कोरडी आहे. सकाळी लवकर पाणी देणे चांगले जेणेकरून उष्णतेमध्ये झाडे मजबूत राहतील.,પાણી આપવું: જમીન સૂકી છે. ગરમી દરમિયાન છોડ મજબૂત રહે તે માટે વહેલી સવારે પાણી આપવું શ્રેષ્ઠ છે.,"জল দেওয়া: মাটি শুষ্ক। খুব ভোরে জল দেওয়া ভালো, যাতে গরমের সময় গাছপালা শক্তিশালী থাকে।",ਪਾਣੀ ਦੇਣਾ: ਜ਼ਮੀਨ ਸੁੱਕੀ ਹੈ। ਸਵੇਰੇ ਜਲਦੀ ਪਾਣੀ ਦੇਣਾ ਸਭ ਤੋਂ ਵਧੀਆ ਹੈ ਤਾਂ ਜੋ ਪੌਦੇ ਗਰਮੀ ਦੌਰਾਨ ਮਜ਼ਬੂਤ ​​ਰਹਿਣ।,پانی دینا: زمین خشک ہے۔ صبح سویرے پانی دینا بہتر ہے تاکہ گرمی کے دوران پودے مضبوط رہیں۔,पानी हाल्ने: जमिन सुख्खा छ। बिहान सबेरै पानी हाल्नु राम्रो हुन्छ ताकि गर्मीको समयमा बिरुवाहरू बलियो रहून्।,ପାଣି ଦେବା: ଜମି ଶୁଖିଲା ଅଛି। ଗରମ ସମୟରେ ଗଛଗୁଡ଼ିକ ଶକ୍ତିଶାଳୀ ରହିବା ପାଇଁ ସକାଳୁ ପାଣି ଦେବା ଭଲ।,Before 8 AM,droplet
Very Hot,Humid,Calm,Dry,spraying,CAUTION,45,Spray With Caution,SPRAYING: The air is calm right now. Spray your crops now before the wind picks up and wastes your medicine.,ಸಿಂಪಡಣೆ: ಗಾಳಿ ಈಗ ಶಾಂತವಾಗಿದೆ. ಗಾಳಿ ಬೀಸಿ ನಿಮ್ಮ ಔಷಧ ವ್ಯರ್ಥವಾಗುವ ಮೊದಲು ನಿಮ್ಮ ಬೆಳೆಗಳಿಗೆ ಈಗಲೇ ಸಿಂಪಡಿಸಿ.,छिड़काव: इस समय हवा शांत है। हवा चलने और दवा बर्बाद होने से पहले अपनी फसलों पर छिड़काव करें।,தெளித்தல்: காற்று இப்போது அமைதியாக இருக்கிறது. காற்று வீசி உங்கள் மருந்தை வீணாக்கும் முன் உங்கள் பயிர்களுக்கு இப்போதே தெளிக்கவும்.,స్ప్రేయింగ్: ప్రస్తుతం గాలి ప్రశాంతంగా ఉంది. గాలి వీచి మీ ఔషధం వృధా అయ్యేలోపు మీ పంటలపై ఇప్పుడే పిచికారీ చేయండి.,സ്പ്രേയിംഗ്: ഇപ്പോൾ വായു ശാന്തമാണ്. കാറ്റ് വീശി നിങ്ങളുടെ മരുന്നുകൾ പാഴാക്കുന്നതിനുമുമ്പ് നിങ്ങളുടെ വിളകൾക്ക് ഇപ്പോൾ തന്നെ തളിക്കുക.,फवारणी: सध्या हवा शांत आहे. वारा येऊन तुमचे औषध वाया जाण्यापूर्वी आत्ताच तुमच्या पिकांवर फवारणी करा.,છંટકાવ: અત્યારે હવા શાંત છે. પવન ફૂંકાય અને તમારી દવા બગાડે તે પહેલાં હમણાં જ તમારા પાક પર છંટકાવ કરો.,স্প্রে করা: বাতাস এখন শান্ত। বাতাস বইতে শুরু করে এবং আপনার ওষুধ নষ্ট করার আগে এখনই আপনার ফসলে স্প্রে করুন।,ਛਿੜਕਾਅ: ਇਸ ਵੇਲੇ ਹਵਾ ਸ਼ਾਂਤ ਹੈ। ਹਵਾ ਚੱਲਣ ਅਤੇ ਤੁਹਾਡੀ ਦਵਾਈ ਬਰਬਾਦ ਹੋਣ ਤੋਂ ਪਹਿਲਾਂ ਆਪਣੀਆਂ ਫਸਲਾਂ 'ਤੇ ਹੁਣੇ ਛਿੜਕਾਅ ਕਰੋ।,چھڑکاؤ: اس وقت ہوا پرسکون ہے۔ اپنی فصلوں پر چھڑکاؤ اس سے پہلے کہ ہوا تیز ہو جائے اور آپ کی دوائی ضائع ہو جائے۔,छर्कने: अहिले हावा शान्त छ। हावा चल्नु र तपाईंको औषधि खेर जानु अघि नै आफ्नो बालीनालीमा छर्कनुहोस्।,ସିଞ୍ଚନ: ବର୍ତ୍ତମାନ ବାୟୁ ଶାନ୍ତ ଅଛି। ପବନ ବହିବା ଏବଂ ଔଷଧ ନଷ୍ଟ କରିବା ପୂର୍ବରୁ ଏବେ ଆପଣଙ୍କ ଫସଲରେ ସିଞ୍ଚନ କରନ୍ତୁ।,Before 10 AM,spray
Very Hot,Humid,Calm,Dry,fungal_risk,CAUTION,45,Monitor Fungal Risk,DISEASE ALERT: It is very damp and warm. Check your leaves for rot and use protection to save your harvest.,ರೋಗ ಎಚ್ಚರಿಕೆ: ಇದು ತುಂಬಾ ತೇವ ಮತ್ತು ಬೆಚ್ಚಗಿರುತ್ತದೆ. ನಿಮ್ಮ ಎಲೆಗಳನ್ನು ಕೊಳೆತಕ್ಕಾಗಿ ಪರಿಶೀಲಿಸಿ ಮತ್ತು ನಿಮ್ಮ ಬೆಳೆಯನ್ನು ಉಳಿಸಲು ರಕ್ಷಣೆಯನ್ನು ಬಳಸಿ.,रोग चेतावनी: मौसम बहुत नम और गर्म है। पत्तियों में सड़न की जांच करें और अपनी फसल को बचाने के लिए सुरक्षात्मक उपाय करें।,"நோய் எச்சரிக்கை: இது மிகவும் ஈரப்பதமாகவும் சூடாகவும் இருக்கும். உங்கள் இலைகளில் அழுகல் இருக்கிறதா என்று சரிபார்த்து, உங்கள் அறுவடையை சேமிக்க பாதுகாப்பைப் பயன்படுத்துங்கள்.",వ్యాధి హెచ్చరిక: ఇది చాలా తడిగా మరియు వెచ్చగా ఉంటుంది. మీ ఆకులు తెగులు కోసం తనిఖీ చేయండి మరియు మీ పంటను కాపాడటానికి రక్షణను ఉపయోగించండి.,രോഗ മുന്നറിയിപ്പ്: ഇത് വളരെ ഈർപ്പമുള്ളതും ചൂടുള്ളതുമാണ്. നിങ്ങളുടെ ഇലകൾ അഴുകുന്നുണ്ടോ എന്ന് പരിശോധിച്ച് നിങ്ങളുടെ വിള സംരക്ഷിക്കാൻ സംരക്ഷണം ഉപയോഗിക്കുക.,रोगाचा इशारा: हे खूप ओलसर आणि उबदार आहे. तुमची पाने कुजली आहेत का ते तपासा आणि तुमचे पीक वाचवण्यासाठी संरक्षण वापरा.,રોગની ચેતવણી: તે ખૂબ જ ભેજવાળી અને ગરમ છે. તમારા પાંદડા સડી ગયા છે કે નહીં તે તપાસો અને તમારા પાકને બચાવવા માટે રક્ષણનો ઉપયોગ કરો.,রোগের সতর্কতা: এটি খুব স্যাঁতসেঁতে এবং উষ্ণ। আপনার পাতা পচে গেছে কিনা তা পরীক্ষা করুন এবং আপনার ফসল বাঁচাতে সুরক্ষা ব্যবস্থা ব্যবহার করুন।,ਬਿਮਾਰੀ ਦੀ ਚੇਤਾਵਨੀ: ਇਹ ਬਹੁਤ ਗਿੱਲਾ ਅਤੇ ਗਰਮ ਹੈ। ਆਪਣੇ ਪੱਤਿਆਂ ਦੀ ਸੜਨ ਦੀ ਜਾਂਚ ਕਰੋ ਅਤੇ ਆਪਣੀ ਫ਼ਸਲ ਨੂੰ ਬਚਾਉਣ ਲਈ ਸੁਰੱਖਿਆ ਦੀ ਵਰਤੋਂ ਕਰੋ।,بیماری کا انتباہ: یہ بہت نم اور گرم ہے۔ اپنے پتوں کو سڑنے کے لیے چیک کریں اور اپنی فصل کو بچانے کے لیے تحفظ کا استعمال کریں۔,रोगको चेतावनी: यो धेरै ओसिलो र न्यानो छ। आफ्नो पातहरू कुहिन जाँच गर्नुहोस् र आफ्नो बाली बचाउन सुरक्षा प्रयोग गर्नुहोस्।,ରୋଗ ସତର୍କତା: ଏହା ବହୁତ ଓଦା ଏବଂ ଉଷ୍ମ। ଆପଣଙ୍କ ପତ୍ର ପଚିଛି କି ନାହିଁ ଯାଞ୍ଚ କରନ୍ତୁ ଏବଂ ଆପଣଙ୍କ ଫସଲକୁ ବଞ୍ଚାଇବା ପାଇଁ ସୁରକ୍ଷା ବ୍ୟବହାର କରନ୍ତୁ।,,warning
Very Hot,Humid,Calm,Dry,field_work,CAUTION,45,Limit Field Work Hours,FIELD WORK: It is getting very hot. Do your heavy work while it is still cool to keep yourself and your plants healthy.,ಕ್ಷೇತ್ರದ ಕೆಲಸ: ತುಂಬಾ ಬಿಸಿಯಾಗುತ್ತಿದೆ. ನಿಮ್ಮನ್ನು ಮತ್ತು ನಿಮ್ಮ ಸಸ್ಯಗಳನ್ನು ಆರೋಗ್ಯವಾಗಿಡಲು ತಂಪಾಗಿರುವಾಗಲೇ ನಿಮ್ಮ ಭಾರವಾದ ಕೆಲಸವನ್ನು ಮಾಡಿ.,"खेत का काम: बहुत गर्मी पड़ रही है। अपना भारी काम तब करें जब मौसम ठंडा हो, ताकि आप और आपके पौधे स्वस्थ रहें।","களப்பணி: மிகவும் சூடாகி வருகிறது. உங்களையும் உங்கள் தாவரங்களையும் ஆரோக்கியமாக வைத்திருக்க, குளிர்ச்சியாக இருக்கும்போதே உங்கள் கனமான வேலையைச் செய்யுங்கள்.",ఫీల్డ్ వర్క్: చాలా వేడిగా ఉంది. మిమ్మల్ని మరియు మీ మొక్కలను ఆరోగ్యంగా ఉంచుకోవడానికి చల్లగా ఉన్నప్పుడే మీ భారీ పని చేయండి.,വയലിലെ ജോലി: ചൂട് കൂടിവരികയാണ്. നിങ്ങളെയും നിങ്ങളുടെ ചെടികളെയും ആരോഗ്യത്തോടെ നിലനിർത്താൻ തണുപ്പുള്ളപ്പോൾ തന്നെ ഭാരിച്ച ജോലികൾ ചെയ്യുക.,शेतातील काम: खूप उष्णता वाढत आहे. स्वतःला आणि तुमच्या झाडांना निरोगी ठेवण्यासाठी थंड असतानाच तुमचे जड काम करा.,ખેતરમાં કામ: ખૂબ ગરમી પડી રહી છે. ઠંડી હોય ત્યારે ભારે કામ કરો જેથી તમારી જાતને અને તમારા છોડને સ્વસ્થ રાખી શકાય.,মাঠের কাজ: খুব গরম পড়ছে। নিজেকে এবং আপনার গাছপালা সুস্থ রাখতে ঠান্ডা থাকতেই ভারী কাজ করুন।,ਖੇਤ ਦਾ ਕੰਮ: ਬਹੁਤ ਗਰਮੀ ਪੈ ਰਹੀ ਹੈ। ਆਪਣੇ ਆਪ ਨੂੰ ਅਤੇ ਆਪਣੇ ਪੌਦਿਆਂ ਨੂੰ ਸਿਹਤਮੰਦ ਰੱਖਣ ਲਈ ਠੰਡਾ ਹੋਣ ਤੱਕ ਆਪਣਾ ਭਾਰੀ ਕੰਮ ਕਰੋ।,فیلڈ ورک: یہ بہت گرم ہو رہا ہے۔ اپنے آپ کو اور اپنے پودوں کو صحت مند رکھنے کے لیے ٹھنڈا ہونے کے دوران اپنا بھاری کام کریں۔,खेतबारीको काम: धेरै गर्मी भइरहेको छ। आफू र आफ्ना बिरुवाहरूलाई स्वस्थ राख्न चिसो हुँदा नै आफ्नो भारी काम गर्नुहोस्।,କ୍ଷେତ କାମ: ବହୁତ ଗରମ ହେଉଛି। ନିଜକୁ ଏବଂ ଆପଣଙ୍କ ଗଛଗୁଡ଼ିକୁ ସୁସ୍ଥ ରଖିବା ପାଇଁ ଥଣ୍ଡା ଥିବା ସମୟରେ ଆପଣଙ୍କର କଠିନ କାମ କରନ୍ତୁ।,Before 10 AM or After 5 PM,tractor
Very Hot,Humid,Calm,Light Rain,irrigation,CAUTION,45,Irrigation Caution,WATERING: The ground is dry. Best to water in the early morning so the plants stay strong during the heat.,"ನೀರುಹಾಕುವುದು: ನೆಲ ಒಣಗಿದೆ. ಬೆಳಿಗ್ಗೆ ಬೇಗನೆ ನೀರು ಹಾಕುವುದು ಉತ್ತಮ, ಇದರಿಂದ ಸಸ್ಯಗಳು ಶಾಖದ ಸಮಯದಲ್ಲಿ ಬಲವಾಗಿರುತ್ತವೆ.",पानी देना: मिट्टी सूखी है। पौधों को गर्मी के दौरान स्वस्थ रखने के लिए सुबह जल्दी पानी देना सबसे अच्छा है।,"நீர்ப்பாசனம்: நிலம் வறண்டு உள்ளது. அதிகாலையில் தண்ணீர் பாய்ச்சுவது நல்லது, இதனால் வெப்பத்தின் போது தாவரங்கள் வலுவாக இருக்கும்.","నీరు త్రాగుట: నేల పొడిగా ఉంటుంది. ఉదయాన్నే నీరు పోయడం మంచిది, తద్వారా వేడి సమయంలో మొక్కలు బలంగా ఉంటాయి.","നനവ്: നിലം വരണ്ടതാണ്. അതിരാവിലെ നനയ്ക്കുന്നതാണ് നല്ലത്, അങ്ങനെ ചൂടിൽ ചെടികൾ ശക്തമായി നിലനിൽക്കും.",पाणी देणे: जमीन कोरडी आहे. सकाळी लवकर पाणी देणे चांगले जेणेकरून उष्णतेमध्ये झाडे मजबूत राहतील.,પાણી આપવું: જમીન સૂકી છે. ગરમી દરમિયાન છોડ મજબૂત રહે તે માટે વહેલી સવારે પાણી આપવું શ્રેષ્ઠ છે.,"জল দেওয়া: মাটি শুষ্ক। খুব ভোরে জল দেওয়া ভালো, যাতে গরমের সময় গাছপালা শক্তিশালী থাকে।",ਪਾਣੀ ਦੇਣਾ: ਜ਼ਮੀਨ ਸੁੱਕੀ ਹੈ। ਸਵੇਰੇ ਜਲਦੀ ਪਾਣੀ ਦੇਣਾ ਸਭ ਤੋਂ ਵਧੀਆ ਹੈ ਤਾਂ ਜੋ ਪੌਦੇ ਗਰਮੀ ਦੌਰਾਨ ਮਜ਼ਬੂਤ ​​ਰਹਿਣ।,پانی دینا: زمین خشک ہے۔ صبح سویرے پانی دینا بہتر ہے تاکہ گرمی کے دوران پودے مضبوط رہیں۔,पानी हाल्ने: जमिन सुख्खा छ। बिहान सबेरै पानी हाल्नु राम्रो हुन्छ ताकि गर्मीको समयमा बिरुवाहरू बलियो रहून्।,ପାଣି ଦେବା: ଜମି ଶୁଖିଲା ଅଛି। ଗରମ ସମୟରେ ଗଛଗୁଡ଼ିକ ଶକ୍ତିଶାଳୀ ରହିବା ପାଇଁ ସକାଳୁ ପାଣି ଦେବା ଭଲ।,Before 8 AM,droplet
Very Hot,Humid,Calm,Light Rain,spraying,CAUTION,45,Spray With Caution,SPRAYING: The air is calm right now. Spray your crops now before the wind picks up and wastes your medicine.,ಸಿಂಪಡಣೆ: ಗಾಳಿ ಈಗ ಶಾಂತವಾಗಿದೆ. ಗಾಳಿ ಬೀಸಿ ನಿಮ್ಮ ಔಷಧ ವ್ಯರ್ಥವಾಗುವ ಮೊದಲು ನಿಮ್ಮ ಬೆಳೆಗಳಿಗೆ ಈಗಲೇ ಸಿಂಪಡಿಸಿ.,छिड़काव: इस समय हवा शांत है। हवा चलने और दवा बर्बाद होने से पहले अपनी फसलों पर छिड़काव करें।,தெளித்தல்: காற்று இப்போது அமைதியாக இருக்கிறது. காற்று வீசி உங்கள் மருந்தை வீணாக்கும் முன் உங்கள் பயிர்களுக்கு இப்போதே தெளிக்கவும்.,స్ప్రేయింగ్: ప్రస్తుతం గాలి ప్రశాంతంగా ఉంది. గాలి వీచి మీ ఔషధం వృధా అయ్యేలోపు మీ పంటలపై ఇప్పుడే పిచికారీ చేయండి.,സ്പ്രേയിംഗ്: ഇപ്പോൾ വായു ശാന്തമാണ്. കാറ്റ് വീശി നിങ്ങളുടെ മരുന്നുകൾ പാഴാക്കുന്നതിനുമുമ്പ് നിങ്ങളുടെ വിളകൾക്ക് ഇപ്പോൾ തന്നെ തളിക്കുക.,फवारणी: सध्या हवा शांत आहे. वारा येऊन तुमचे औषध वाया जाण्यापूर्वी आत्ताच तुमच्या पिकांवर फवारणी करा.,છંટકાવ: અત્યારે હવા શાંત છે. પવન ફૂંકાય અને તમારી દવા બગાડે તે પહેલાં હમણાં જ તમારા પાક પર છંટકાવ કરો.,স্প্রে করা: বাতাস এখন শান্ত। বাতাস বইতে শুরু করে এবং আপনার ওষুধ নষ্ট করার আগে এখনই আপনার ফসলে স্প্রে করুন।,ਛਿੜਕਾਅ: ਇਸ ਵੇਲੇ ਹਵਾ ਸ਼ਾਂਤ ਹੈ। ਹਵਾ ਚੱਲਣ ਅਤੇ ਤੁਹਾਡੀ ਦਵਾਈ ਬਰਬਾਦ ਹੋਣ ਤੋਂ ਪਹਿਲਾਂ ਆਪਣੀਆਂ ਫਸਲਾਂ 'ਤੇ ਹੁਣੇ ਛਿੜਕਾਅ ਕਰੋ।,چھڑکاؤ: اس وقت ہوا پرسکون ہے۔ اپنی فصلوں پر چھڑکاؤ اس سے پہلے کہ ہوا تیز ہو جائے اور آپ کی دوائی ضائع ہو جائے۔,छर्कने: अहिले हावा शान्त छ। हावा चल्नु र तपाईंको औषधि खेर जानु अघि नै आफ्नो बालीनालीमा छर्कनुहोस्।,ସିଞ୍ଚନ: ବର୍ତ୍ତମାନ ବାୟୁ ଶାନ୍ତ ଅଛି। ପବନ ବହିବା ଏବଂ ଔଷଧ ନଷ୍ଟ କରିବା ପୂର୍ବରୁ ଏବେ ଆପଣଙ୍କ ଫସଲରେ ସିଞ୍ଚନ କରନ୍ତୁ।,Before 10 AM,spray
Very Hot,Humid,Calm,Light Rain,fungal_risk,CAUTION,45,Monitor Fungal Risk,DISEASE ALERT: It is very damp and warm. Check your leaves for rot and use protection to save your harvest.,ರೋಗ ಎಚ್ಚರಿಕೆ: ಇದು ತುಂಬಾ ತೇವ ಮತ್ತು ಬೆಚ್ಚಗಿರುತ್ತದೆ. ನಿಮ್ಮ ಎಲೆಗಳನ್ನು ಕೊಳೆತಕ್ಕಾಗಿ ಪರಿಶೀಲಿಸಿ ಮತ್ತು ನಿಮ್ಮ ಬೆಳೆಯನ್ನು ಉಳಿಸಲು ರಕ್ಷಣೆಯನ್ನು ಬಳಸಿ.,रोग चेतावनी: मौसम बहुत नम और गर्म है। पत्तियों में सड़न की जांच करें और अपनी फसल को बचाने के लिए सुरक्षात्मक उपाय करें।,"நோய் எச்சரிக்கை: இது மிகவும் ஈரப்பதமாகவும் சூடாகவும் இருக்கும். உங்கள் இலைகளில் அழுகல் இருக்கிறதா என்று சரிபார்த்து, உங்கள் அறுவடையை சேமிக்க பாதுகாப்பைப் பயன்படுத்துங்கள்.",వ్యాధి హెచ్చరిక: ఇది చాలా తడిగా మరియు వెచ్చగా ఉంటుంది. మీ ఆకులు తెగులు కోసం తనిఖీ చేయండి మరియు మీ పంటను కాపాడటానికి రక్షణను ఉపయోగించండి.,രോഗ മുന്നറിയിപ്പ്: ഇത് വളരെ ഈർപ്പമുള്ളതും ചൂടുള്ളതുമാണ്. നിങ്ങളുടെ ഇലകൾ അഴുകുന്നുണ്ടോ എന്ന് പരിശോധിച്ച് നിങ്ങളുടെ വിള സംരക്ഷിക്കാൻ സംരക്ഷണം ഉപയോഗിക്കുക.,रोगाचा इशारा: हे खूप ओलसर आणि उबदार आहे. तुमची पाने कुजली आहेत का ते तपासा आणि तुमचे पीक वाचवण्यासाठी संरक्षण वापरा.,રોગની ચેતવણી: તે ખૂબ જ ભેજવાળી અને ગરમ છે. તમારા પાંદડા સડી ગયા છે કે નહીં તે તપાસો અને તમારા પાકને બચાવવા માટે રક્ષણનો ઉપયોગ કરો.,রোগের সতর্কতা: এটি খুব স্যাঁতসেঁতে এবং উষ্ণ। আপনার পাতা পচে গেছে কিনা তা পরীক্ষা করুন এবং আপনার ফসল বাঁচাতে সুরক্ষা ব্যবস্থা ব্যবহার করুন।,ਬਿਮਾਰੀ ਦੀ ਚੇਤਾਵਨੀ: ਇਹ ਬਹੁਤ ਗਿੱਲਾ ਅਤੇ ਗਰਮ ਹੈ। ਆਪਣੇ ਪੱਤਿਆਂ ਦੀ ਸੜਨ ਦੀ ਜਾਂਚ ਕਰੋ ਅਤੇ ਆਪਣੀ ਫ਼ਸਲ ਨੂੰ ਬਚਾਉਣ ਲਈ ਸੁਰੱਖਿਆ ਦੀ ਵਰਤੋਂ ਕਰੋ।,بیماری کا انتباہ: یہ بہت نم اور گرم ہے۔ اپنے پتوں کو سڑنے کے لیے چیک کریں اور اپنی فصل کو بچانے کے لیے تحفظ کا استعمال کریں۔,रोगको चेतावनी: यो धेरै ओसिलो र न्यानो छ। आफ्नो पातहरू कुहिन जाँच गर्नुहोस् र आफ्नो बाली बचाउन सुरक्षा प्रयोग गर्नुहोस्।,ରୋଗ ସତର୍କତା: ଏହା ବହୁତ ଓଦା ଏବଂ ଉଷ୍ମ। ଆପଣଙ୍କ ପତ୍ର ପଚିଛି କି ନାହିଁ ଯାଞ୍ଚ କରନ୍ତୁ ଏବଂ ଆପଣଙ୍କ ଫସଲକୁ ବଞ୍ଚାଇବା ପାଇଁ ସୁରକ୍ଷା ବ୍ୟବହାର କରନ୍ତୁ।,,warning
Very Hot,Humid,Calm,Light Rain,field_work,CAUTION,45,Limit Field Work Hours,FIELD WORK: It is getting very hot. Do your heavy work while it is still cool to keep yourself and your plants healthy.,ಕ್ಷೇತ್ರದ ಕೆಲಸ: ತುಂಬಾ ಬಿಸಿಯಾಗುತ್ತಿದೆ. ನಿಮ್ಮನ್ನು ಮತ್ತು ನಿಮ್ಮ ಸಸ್ಯಗಳನ್ನು ಆರೋಗ್ಯವಾಗಿಡಲು ತಂಪಾಗಿರುವಾಗಲೇ ನಿಮ್ಮ ಭಾರವಾದ ಕೆಲಸವನ್ನು ಮಾಡಿ.,"खेत का काम: बहुत गर्मी पड़ रही है। अपना भारी काम तब करें जब मौसम ठंडा हो, ताकि आप और आपके पौधे स्वस्थ रहें।","களப்பணி: மிகவும் சூடாகி வருகிறது. உங்களையும் உங்கள் தாவரங்களையும் ஆரோக்கியமாக வைத்திருக்க, குளிர்ச்சியாக இருக்கும்போதே உங்கள் கனமான வேலையைச் செய்யுங்கள்.",ఫీల్డ్ వర్క్: చాలా వేడిగా ఉంది. మిమ్మల్ని మరియు మీ మొక్కలను ఆరోగ్యంగా ఉంచుకోవడానికి చల్లగా ఉన్నప్పుడే మీ భారీ పని చేయండి.,വയലിലെ ജോലി: ചൂട് കൂടിവരികയാണ്. നിങ്ങളെയും നിങ്ങളുടെ ചെടികളെയും ആരോഗ്യത്തോടെ നിലനിർത്താൻ തണുപ്പുള്ളപ്പോൾ തന്നെ ഭാരിച്ച ജോലികൾ ചെയ്യുക.,शेतातील काम: खूप उष्णता वाढत आहे. स्वतःला आणि तुमच्या झाडांना निरोगी ठेवण्यासाठी थंड असतानाच तुमचे जड काम करा.,ખેતરમાં કામ: ખૂબ ગરમી પડી રહી છે. ઠંડી હોય ત્યારે ભારે કામ કરો જેથી તમારી જાતને અને તમારા છોડને સ્વસ્થ રાખી શકાય.,মাঠের কাজ: খুব গরম পড়ছে। নিজেকে এবং আপনার গাছপালা সুস্থ রাখতে ঠান্ডা থাকতেই ভারী কাজ করুন।,ਖੇਤ ਦਾ ਕੰਮ: ਬਹੁਤ ਗਰਮੀ ਪੈ ਰਹੀ ਹੈ। ਆਪਣੇ ਆਪ ਨੂੰ ਅਤੇ ਆਪਣੇ ਪੌਦਿਆਂ ਨੂੰ ਸਿਹਤਮੰਦ ਰੱਖਣ ਲਈ ਠੰਡਾ ਹੋਣ ਤੱਕ ਆਪਣਾ ਭਾਰੀ ਕੰਮ ਕਰੋ।,فیلڈ ورک: یہ بہت گرم ہو رہا ہے۔ اپنے آپ کو اور اپنے پودوں کو صحت مند رکھنے کے لیے ٹھنڈا ہونے کے دوران اپنا بھاری کام کریں۔,खेतबारीको काम: धेरै गर्मी भइरहेको छ। आफू र आफ्ना बिरुवाहरूलाई स्वस्थ राख्न चिसो हुँदा नै आफ्नो भारी काम गर्नुहोस्।,କ୍ଷେତ କାମ: ବହୁତ ଗରମ ହେଉଛି। ନିଜକୁ ଏବଂ ଆପଣଙ୍କ ଗଛଗୁଡ଼ିକୁ ସୁସ୍ଥ ରଖିବା ପାଇଁ ଥଣ୍ଡା ଥିବା ସମୟରେ ଆପଣଙ୍କର କଠିନ କାମ କରନ୍ତୁ।,Before 10 AM or After 5 PM,tractor
Very Hot,Humid,Calm,Heavy Rain,irrigation,CAUTION,45,Irrigation Caution,WATERING: The ground is dry. Best to water in the early morning so the plants stay strong during the heat.,"ನೀರುಹಾಕುವುದು: ನೆಲ ಒಣಗಿದೆ. ಬೆಳಿಗ್ಗೆ ಬೇಗನೆ ನೀರು ಹಾಕುವುದು ಉತ್ತಮ, ಇದರಿಂದ ಸಸ್ಯಗಳು ಶಾಖದ ಸಮಯದಲ್ಲಿ ಬಲವಾಗಿರುತ್ತವೆ.",पानी देना: मिट्टी सूखी है। पौधों को गर्मी के दौरान स्वस्थ रखने के लिए सुबह जल्दी पानी देना सबसे अच्छा है।,"நீர்ப்பாசனம்: நிலம் வறண்டு உள்ளது. அதிகாலையில் தண்ணீர் பாய்ச்சுவது நல்லது, இதனால் வெப்பத்தின் போது தாவரங்கள் வலுவாக இருக்கும்.","నీరు త్రాగుట: నేల పొడిగా ఉంటుంది. ఉదయాన్నే నీరు పోయడం మంచిది, తద్వారా వేడి సమయంలో మొక్కలు బలంగా ఉంటాయి.","നനവ്: നിലം വരണ്ടതാണ്. അതിരാവിലെ നനയ്ക്കുന്നതാണ് നല്ലത്, അങ്ങനെ ചൂടിൽ ചെടികൾ ശക്തമായി നിലനിൽക്കും.",पाणी देणे: जमीन कोरडी आहे. सकाळी लवकर पाणी देणे चांगले जेणेकरून उष्णतेमध्ये झाडे मजबूत राहतील.,પાણી આપવું: જમીન સૂકી છે. ગરમી દરમિયાન છોડ મજબૂત રહે તે માટે વહેલી સવારે પાણી આપવું શ્રેષ્ઠ છે.,"জল দেওয়া: মাটি শুষ্ক। খুব ভোরে জল দেওয়া ভালো, যাতে গরমের সময় গাছপালা শক্তিশালী থাকে।",ਪਾਣੀ ਦੇਣਾ: ਜ਼ਮੀਨ ਸੁੱਕੀ ਹੈ। ਸਵੇਰੇ ਜਲਦੀ ਪਾਣੀ ਦੇਣਾ ਸਭ ਤੋਂ ਵਧੀਆ ਹੈ ਤਾਂ ਜੋ ਪੌਦੇ ਗਰਮੀ ਦੌਰਾਨ ਮਜ਼ਬੂਤ ​​ਰਹਿਣ।,پانی دینا: زمین خشک ہے۔ صبح سویرے پانی دینا بہتر ہے تاکہ گرمی کے دوران پودے مضبوط رہیں۔,पानी हाल्ने: जमिन सुख्खा छ। बिहान सबेरै पानी हाल्नु राम्रो हुन्छ ताकि गर्मीको समयमा बिरुवाहरू बलियो रहून्।,ପାଣି ଦେବା: ଜମି ଶୁଖିଲା ଅଛି। ଗରମ ସମୟରେ ଗଛଗୁଡ଼ିକ ଶକ୍ତିଶାଳୀ ରହିବା ପାଇଁ ସକାଳୁ ପାଣି ଦେବା ଭଲ।,Before 8 AM,droplet
Very Hot,Humid,Calm,Heavy Rain,spraying,CAUTION,45,Spray With Caution,SPRAYING: The air is calm right now. Spray your crops now before the wind picks up and wastes your medicine.,ಸಿಂಪಡಣೆ: ಗಾಳಿ ಈಗ ಶಾಂತವಾಗಿದೆ. ಗಾಳಿ ಬೀಸಿ ನಿಮ್ಮ ಔಷಧ ವ್ಯರ್ಥವಾಗುವ ಮೊದಲು ನಿಮ್ಮ ಬೆಳೆಗಳಿಗೆ ಈಗಲೇ ಸಿಂಪಡಿಸಿ.,छिड़काव: इस समय हवा शांत है। हवा चलने और दवा बर्बाद होने से पहले अपनी फसलों पर छिड़काव करें।,தெளித்தல்: காற்று இப்போது அமைதியாக இருக்கிறது. காற்று வீசி உங்கள் மருந்தை வீணாக்கும் முன் உங்கள் பயிர்களுக்கு இப்போதே தெளிக்கவும்.,స్ప్రేయింగ్: ప్రస్తుతం గాలి ప్రశాంతంగా ఉంది. గాలి వీచి మీ ఔషధం వృధా అయ్యేలోపు మీ పంటలపై ఇప్పుడే పిచికారీ చేయండి.,സ്പ്രേയിംഗ്: ഇപ്പോൾ വായു ശാന്തമാണ്. കാറ്റ് വീശി നിങ്ങളുടെ മരുന്നുകൾ പാഴാക്കുന്നതിനുമുമ്പ് നിങ്ങളുടെ വിളകൾക്ക് ഇപ്പോൾ തന്നെ തളിക്കുക.,फवारणी: सध्या हवा शांत आहे. वारा येऊन तुमचे औषध वाया जाण्यापूर्वी आत्ताच तुमच्या पिकांवर फवारणी करा.,છંટકાવ: અત્યારે હવા શાંત છે. પવન ફૂંકાય અને તમારી દવા બગાડે તે પહેલાં હમણાં જ તમારા પાક પર છંટકાવ કરો.,স্প্রে করা: বাতাস এখন শান্ত। বাতাস বইতে শুরু করে এবং আপনার ওষুধ নষ্ট করার আগে এখনই আপনার ফসলে স্প্রে করুন।,ਛਿੜਕਾਅ: ਇਸ ਵੇਲੇ ਹਵਾ ਸ਼ਾਂਤ ਹੈ। ਹਵਾ ਚੱਲਣ ਅਤੇ ਤੁਹਾਡੀ ਦਵਾਈ ਬਰਬਾਦ ਹੋਣ ਤੋਂ ਪਹਿਲਾਂ ਆਪਣੀਆਂ ਫਸਲਾਂ 'ਤੇ ਹੁਣੇ ਛਿੜਕਾਅ ਕਰੋ।,چھڑکاؤ: اس وقت ہوا پرسکون ہے۔ اپنی فصلوں پر چھڑکاؤ اس سے پہلے کہ ہوا تیز ہو جائے اور آپ کی دوائی ضائع ہو جائے۔,छर्कने: अहिले हावा शान्त छ। हावा चल्नु र तपाईंको औषधि खेर जानु अघि नै आफ्नो बालीनालीमा छर्कनुहोस्।,ସିଞ୍ଚନ: ବର୍ତ୍ତମାନ ବାୟୁ ଶାନ୍ତ ଅଛି। ପବନ ବହିବା ଏବଂ ଔଷଧ ନଷ୍ଟ କରିବା ପୂର୍ବରୁ ଏବେ ଆପଣଙ୍କ ଫସଲରେ ସିଞ୍ଚନ କରନ୍ତୁ।,Before 10 AM,spray
Very Hot,Humid,Calm,Heavy Rain,fungal_risk,CAUTION,45,Monitor Fungal Risk,DISEASE ALERT: It is very damp and warm. Check your leaves for rot and use protection to save your harvest.,ರೋಗ ಎಚ್ಚರಿಕೆ: ಇದು ತುಂಬಾ ತೇವ ಮತ್ತು ಬೆಚ್ಚಗಿರುತ್ತದೆ. ನಿಮ್ಮ ಎಲೆಗಳನ್ನು ಕೊಳೆತಕ್ಕಾಗಿ ಪರಿಶೀಲಿಸಿ ಮತ್ತು ನಿಮ್ಮ ಬೆಳೆಯನ್ನು ಉಳಿಸಲು ರಕ್ಷಣೆಯನ್ನು ಬಳಸಿ.,रोग चेतावनी: मौसम बहुत नम और गर्म है। पत्तियों में सड़न की जांच करें और अपनी फसल को बचाने के लिए सुरक्षात्मक उपाय करें।,"நோய் எச்சரிக்கை: இது மிகவும் ஈரப்பதமாகவும் சூடாகவும் இருக்கும். உங்கள் இலைகளில் அழுகல் இருக்கிறதா என்று சரிபார்த்து, உங்கள் அறுவடையை சேமிக்க பாதுகாப்பைப் பயன்படுத்துங்கள்.",వ్యాధి హెచ్చరిక: ఇది చాలా తడిగా మరియు వెచ్చగా ఉంటుంది. మీ ఆకులు తెగులు కోసం తనిఖీ చేయండి మరియు మీ పంటను కాపాడటానికి రక్షణను ఉపయోగించండి.,രോഗ മുന്നറിയിപ്പ്: ഇത് വളരെ ഈർപ്പമുള്ളതും ചൂടുള്ളതുമാണ്. നിങ്ങളുടെ ഇലകൾ അഴുകുന്നുണ്ടോ എന്ന് പരിശോധിച്ച് നിങ്ങളുടെ വിള സംരക്ഷിക്കാൻ സംരക്ഷണം ഉപയോഗിക്കുക.,रोगाचा इशारा: हे खूप ओलसर आणि उबदार आहे. तुमची पाने कुजली आहेत का ते तपासा आणि तुमचे पीक वाचवण्यासाठी संरक्षण वापरा.,રોગની ચેતવણી: તે ખૂબ જ ભેજવાળી અને ગરમ છે. તમારા પાંદડા સડી ગયા છે કે નહીં તે તપાસો અને તમારા પાકને બચાવવા માટે રક્ષણનો ઉપયોગ કરો.,রোগের সতর্কতা: এটি খুব স্যাঁতসেঁতে এবং উষ্ণ। আপনার পাতা পচে গেছে কিনা তা পরীক্ষা করুন এবং আপনার ফসল বাঁচাতে সুরক্ষা ব্যবস্থা ব্যবহার করুন।,ਬਿਮਾਰੀ ਦੀ ਚੇਤਾਵਨੀ: ਇਹ ਬਹੁਤ ਗਿੱਲਾ ਅਤੇ ਗਰਮ ਹੈ। ਆਪਣੇ ਪੱਤਿਆਂ ਦੀ ਸੜਨ ਦੀ ਜਾਂਚ ਕਰੋ ਅਤੇ ਆਪਣੀ ਫ਼ਸਲ ਨੂੰ ਬਚਾਉਣ ਲਈ ਸੁਰੱਖਿਆ ਦੀ ਵਰਤੋਂ ਕਰੋ।,بیماری کا انتباہ: یہ بہت نم اور گرم ہے۔ اپنے پتوں کو سڑنے کے لیے چیک کریں اور اپنی فصل کو بچانے کے لیے تحفظ کا استعمال کریں۔,रोगको चेतावनी: यो धेरै ओसिलो र न्यानो छ। आफ्नो पातहरू कुहिन जाँच गर्नुहोस् र आफ्नो बाली बचाउन सुरक्षा प्रयोग गर्नुहोस्।,ରୋଗ ସତର୍କତା: ଏହା ବହୁତ ଓଦା ଏବଂ ଉଷ୍ମ। ଆପଣଙ୍କ ପତ୍ର ପଚିଛି କି ନାହିଁ ଯାଞ୍ଚ କରନ୍ତୁ ଏବଂ ଆପଣଙ୍କ ଫସଲକୁ ବଞ୍ଚାଇବା ପାଇଁ ସୁରକ୍ଷା ବ୍ୟବହାର କରନ୍ତୁ।,,warning
Very Hot,Humid,Calm,Heavy Rain,field_work,CAUTION,45,Limit Field Work Hours,FIELD WORK: It is getting very hot. Do your heavy work while it is still cool to keep yourself and your plants healthy.,ಕ್ಷೇತ್ರದ ಕೆಲಸ: ತುಂಬಾ ಬಿಸಿಯಾಗುತ್ತಿದೆ. ನಿಮ್ಮನ್ನು ಮತ್ತು ನಿಮ್ಮ ಸಸ್ಯಗಳನ್ನು ಆರೋಗ್ಯವಾಗಿಡಲು ತಂಪಾಗಿರುವಾಗಲೇ ನಿಮ್ಮ ಭಾರವಾದ ಕೆಲಸವನ್ನು ಮಾಡಿ.,"खेत का काम: बहुत गर्मी पड़ रही है। अपना भारी काम तब करें जब मौसम ठंडा हो, ताकि आप और आपके पौधे स्वस्थ रहें।","களப்பணி: மிகவும் சூடாகி வருகிறது. உங்களையும் உங்கள் தாவரங்களையும் ஆரோக்கியமாக வைத்திருக்க, குளிர்ச்சியாக இருக்கும்போதே உங்கள் கனமான வேலையைச் செய்யுங்கள்.",ఫీల్డ్ వర్క్: చాలా వేడిగా ఉంది. మిమ్మల్ని మరియు మీ మొక్కలను ఆరోగ్యంగా ఉంచుకోవడానికి చల్లగా ఉన్నప్పుడే మీ భారీ పని చేయండి.,വയലിലെ ജോലി: ചൂട് കൂടിവരികയാണ്. നിങ്ങളെയും നിങ്ങളുടെ ചെടികളെയും ആരോഗ്യത്തോടെ നിലനിർത്താൻ തണുപ്പുള്ളപ്പോൾ തന്നെ ഭാരിച്ച ജോലികൾ ചെയ്യുക.,शेतातील काम: खूप उष्णता वाढत आहे. स्वतःला आणि तुमच्या झाडांना निरोगी ठेवण्यासाठी थंड असतानाच तुमचे जड काम करा.,ખેતરમાં કામ: ખૂબ ગરમી પડી રહી છે. ઠંડી હોય ત્યારે ભારે કામ કરો જેથી તમારી જાતને અને તમારા છોડને સ્વસ્થ રાખી શકાય.,মাঠের কাজ: খুব গরম পড়ছে। নিজেকে এবং আপনার গাছপালা সুস্থ রাখতে ঠান্ডা থাকতেই ভারী কাজ করুন।,ਖੇਤ ਦਾ ਕੰਮ: ਬਹੁਤ ਗਰਮੀ ਪੈ ਰਹੀ ਹੈ। ਆਪਣੇ ਆਪ ਨੂੰ ਅਤੇ ਆਪਣੇ ਪੌਦਿਆਂ ਨੂੰ ਸਿਹਤਮੰਦ ਰੱਖਣ ਲਈ ਠੰਡਾ ਹੋਣ ਤੱਕ ਆਪਣਾ ਭਾਰੀ ਕੰਮ ਕਰੋ।,فیلڈ ورک: یہ بہت گرم ہو رہا ہے۔ اپنے آپ کو اور اپنے پودوں کو صحت مند رکھنے کے لیے ٹھنڈا ہونے کے دوران اپنا بھاری کام کریں۔,खेतबारीको काम: धेरै गर्मी भइरहेको छ। आफू र आफ्ना बिरुवाहरूलाई स्वस्थ राख्न चिसो हुँदा नै आफ्नो भारी काम गर्नुहोस्।,କ୍ଷେତ କାମ: ବହୁତ ଗରମ ହେଉଛି। ନିଜକୁ ଏବଂ ଆପଣଙ୍କ ଗଛଗୁଡ଼ିକୁ ସୁସ୍ଥ ରଖିବା ପାଇଁ ଥଣ୍ଡା ଥିବା ସମୟରେ ଆପଣଙ୍କର କଠିନ କାମ କରନ୍ତୁ।,Before 10 AM or After 5 PM,tractor
Very Hot,Humid,Breezy,Dry,irrigation,CAUTION,45,Irrigation Caution,WATERING: The ground is dry. Best to water in the early morning so the plants stay strong during the heat.,"ನೀರುಹಾಕುವುದು: ನೆಲ ಒಣಗಿದೆ. ಬೆಳಿಗ್ಗೆ ಬೇಗನೆ ನೀರು ಹಾಕುವುದು ಉತ್ತಮ, ಇದರಿಂದ ಸಸ್ಯಗಳು ಶಾಖದ ಸಮಯದಲ್ಲಿ ಬಲವಾಗಿರುತ್ತವೆ.",पानी देना: मिट्टी सूखी है। पौधों को गर्मी के दौरान स्वस्थ रखने के लिए सुबह जल्दी पानी देना सबसे अच्छा है।,"நீர்ப்பாசனம்: நிலம் வறண்டு உள்ளது. அதிகாலையில் தண்ணீர் பாய்ச்சுவது நல்லது, இதனால் வெப்பத்தின் போது தாவரங்கள் வலுவாக இருக்கும்.","నీరు త్రాగుట: నేల పొడిగా ఉంటుంది. ఉదయాన్నే నీరు పోయడం మంచిది, తద్వారా వేడి సమయంలో మొక్కలు బలంగా ఉంటాయి.","നനവ്: നിലം വരണ്ടതാണ്. അതിരാവിലെ നനയ്ക്കുന്നതാണ് നല്ലത്, അങ്ങനെ ചൂടിൽ ചെടികൾ ശക്തമായി നിലനിൽക്കും.",पाणी देणे: जमीन कोरडी आहे. सकाळी लवकर पाणी देणे चांगले जेणेकरून उष्णतेमध्ये झाडे मजबूत राहतील.,પાણી આપવું: જમીન સૂકી છે. ગરમી દરમિયાન છોડ મજબૂત રહે તે માટે વહેલી સવારે પાણી આપવું શ્રેષ્ઠ છે.,"জল দেওয়া: মাটি শুষ্ক। খুব ভোরে জল দেওয়া ভালো, যাতে গরমের সময় গাছপালা শক্তিশালী থাকে।",ਪਾਣੀ ਦੇਣਾ: ਜ਼ਮੀਨ ਸੁੱਕੀ ਹੈ। ਸਵੇਰੇ ਜਲਦੀ ਪਾਣੀ ਦੇਣਾ ਸਭ ਤੋਂ ਵਧੀਆ ਹੈ ਤਾਂ ਜੋ ਪੌਦੇ ਗਰਮੀ ਦੌਰਾਨ ਮਜ਼ਬੂਤ ​​ਰਹਿਣ।,پانی دینا: زمین خشک ہے۔ صبح سویرے پانی دینا بہتر ہے تاکہ گرمی کے دوران پودے مضبوط رہیں۔,पानी हाल्ने: जमिन सुख्खा छ। बिहान सबेरै पानी हाल्नु राम्रो हुन्छ ताकि गर्मीको समयमा बिरुवाहरू बलियो रहून्।,ପାଣି ଦେବା: ଜମି ଶୁଖିଲା ଅଛି। ଗରମ ସମୟରେ ଗଛଗୁଡ଼ିକ ଶକ୍ତିଶାଳୀ ରହିବା ପାଇଁ ସକାଳୁ ପାଣି ଦେବା ଭଲ।,Before 8 AM,droplet
Very Hot,Humid,Breezy,Dry,spraying,CAUTION,45,Spray With Caution,SPRAYING: The air is calm right now. Spray your crops now before the wind picks up and wastes your medicine.,ಸಿಂಪಡಣೆ: ಗಾಳಿ ಈಗ ಶಾಂತವಾಗಿದೆ. ಗಾಳಿ ಬೀಸಿ ನಿಮ್ಮ ಔಷಧ ವ್ಯರ್ಥವಾಗುವ ಮೊದಲು ನಿಮ್ಮ ಬೆಳೆಗಳಿಗೆ ಈಗಲೇ ಸಿಂಪಡಿಸಿ.,छिड़काव: इस समय हवा शांत है। हवा चलने और दवा बर्बाद होने से पहले अपनी फसलों पर छिड़काव करें।,தெளித்தல்: காற்று இப்போது அமைதியாக இருக்கிறது. காற்று வீசி உங்கள் மருந்தை வீணாக்கும் முன் உங்கள் பயிர்களுக்கு இப்போதே தெளிக்கவும்.,స్ప్రేయింగ్: ప్రస్తుతం గాలి ప్రశాంతంగా ఉంది. గాలి వీచి మీ ఔషధం వృధా అయ్యేలోపు మీ పంటలపై ఇప్పుడే పిచికారీ చేయండి.,സ്പ്രേയിംഗ്: ഇപ്പോൾ വായു ശാന്തമാണ്. കാറ്റ് വീശി നിങ്ങളുടെ മരുന്നുകൾ പാഴാക്കുന്നതിനുമുമ്പ് നിങ്ങളുടെ വിളകൾക്ക് ഇപ്പോൾ തന്നെ തളിക്കുക.,फवारणी: सध्या हवा शांत आहे. वारा येऊन तुमचे औषध वाया जाण्यापूर्वी आत्ताच तुमच्या पिकांवर फवारणी करा.,છંટકાવ: અત્યારે હવા શાંત છે. પવન ફૂંકાય અને તમારી દવા બગાડે તે પહેલાં હમણાં જ તમારા પાક પર છંટકાવ કરો.,স্প্রে করা: বাতাস এখন শান্ত। বাতাস বইতে শুরু করে এবং আপনার ওষুধ নষ্ট করার আগে এখনই আপনার ফসলে স্প্রে করুন।,ਛਿੜਕਾਅ: ਇਸ ਵੇਲੇ ਹਵਾ ਸ਼ਾਂਤ ਹੈ। ਹਵਾ ਚੱਲਣ ਅਤੇ ਤੁਹਾਡੀ ਦਵਾਈ ਬਰਬਾਦ ਹੋਣ ਤੋਂ ਪਹਿਲਾਂ ਆਪਣੀਆਂ ਫਸਲਾਂ 'ਤੇ ਹੁਣੇ ਛਿੜਕਾਅ ਕਰੋ।,چھڑکاؤ: اس وقت ہوا پرسکون ہے۔ اپنی فصلوں پر چھڑکاؤ اس سے پہلے کہ ہوا تیز ہو جائے اور آپ کی دوائی ضائع ہو جائے۔,छर्कने: अहिले हावा शान्त छ। हावा चल्नु र तपाईंको औषधि खेर जानु अघि नै आफ्नो बालीनालीमा छर्कनुहोस्।,ସିଞ୍ଚନ: ବର୍ତ୍ତମାନ ବାୟୁ ଶାନ୍ତ ଅଛି। ପବନ ବହିବା ଏବଂ ଔଷଧ ନଷ୍ଟ କରିବା ପୂର୍ବରୁ ଏବେ ଆପଣଙ୍କ ଫସଲରେ ସିଞ୍ଚନ କରନ୍ତୁ।,Before 10 AM,spray
Very Hot,Humid,Breezy,Dry,fungal_risk,CAUTION,45,Monitor Fungal Risk,DISEASE ALERT: It is very damp and warm. Check your leaves for rot and use protection to save your harvest.,ರೋಗ ಎಚ್ಚರಿಕೆ: ಇದು ತುಂಬಾ ತೇವ ಮತ್ತು ಬೆಚ್ಚಗಿರುತ್ತದೆ. ನಿಮ್ಮ ಎಲೆಗಳನ್ನು ಕೊಳೆತಕ್ಕಾಗಿ ಪರಿಶೀಲಿಸಿ ಮತ್ತು ನಿಮ್ಮ ಬೆಳೆಯನ್ನು ಉಳಿಸಲು ರಕ್ಷಣೆಯನ್ನು ಬಳಸಿ.,रोग चेतावनी: मौसम बहुत नम और गर्म है। पत्तियों में सड़न की जांच करें और अपनी फसल को बचाने के लिए सुरक्षात्मक उपाय करें।,"நோய் எச்சரிக்கை: இது மிகவும் ஈரப்பதமாகவும் சூடாகவும் இருக்கும். உங்கள் இலைகளில் அழுகல் இருக்கிறதா என்று சரிபார்த்து, உங்கள் அறுவடையை சேமிக்க பாதுகாப்பைப் பயன்படுத்துங்கள்.",వ్యాధి హెచ్చరిక: ఇది చాలా తడిగా మరియు వెచ్చగా ఉంటుంది. మీ ఆకులు తెగులు కోసం తనిఖీ చేయండి మరియు మీ పంటను కాపాడటానికి రక్షణను ఉపయోగించండి.,രോഗ മുന്നറിയിപ്പ്: ഇത് വളരെ ഈർപ്പമുള്ളതും ചൂടുള്ളതുമാണ്. നിങ്ങളുടെ ഇലകൾ അഴുകുന്നുണ്ടോ എന്ന് പരിശോധിച്ച് നിങ്ങളുടെ വിള സംരക്ഷിക്കാൻ സംരക്ഷണം ഉപയോഗിക്കുക.,रोगाचा इशारा: हे खूप ओलसर आणि उबदार आहे. तुमची पाने कुजली आहेत का ते तपासा आणि तुमचे पीक वाचवण्यासाठी संरक्षण वापरा.,રોગની ચેતવણી: તે ખૂબ જ ભેજવાળી અને ગરમ છે. તમારા પાંદડા સડી ગયા છે કે નહીં તે તપાસો અને તમારા પાકને બચાવવા માટે રક્ષણનો ઉપયોગ કરો.,রোগের সতর্কতা: এটি খুব স্যাঁতসেঁতে এবং উষ্ণ। আপনার পাতা পচে গেছে কিনা তা পরীক্ষা করুন এবং আপনার ফসল বাঁচাতে সুরক্ষা ব্যবস্থা ব্যবহার করুন।,ਬਿਮਾਰੀ ਦੀ ਚੇਤਾਵਨੀ: ਇਹ ਬਹੁਤ ਗਿੱਲਾ ਅਤੇ ਗਰਮ ਹੈ। ਆਪਣੇ ਪੱਤਿਆਂ ਦੀ ਸੜਨ ਦੀ ਜਾਂਚ ਕਰੋ ਅਤੇ ਆਪਣੀ ਫ਼ਸਲ ਨੂੰ ਬਚਾਉਣ ਲਈ ਸੁਰੱਖਿਆ ਦੀ ਵਰਤੋਂ ਕਰੋ।,بیماری کا انتباہ: یہ بہت نم اور گرم ہے۔ اپنے پتوں کو سڑنے کے لیے چیک کریں اور اپنی فصل کو بچانے کے لیے تحفظ کا استعمال کریں۔,रोगको चेतावनी: यो धेरै ओसिलो र न्यानो छ। आफ्नो पातहरू कुहिन जाँच गर्नुहोस् र आफ्नो बाली बचाउन सुरक्षा प्रयोग गर्नुहोस्।,ରୋଗ ସତର୍କତା: ଏହା ବହୁତ ଓଦା ଏବଂ ଉଷ୍ମ। ଆପଣଙ୍କ ପତ୍ର ପଚିଛି କି ନାହିଁ ଯାଞ୍ଚ କରନ୍ତୁ ଏବଂ ଆପଣଙ୍କ ଫସଲକୁ ବଞ୍ଚାଇବା ପାଇଁ ସୁରକ୍ଷା ବ୍ୟବହାର କରନ୍ତୁ।,,warning
Very Hot,Humid,Breezy,Dry,field_work,CAUTION,45,Limit Field Work Hours,FIELD WORK: It is getting very hot. Do your heavy work while it is still cool to keep yourself and your plants healthy.,ಕ್ಷೇತ್ರದ ಕೆಲಸ: ತುಂಬಾ ಬಿಸಿಯಾಗುತ್ತಿದೆ. ನಿಮ್ಮನ್ನು ಮತ್ತು ನಿಮ್ಮ ಸಸ್ಯಗಳನ್ನು ಆರೋಗ್ಯವಾಗಿಡಲು ತಂಪಾಗಿರುವಾಗಲೇ ನಿಮ್ಮ ಭಾರವಾದ ಕೆಲಸವನ್ನು ಮಾಡಿ.,"खेत का काम: बहुत गर्मी पड़ रही है। अपना भारी काम तब करें जब मौसम ठंडा हो, ताकि आप और आपके पौधे स्वस्थ रहें।","களப்பணி: மிகவும் சூடாகி வருகிறது. உங்களையும் உங்கள் தாவரங்களையும் ஆரோக்கியமாக வைத்திருக்க, குளிர்ச்சியாக இருக்கும்போதே உங்கள் கனமான வேலையைச் செய்யுங்கள்.",ఫీల్డ్ వర్క్: చాలా వేడిగా ఉంది. మిమ్మల్ని మరియు మీ మొక్కలను ఆరోగ్యంగా ఉంచుకోవడానికి చల్లగా ఉన్నప్పుడే మీ భారీ పని చేయండి.,വയലിലെ ജോലി: ചൂട് കൂടിവരികയാണ്. നിങ്ങളെയും നിങ്ങളുടെ ചെടികളെയും ആരോഗ്യത്തോടെ നിലനിർത്താൻ തണുപ്പുള്ളപ്പോൾ തന്നെ ഭാരിച്ച ജോലികൾ ചെയ്യുക.,शेतातील काम: खूप उष्णता वाढत आहे. स्वतःला आणि तुमच्या झाडांना निरोगी ठेवण्यासाठी थंड असतानाच तुमचे जड काम करा.,ખેતરમાં કામ: ખૂબ ગરમી પડી રહી છે. ઠંડી હોય ત્યારે ભારે કામ કરો જેથી તમારી જાતને અને તમારા છોડને સ્વસ્થ રાખી શકાય.,মাঠের কাজ: খুব গরম পড়ছে। নিজেকে এবং আপনার গাছপালা সুস্থ রাখতে ঠান্ডা থাকতেই ভারী কাজ করুন।,ਖੇਤ ਦਾ ਕੰਮ: ਬਹੁਤ ਗਰਮੀ ਪੈ ਰਹੀ ਹੈ। ਆਪਣੇ ਆਪ ਨੂੰ ਅਤੇ ਆਪਣੇ ਪੌਦਿਆਂ ਨੂੰ ਸਿਹਤਮੰਦ ਰੱਖਣ ਲਈ ਠੰਡਾ ਹੋਣ ਤੱਕ ਆਪਣਾ ਭਾਰੀ ਕੰਮ ਕਰੋ।,فیلڈ ورک: یہ بہت گرم ہو رہا ہے۔ اپنے آپ کو اور اپنے پودوں کو صحت مند رکھنے کے لیے ٹھنڈا ہونے کے دوران اپنا بھاری کام کریں۔,खेतबारीको काम: धेरै गर्मी भइरहेको छ। आफू र आफ्ना बिरुवाहरूलाई स्वस्थ राख्न चिसो हुँदा नै आफ्नो भारी काम गर्नुहोस्।,କ୍ଷେତ କାମ: ବହୁତ ଗରମ ହେଉଛି। ନିଜକୁ ଏବଂ ଆପଣଙ୍କ ଗଛଗୁଡ଼ିକୁ ସୁସ୍ଥ ରଖିବା ପାଇଁ ଥଣ୍ଡା ଥିବା ସମୟରେ ଆପଣଙ୍କର କଠିନ କାମ କରନ୍ତୁ।,Before 10 AM or After 5 PM,tractor
Very Hot,Humid,Breezy,Light Rain,irrigation,CAUTION,45,Irrigation Caution,WATERING: The ground is dry. Best to water in the early morning so the plants stay strong during the heat.,"ನೀರುಹಾಕುವುದು: ನೆಲ ಒಣಗಿದೆ. ಬೆಳಿಗ್ಗೆ ಬೇಗನೆ ನೀರು ಹಾಕುವುದು ಉತ್ತಮ, ಇದರಿಂದ ಸಸ್ಯಗಳು ಶಾಖದ ಸಮಯದಲ್ಲಿ ಬಲವಾಗಿರುತ್ತವೆ.",पानी देना: मिट्टी सूखी है। पौधों को गर्मी के दौरान स्वस्थ रखने के लिए सुबह जल्दी पानी देना सबसे अच्छा है।,"நீர்ப்பாசனம்: நிலம் வறண்டு உள்ளது. அதிகாலையில் தண்ணீர் பாய்ச்சுவது நல்லது, இதனால் வெப்பத்தின் போது தாவரங்கள் வலுவாக இருக்கும்.","నీరు త్రాగుట: నేల పొడిగా ఉంటుంది. ఉదయాన్నే నీరు పోయడం మంచిది, తద్వారా వేడి సమయంలో మొక్కలు బలంగా ఉంటాయి.","നനവ്: നിലം വരണ്ടതാണ്. അതിരാവിലെ നനയ്ക്കുന്നതാണ് നല്ലത്, അങ്ങനെ ചൂടിൽ ചെടികൾ ശക്തമായി നിലനിൽക്കും.",पाणी देणे: जमीन कोरडी आहे. सकाळी लवकर पाणी देणे चांगले जेणेकरून उष्णतेमध्ये झाडे मजबूत राहतील.,પાણી આપવું: જમીન સૂકી છે. ગરમી દરમિયાન છોડ મજબૂત રહે તે માટે વહેલી સવારે પાણી આપવું શ્રેષ્ઠ છે.,"জল দেওয়া: মাটি শুষ্ক। খুব ভোরে জল দেওয়া ভালো, যাতে গরমের সময় গাছপালা শক্তিশালী থাকে।",ਪਾਣੀ ਦੇਣਾ: ਜ਼ਮੀਨ ਸੁੱਕੀ ਹੈ। ਸਵੇਰੇ ਜਲਦੀ ਪਾਣੀ ਦੇਣਾ ਸਭ ਤੋਂ ਵਧੀਆ ਹੈ ਤਾਂ ਜੋ ਪੌਦੇ ਗਰਮੀ ਦੌਰਾਨ ਮਜ਼ਬੂਤ ​​ਰਹਿਣ।,پانی دینا: زمین خشک ہے۔ صبح سویرے پانی دینا بہتر ہے تاکہ گرمی کے دوران پودے مضبوط رہیں۔,पानी हाल्ने: जमिन सुख्खा छ। बिहान सबेरै पानी हाल्नु राम्रो हुन्छ ताकि गर्मीको समयमा बिरुवाहरू बलियो रहून्।,ପାଣି ଦେବା: ଜମି ଶୁଖିଲା ଅଛି। ଗରମ ସମୟରେ ଗଛଗୁଡ଼ିକ ଶକ୍ତିଶାଳୀ ରହିବା ପାଇଁ ସକାଳୁ ପାଣି ଦେବା ଭଲ।,Before 8 AM,droplet
Very Hot,Humid,Breezy,Light Rain,spraying,CAUTION,45,Spray With Caution,SPRAYING: The air is calm right now. Spray your crops now before the wind picks up and wastes your medicine.,ಸಿಂಪಡಣೆ: ಗಾಳಿ ಈಗ ಶಾಂತವಾಗಿದೆ. ಗಾಳಿ ಬೀಸಿ ನಿಮ್ಮ ಔಷಧ ವ್ಯರ್ಥವಾಗುವ ಮೊದಲು ನಿಮ್ಮ ಬೆಳೆಗಳಿಗೆ ಈಗಲೇ ಸಿಂಪಡಿಸಿ.,छिड़काव: इस समय हवा शांत है। हवा चलने और दवा बर्बाद होने से पहले अपनी फसलों पर छिड़काव करें।,தெளித்தல்: காற்று இப்போது அமைதியாக இருக்கிறது. காற்று வீசி உங்கள் மருந்தை வீணாக்கும் முன் உங்கள் பயிர்களுக்கு இப்போதே தெளிக்கவும்.,స్ప్రేయింగ్: ప్రస్తుతం గాలి ప్రశాంతంగా ఉంది. గాలి వీచి మీ ఔషధం వృధా అయ్యేలోపు మీ పంటలపై ఇప్పుడే పిచికారీ చేయండి.,സ്പ്രേയിംഗ്: ഇപ്പോൾ വായു ശാന്തമാണ്. കാറ്റ് വീശി നിങ്ങളുടെ മരുന്നുകൾ പാഴാക്കുന്നതിനുമുമ്പ് നിങ്ങളുടെ വിളകൾക്ക് ഇപ്പോൾ തന്നെ തളിക്കുക.,फवारणी: सध्या हवा शांत आहे. वारा येऊन तुमचे औषध वाया जाण्यापूर्वी आत्ताच तुमच्या पिकांवर फवारणी करा.,છંટકાવ: અત્યારે હવા શાંત છે. પવન ફૂંકાય અને તમારી દવા બગાડે તે પહેલાં હમણાં જ તમારા પાક પર છંટકાવ કરો.,স্প্রে করা: বাতাস এখন শান্ত। বাতাস বইতে শুরু করে এবং আপনার ওষুধ নষ্ট করার আগে এখনই আপনার ফসলে স্প্রে করুন।,ਛਿੜਕਾਅ: ਇਸ ਵੇਲੇ ਹਵਾ ਸ਼ਾਂਤ ਹੈ। ਹਵਾ ਚੱਲਣ ਅਤੇ ਤੁਹਾਡੀ ਦਵਾਈ ਬਰਬਾਦ ਹੋਣ ਤੋਂ ਪਹਿਲਾਂ ਆਪਣੀਆਂ ਫਸਲਾਂ 'ਤੇ ਹੁਣੇ ਛਿੜਕਾਅ ਕਰੋ।,چھڑکاؤ: اس وقت ہوا پرسکون ہے۔ اپنی فصلوں پر چھڑکاؤ اس سے پہلے کہ ہوا تیز ہو جائے اور آپ کی دوائی ضائع ہو جائے۔,छर्कने: अहिले हावा शान्त छ। हावा चल्नु र तपाईंको औषधि खेर जानु अघि नै आफ्नो बालीनालीमा छर्कनुहोस्।,ସିଞ୍ଚନ: ବର୍ତ୍ତମାନ ବାୟୁ ଶାନ୍ତ ଅଛି। ପବନ ବହିବା ଏବଂ ଔଷଧ ନଷ୍ଟ କରିବା ପୂର୍ବରୁ ଏବେ ଆପଣଙ୍କ ଫସଲରେ ସିଞ୍ଚନ କରନ୍ତୁ।,Before 10 AM,spray
Very Hot,Humid,Breezy,Light Rain,fungal_risk,CAUTION,45,Monitor Fungal Risk,DISEASE ALERT: It is very damp and warm. Check your leaves for rot and use protection to save your harvest.,ರೋಗ ಎಚ್ಚರಿಕೆ: ಇದು ತುಂಬಾ ತೇವ ಮತ್ತು ಬೆಚ್ಚಗಿರುತ್ತದೆ. ನಿಮ್ಮ ಎಲೆಗಳನ್ನು ಕೊಳೆತಕ್ಕಾಗಿ ಪರಿಶೀಲಿಸಿ ಮತ್ತು ನಿಮ್ಮ ಬೆಳೆಯನ್ನು ಉಳಿಸಲು ರಕ್ಷಣೆಯನ್ನು ಬಳಸಿ.,रोग चेतावनी: मौसम बहुत नम और गर्म है। पत्तियों में सड़न की जांच करें और अपनी फसल को बचाने के लिए सुरक्षात्मक उपाय करें।,"நோய் எச்சரிக்கை: இது மிகவும் ஈரப்பதமாகவும் சூடாகவும் இருக்கும். உங்கள் இலைகளில் அழுகல் இருக்கிறதா என்று சரிபார்த்து, உங்கள் அறுவடையை சேமிக்க பாதுகாப்பைப் பயன்படுத்துங்கள்.",వ్యాధి హెచ్చరిక: ఇది చాలా తడిగా మరియు వెచ్చగా ఉంటుంది. మీ ఆకులు తెగులు కోసం తనిఖీ చేయండి మరియు మీ పంటను కాపాడటానికి రక్షణను ఉపయోగించండి.,രോഗ മുന്നറിയിപ്പ്: ഇത് വളരെ ഈർപ്പമുള്ളതും ചൂടുള്ളതുമാണ്. നിങ്ങളുടെ ഇലകൾ അഴുകുന്നുണ്ടോ എന്ന് പരിശോധിച്ച് നിങ്ങളുടെ വിള സംരക്ഷിക്കാൻ സംരക്ഷണം ഉപയോഗിക്കുക.,रोगाचा इशारा: हे खूप ओलसर आणि उबदार आहे. तुमची पाने कुजली आहेत का ते तपासा आणि तुमचे पीक वाचवण्यासाठी संरक्षण वापरा.,રોગની ચેતવણી: તે ખૂબ જ ભેજવાળી અને ગરમ છે. તમારા પાંદડા સડી ગયા છે કે નહીં તે તપાસો અને તમારા પાકને બચાવવા માટે રક્ષણનો ઉપયોગ કરો.,রোগের সতর্কতা: এটি খুব স্যাঁতসেঁতে এবং উষ্ণ। আপনার পাতা পচে গেছে কিনা তা পরীক্ষা করুন এবং আপনার ফসল বাঁচাতে সুরক্ষা ব্যবস্থা ব্যবহার করুন।,ਬਿਮਾਰੀ ਦੀ ਚੇਤਾਵਨੀ: ਇਹ ਬਹੁਤ ਗਿੱਲਾ ਅਤੇ ਗਰਮ ਹੈ। ਆਪਣੇ ਪੱਤਿਆਂ ਦੀ ਸੜਨ ਦੀ ਜਾਂਚ ਕਰੋ ਅਤੇ ਆਪਣੀ ਫ਼ਸਲ ਨੂੰ ਬਚਾਉਣ ਲਈ ਸੁਰੱਖਿਆ ਦੀ ਵਰਤੋਂ ਕਰੋ।,بیماری کا انتباہ: یہ بہت نم اور گرم ہے۔ اپنے پتوں کو سڑنے کے لیے چیک کریں اور اپنی فصل کو بچانے کے لیے تحفظ کا استعمال کریں۔,रोगको चेतावनी: यो धेरै ओसिलो र न्यानो छ। आफ्नो पातहरू कुहिन जाँच गर्नुहोस् र आफ्नो बाली बचाउन सुरक्षा प्रयोग गर्नुहोस्।,ରୋଗ ସତର୍କତା: ଏହା ବହୁତ ଓଦା ଏବଂ ଉଷ୍ମ। ଆପଣଙ୍କ ପତ୍ର ପଚିଛି କି ନାହିଁ ଯାଞ୍ଚ କରନ୍ତୁ ଏବଂ ଆପଣଙ୍କ ଫସଲକୁ ବଞ୍ଚାଇବା ପାଇଁ ସୁରକ୍ଷା ବ୍ୟବହାର କରନ୍ତୁ।,,warning
Very Hot,Humid,Breezy,Light Rain,field_work,CAUTION,45,Limit Field Work Hours,FIELD WORK: It is getting very hot. Do your heavy work while it is still cool to keep yourself and your plants healthy.,ಕ್ಷೇತ್ರದ ಕೆಲಸ: ತುಂಬಾ ಬಿಸಿಯಾಗುತ್ತಿದೆ. ನಿಮ್ಮನ್ನು ಮತ್ತು ನಿಮ್ಮ ಸಸ್ಯಗಳನ್ನು ಆರೋಗ್ಯವಾಗಿಡಲು ತಂಪಾಗಿರುವಾಗಲೇ ನಿಮ್ಮ ಭಾರವಾದ ಕೆಲಸವನ್ನು ಮಾಡಿ.,"खेत का काम: बहुत गर्मी पड़ रही है। अपना भारी काम तब करें जब मौसम ठंडा हो, ताकि आप और आपके पौधे स्वस्थ रहें।","களப்பணி: மிகவும் சூடாகி வருகிறது. உங்களையும் உங்கள் தாவரங்களையும் ஆரோக்கியமாக வைத்திருக்க, குளிர்ச்சியாக இருக்கும்போதே உங்கள் கனமான வேலையைச் செய்யுங்கள்.",ఫీల్డ్ వర్క్: చాలా వేడిగా ఉంది. మిమ్మల్ని మరియు మీ మొక్కలను ఆరోగ్యంగా ఉంచుకోవడానికి చల్లగా ఉన్నప్పుడే మీ భారీ పని చేయండి.,വയലിലെ ജോലി: ചൂട് കൂടിവരികയാണ്. നിങ്ങളെയും നിങ്ങളുടെ ചെടികളെയും ആരോഗ്യത്തോടെ നിലനിർത്താൻ തണുപ്പുള്ളപ്പോൾ തന്നെ ഭാരിച്ച ജോലികൾ ചെയ്യുക.,शेतातील काम: खूप उष्णता वाढत आहे. स्वतःला आणि तुमच्या झाडांना निरोगी ठेवण्यासाठी थंड असतानाच तुमचे जड काम करा.,ખેતરમાં કામ: ખૂબ ગરમી પડી રહી છે. ઠંડી હોય ત્યારે ભારે કામ કરો જેથી તમારી જાતને અને તમારા છોડને સ્વસ્થ રાખી શકાય.,মাঠের কাজ: খুব গরম পড়ছে। নিজেকে এবং আপনার গাছপালা সুস্থ রাখতে ঠান্ডা থাকতেই ভারী কাজ করুন।,ਖੇਤ ਦਾ ਕੰਮ: ਬਹੁਤ ਗਰਮੀ ਪੈ ਰਹੀ ਹੈ। ਆਪਣੇ ਆਪ ਨੂੰ ਅਤੇ ਆਪਣੇ ਪੌਦਿਆਂ ਨੂੰ ਸਿਹਤਮੰਦ ਰੱਖਣ ਲਈ ਠੰਡਾ ਹੋਣ ਤੱਕ ਆਪਣਾ ਭਾਰੀ ਕੰਮ ਕਰੋ।,فیلڈ ورک: یہ بہت گرم ہو رہا ہے۔ اپنے آپ کو اور اپنے پودوں کو صحت مند رکھنے کے لیے ٹھنڈا ہونے کے دوران اپنا بھاری کام کریں۔,खेतबारीको काम: धेरै गर्मी भइरहेको छ। आफू र आफ्ना बिरुवाहरूलाई स्वस्थ राख्न चिसो हुँदा नै आफ्नो भारी काम गर्नुहोस्।,କ୍ଷେତ କାମ: ବହୁତ ଗରମ ହେଉଛି। ନିଜକୁ ଏବଂ ଆପଣଙ୍କ ଗଛଗୁଡ଼ିକୁ ସୁସ୍ଥ ରଖିବା ପାଇଁ ଥଣ୍ଡା ଥିବା ସମୟରେ ଆପଣଙ୍କର କଠିନ କାମ କରନ୍ତୁ।,Before 10 AM or After 5 PM,tractor
Very Hot,Humid,Breezy,Heavy Rain,irrigation,CAUTION,45,Irrigation Caution,WATERING: The ground is dry. Best to water in the early morning so the plants stay strong during the heat.,"ನೀರುಹಾಕುವುದು: ನೆಲ ಒಣಗಿದೆ. ಬೆಳಿಗ್ಗೆ ಬೇಗನೆ ನೀರು ಹಾಕುವುದು ಉತ್ತಮ, ಇದರಿಂದ ಸಸ್ಯಗಳು ಶಾಖದ ಸಮಯದಲ್ಲಿ ಬಲವಾಗಿರುತ್ತವೆ.",पानी देना: मिट्टी सूखी है। पौधों को गर्मी के दौरान स्वस्थ रखने के लिए सुबह जल्दी पानी देना सबसे अच्छा है।,"நீர்ப்பாசனம்: நிலம் வறண்டு உள்ளது. அதிகாலையில் தண்ணீர் பாய்ச்சுவது நல்லது, இதனால் வெப்பத்தின் போது தாவரங்கள் வலுவாக இருக்கும்.","నీరు త్రాగుట: నేల పొడిగా ఉంటుంది. ఉదయాన్నే నీరు పోయడం మంచిది, తద్వారా వేడి సమయంలో మొక్కలు బలంగా ఉంటాయి.","നനവ്: നിലം വരണ്ടതാണ്. അതിരാവിലെ നനയ്ക്കുന്നതാണ് നല്ലത്, അങ്ങനെ ചൂടിൽ ചെടികൾ ശക്തമായി നിലനിൽക്കും.",पाणी देणे: जमीन कोरडी आहे. सकाळी लवकर पाणी देणे चांगले जेणेकरून उष्णतेमध्ये झाडे मजबूत राहतील.,પાણી આપવું: જમીન સૂકી છે. ગરમી દરમિયાન છોડ મજબૂત રહે તે માટે વહેલી સવારે પાણી આપવું શ્રેષ્ઠ છે.,"জল দেওয়া: মাটি শুষ্ক। খুব ভোরে জল দেওয়া ভালো, যাতে গরমের সময় গাছপালা শক্তিশালী থাকে।",ਪਾਣੀ ਦੇਣਾ: ਜ਼ਮੀਨ ਸੁੱਕੀ ਹੈ। ਸਵੇਰੇ ਜਲਦੀ ਪਾਣੀ ਦੇਣਾ ਸਭ ਤੋਂ ਵਧੀਆ ਹੈ ਤਾਂ ਜੋ ਪੌਦੇ ਗਰਮੀ ਦੌਰਾਨ ਮਜ਼ਬੂਤ ​​ਰਹਿਣ।,پانی دینا: زمین خشک ہے۔ صبح سویرے پانی دینا بہتر ہے تاکہ گرمی کے دوران پودے مضبوط رہیں۔,पानी हाल्ने: जमिन सुख्खा छ। बिहान सबेरै पानी हाल्नु राम्रो हुन्छ ताकि गर्मीको समयमा बिरुवाहरू बलियो रहून्।,ପାଣି ଦେବା: ଜମି ଶୁଖିଲା ଅଛି। ଗରମ ସମୟରେ ଗଛଗୁଡ଼ିକ ଶକ୍ତିଶାଳୀ ରହିବା ପାଇଁ ସକାଳୁ ପାଣି ଦେବା ଭଲ।,Before 8 AM,droplet
Very Hot,Humid,Breezy,Heavy Rain,spraying,CAUTION,45,Spray With Caution,SPRAYING: The air is calm right now. Spray your crops now before the wind picks up and wastes your medicine.,ಸಿಂಪಡಣೆ: ಗಾಳಿ ಈಗ ಶಾಂತವಾಗಿದೆ. ಗಾಳಿ ಬೀಸಿ ನಿಮ್ಮ ಔಷಧ ವ್ಯರ್ಥವಾಗುವ ಮೊದಲು ನಿಮ್ಮ ಬೆಳೆಗಳಿಗೆ ಈಗಲೇ ಸಿಂಪಡಿಸಿ.,छिड़काव: इस समय हवा शांत है। हवा चलने और दवा बर्बाद होने से पहले अपनी फसलों पर छिड़काव करें।,தெளித்தல்: காற்று இப்போது அமைதியாக இருக்கிறது. காற்று வீசி உங்கள் மருந்தை வீணாக்கும் முன் உங்கள் பயிர்களுக்கு இப்போதே தெளிக்கவும்.,స్ప్రేయింగ్: ప్రస్తుతం గాలి ప్రశాంతంగా ఉంది. గాలి వీచి మీ ఔషధం వృధా అయ్యేలోపు మీ పంటలపై ఇప్పుడే పిచికారీ చేయండి.,സ്പ്രേയിംഗ്: ഇപ്പോൾ വായു ശാന്തമാണ്. കാറ്റ് വീശി നിങ്ങളുടെ മരുന്നുകൾ പാഴാക്കുന്നതിനുമുമ്പ് നിങ്ങളുടെ വിളകൾക്ക് ഇപ്പോൾ തന്നെ തളിക്കുക.,फवारणी: सध्या हवा शांत आहे. वारा येऊन तुमचे औषध वाया जाण्यापूर्वी आत्ताच तुमच्या पिकांवर फवारणी करा.,છંટકાવ: અત્યારે હવા શાંત છે. પવન ફૂંકાય અને તમારી દવા બગાડે તે પહેલાં હમણાં જ તમારા પાક પર છંટકાવ કરો.,স্প্রে করা: বাতাস এখন শান্ত। বাতাস বইতে শুরু করে এবং আপনার ওষুধ নষ্ট করার আগে এখনই আপনার ফসলে স্প্রে করুন।,ਛਿੜਕਾਅ: ਇਸ ਵੇਲੇ ਹਵਾ ਸ਼ਾਂਤ ਹੈ। ਹਵਾ ਚੱਲਣ ਅਤੇ ਤੁਹਾਡੀ ਦਵਾਈ ਬਰਬਾਦ ਹੋਣ ਤੋਂ ਪਹਿਲਾਂ ਆਪਣੀਆਂ ਫਸਲਾਂ 'ਤੇ ਹੁਣੇ ਛਿੜਕਾਅ ਕਰੋ।,چھڑکاؤ: اس وقت ہوا پرسکون ہے۔ اپنی فصلوں پر چھڑکاؤ اس سے پہلے کہ ہوا تیز ہو جائے اور آپ کی دوائی ضائع ہو جائے۔,छर्कने: अहिले हावा शान्त छ। हावा चल्नु र तपाईंको औषधि खेर जानु अघि नै आफ्नो बालीनालीमा छर्कनुहोस्।,ସିଞ୍ଚନ: ବର୍ତ୍ତମାନ ବାୟୁ ଶାନ୍ତ ଅଛି। ପବନ ବହିବା ଏବଂ ଔଷଧ ନଷ୍ଟ କରିବା ପୂର୍ବରୁ ଏବେ ଆପଣଙ୍କ ଫସଲରେ ସିଞ୍ଚନ କରନ୍ତୁ।,Before 10 AM,spray
Very Hot,Humid,Breezy,Heavy Rain,fungal_risk,CAUTION,45,Monitor Fungal Risk,DISEASE ALERT: It is very damp and warm. Check your leaves for rot and use protection to save your harvest.,ರೋಗ ಎಚ್ಚರಿಕೆ: ಇದು ತುಂಬಾ ತೇವ ಮತ್ತು ಬೆಚ್ಚಗಿರುತ್ತದೆ. ನಿಮ್ಮ ಎಲೆಗಳನ್ನು ಕೊಳೆತಕ್ಕಾಗಿ ಪರಿಶೀಲಿಸಿ ಮತ್ತು ನಿಮ್ಮ ಬೆಳೆಯನ್ನು ಉಳಿಸಲು ರಕ್ಷಣೆಯನ್ನು ಬಳಸಿ.,रोग चेतावनी: मौसम बहुत नम और गर्म है। पत्तियों में सड़न की जांच करें और अपनी फसल को बचाने के लिए सुरक्षात्मक उपाय करें।,"நோய் எச்சரிக்கை: இது மிகவும் ஈரப்பதமாகவும் சூடாகவும் இருக்கும். உங்கள் இலைகளில் அழுகல் இருக்கிறதா என்று சரிபார்த்து, உங்கள் அறுவடையை சேமிக்க பாதுகாப்பைப் பயன்படுத்துங்கள்.",వ్యాధి హెచ్చరిక: ఇది చాలా తడిగా మరియు వెచ్చగా ఉంటుంది. మీ ఆకులు తెగులు కోసం తనిఖీ చేయండి మరియు మీ పంటను కాపాడటానికి రక్షణను ఉపయోగించండి.,രോഗ മുന്നറിയിപ്പ്: ഇത് വളരെ ഈർപ്പമുള്ളതും ചൂടുള്ളതുമാണ്. നിങ്ങളുടെ ഇലകൾ അഴുകുന്നുണ്ടോ എന്ന് പരിശോധിച്ച് നിങ്ങളുടെ വിള സംരക്ഷിക്കാൻ സംരക്ഷണം ഉപയോഗിക്കുക.,रोगाचा इशारा: हे खूप ओलसर आणि उबदार आहे. तुमची पाने कुजली आहेत का ते तपासा आणि तुमचे पीक वाचवण्यासाठी संरक्षण वापरा.,રોગની ચેતવણી: તે ખૂબ જ ભેજવાળી અને ગરમ છે. તમારા પાંદડા સડી ગયા છે કે નહીં તે તપાસો અને તમારા પાકને બચાવવા માટે રક્ષણનો ઉપયોગ કરો.,রোগের সতর্কতা: এটি খুব স্যাঁতসেঁতে এবং উষ্ণ। আপনার পাতা পচে গেছে কিনা তা পরীক্ষা করুন এবং আপনার ফসল বাঁচাতে সুরক্ষা ব্যবস্থা ব্যবহার করুন।,ਬਿਮਾਰੀ ਦੀ ਚੇਤਾਵਨੀ: ਇਹ ਬਹੁਤ ਗਿੱਲਾ ਅਤੇ ਗਰਮ ਹੈ। ਆਪਣੇ ਪੱਤਿਆਂ ਦੀ ਸੜਨ ਦੀ ਜਾਂਚ ਕਰੋ ਅਤੇ ਆਪਣੀ ਫ਼ਸਲ ਨੂੰ ਬਚਾਉਣ ਲਈ ਸੁਰੱਖਿਆ ਦੀ ਵਰਤੋਂ ਕਰੋ।,بیماری کا انتباہ: یہ بہت نم اور گرم ہے۔ اپنے پتوں کو سڑنے کے لیے چیک کریں اور اپنی فصل کو بچانے کے لیے تحفظ کا استعمال کریں۔,रोगको चेतावनी: यो धेरै ओसिलो र न्यानो छ। आफ्नो पातहरू कुहिन जाँच गर्नुहोस् र आफ्नो बाली बचाउन सुरक्षा प्रयोग गर्नुहोस्।,ରୋଗ ସତର୍କତା: ଏହା ବହୁତ ଓଦା ଏବଂ ଉଷ୍ମ। ଆପଣଙ୍କ ପତ୍ର ପଚିଛି କି ନାହିଁ ଯାଞ୍ଚ କରନ୍ତୁ ଏବଂ ଆପଣଙ୍କ ଫସଲକୁ ବଞ୍ଚାଇବା ପାଇଁ ସୁରକ୍ଷା ବ୍ୟବହାର କରନ୍ତୁ।,,warning
Very Hot,Humid,Breezy,Heavy Rain,field_work,CAUTION,45,Limit Field Work Hours,FIELD WORK: It is getting very hot. Do your heavy work while it is still cool to keep yourself and your plants healthy.,ಕ್ಷೇತ್ರದ ಕೆಲಸ: ತುಂಬಾ ಬಿಸಿಯಾಗುತ್ತಿದೆ. ನಿಮ್ಮನ್ನು ಮತ್ತು ನಿಮ್ಮ ಸಸ್ಯಗಳನ್ನು ಆರೋಗ್ಯವಾಗಿಡಲು ತಂಪಾಗಿರುವಾಗಲೇ ನಿಮ್ಮ ಭಾರವಾದ ಕೆಲಸವನ್ನು ಮಾಡಿ.,"खेत का काम: बहुत गर्मी पड़ रही है। अपना भारी काम तब करें जब मौसम ठंडा हो, ताकि आप और आपके पौधे स्वस्थ रहें।","களப்பணி: மிகவும் சூடாகி வருகிறது. உங்களையும் உங்கள் தாவரங்களையும் ஆரோக்கியமாக வைத்திருக்க, குளிர்ச்சியாக இருக்கும்போதே உங்கள் கனமான வேலையைச் செய்யுங்கள்.",ఫీల్డ్ వర్క్: చాలా వేడిగా ఉంది. మిమ్మల్ని మరియు మీ మొక్కలను ఆరోగ్యంగా ఉంచుకోవడానికి చల్లగా ఉన్నప్పుడే మీ భారీ పని చేయండి.,വയലിലെ ജോലി: ചൂട് കൂടിവരികയാണ്. നിങ്ങളെയും നിങ്ങളുടെ ചെടികളെയും ആരോഗ്യത്തോടെ നിലനിർത്താൻ തണുപ്പുള്ളപ്പോൾ തന്നെ ഭാരിച്ച ജോലികൾ ചെയ്യുക.,शेतातील काम: खूप उष्णता वाढत आहे. स्वतःला आणि तुमच्या झाडांना निरोगी ठेवण्यासाठी थंड असतानाच तुमचे जड काम करा.,ખેતરમાં કામ: ખૂબ ગરમી પડી રહી છે. ઠંડી હોય ત્યારે ભારે કામ કરો જેથી તમારી જાતને અને તમારા છોડને સ્વસ્થ રાખી શકાય.,মাঠের কাজ: খুব গরম পড়ছে। নিজেকে এবং আপনার গাছপালা সুস্থ রাখতে ঠান্ডা থাকতেই ভারী কাজ করুন।,ਖੇਤ ਦਾ ਕੰਮ: ਬਹੁਤ ਗਰਮੀ ਪੈ ਰਹੀ ਹੈ। ਆਪਣੇ ਆਪ ਨੂੰ ਅਤੇ ਆਪਣੇ ਪੌਦਿਆਂ ਨੂੰ ਸਿਹਤਮੰਦ ਰੱਖਣ ਲਈ ਠੰਡਾ ਹੋਣ ਤੱਕ ਆਪਣਾ ਭਾਰੀ ਕੰਮ ਕਰੋ।,فیلڈ ورک: یہ بہت گرم ہو رہا ہے۔ اپنے آپ کو اور اپنے پودوں کو صحت مند رکھنے کے لیے ٹھنڈا ہونے کے دوران اپنا بھاری کام کریں۔,खेतबारीको काम: धेरै गर्मी भइरहेको छ। आफू र आफ्ना बिरुवाहरूलाई स्वस्थ राख्न चिसो हुँदा नै आफ्नो भारी काम गर्नुहोस्।,କ୍ଷେତ କାମ: ବହୁତ ଗରମ ହେଉଛି। ନିଜକୁ ଏବଂ ଆପଣଙ୍କ ଗଛଗୁଡ଼ିକୁ ସୁସ୍ଥ ରଖିବା ପାଇଁ ଥଣ୍ଡା ଥିବା ସମୟରେ ଆପଣଙ୍କର କଠିନ କାମ କରନ୍ତୁ।,Before 10 AM or After 5 PM,tractor
Very Hot,Humid,Strong Gusts,Dry,irrigation,URGENT,80,Stop Irrigation Now,WATERING: The ground is dry. Best to water in the early morning so the plants stay strong during the heat.,"ನೀರುಹಾಕುವುದು: ನೆಲ ಒಣಗಿದೆ. ಬೆಳಿಗ್ಗೆ ಬೇಗನೆ ನೀರು ಹಾಕುವುದು ಉತ್ತಮ, ಇದರಿಂದ ಸಸ್ಯಗಳು ಶಾಖದ ಸಮಯದಲ್ಲಿ ಬಲವಾಗಿರುತ್ತವೆ.",पानी देना: मिट्टी सूखी है। पौधों को गर्मी के दौरान स्वस्थ रखने के लिए सुबह जल्दी पानी देना सबसे अच्छा है।,"நீர்ப்பாசனம்: நிலம் வறண்டு உள்ளது. அதிகாலையில் தண்ணீர் பாய்ச்சுவது நல்லது, இதனால் வெப்பத்தின் போது தாவரங்கள் வலுவாக இருக்கும்.","నీరు త్రాగుట: నేల పొడిగా ఉంటుంది. ఉదయాన్నే నీరు పోయడం మంచిది, తద్వారా వేడి సమయంలో మొక్కలు బలంగా ఉంటాయి.","നനവ്: നിലം വരണ്ടതാണ്. അതിരാവിലെ നനയ്ക്കുന്നതാണ് നല്ലത്, അങ്ങനെ ചൂടിൽ ചെടികൾ ശക്തമായി നിലനിൽക്കും.",पाणी देणे: जमीन कोरडी आहे. सकाळी लवकर पाणी देणे चांगले जेणेकरून उष्णतेमध्ये झाडे मजबूत राहतील.,પાણી આપવું: જમીન સૂકી છે. ગરમી દરમિયાન છોડ મજબૂત રહે તે માટે વહેલી સવારે પાણી આપવું શ્રેષ્ઠ છે.,"জল দেওয়া: মাটি শুষ্ক। খুব ভোরে জল দেওয়া ভালো, যাতে গরমের সময় গাছপালা শক্তিশালী থাকে।",ਪਾਣੀ ਦੇਣਾ: ਜ਼ਮੀਨ ਸੁੱਕੀ ਹੈ। ਸਵੇਰੇ ਜਲਦੀ ਪਾਣੀ ਦੇਣਾ ਸਭ ਤੋਂ ਵਧੀਆ ਹੈ ਤਾਂ ਜੋ ਪੌਦੇ ਗਰਮੀ ਦੌਰਾਨ ਮਜ਼ਬੂਤ ​​ਰਹਿਣ।,پانی دینا: زمین خشک ہے۔ صبح سویرے پانی دینا بہتر ہے تاکہ گرمی کے دوران پودے مضبوط رہیں۔,पानी हाल्ने: जमिन सुख्खा छ। बिहान सबेरै पानी हाल्नु राम्रो हुन्छ ताकि गर्मीको समयमा बिरुवाहरू बलियो रहून्।,ପାଣି ଦେବା: ଜମି ଶୁଖିଲା ଅଛି। ଗରମ ସମୟରେ ଗଛଗୁଡ଼ିକ ଶକ୍ତିଶାଳୀ ରହିବା ପାଇଁ ସକାଳୁ ପାଣି ଦେବା ଭଲ।,Avoid Today,droplet
Very Hot,Humid,Strong Gusts,Dry,spraying,URGENT,80,Avoid Spraying Today,SPRAYING: The air is calm right now. Spray your crops now before the wind picks up and wastes your medicine.,ಸಿಂಪಡಣೆ: ಗಾಳಿ ಈಗ ಶಾಂತವಾಗಿದೆ. ಗಾಳಿ ಬೀಸಿ ನಿಮ್ಮ ಔಷಧ ವ್ಯರ್ಥವಾಗುವ ಮೊದಲು ನಿಮ್ಮ ಬೆಳೆಗಳಿಗೆ ಈಗಲೇ ಸಿಂಪಡಿಸಿ.,छिड़काव: इस समय हवा शांत है। हवा चलने और दवा बर्बाद होने से पहले अपनी फसलों पर छिड़काव करें।,தெளித்தல்: காற்று இப்போது அமைதியாக இருக்கிறது. காற்று வீசி உங்கள் மருந்தை வீணாக்கும் முன் உங்கள் பயிர்களுக்கு இப்போதே தெளிக்கவும்.,స్ప్రేయింగ్: ప్రస్తుతం గాలి ప్రశాంతంగా ఉంది. గాలి వీచి మీ ఔషధం వృధా అయ్యేలోపు మీ పంటలపై ఇప్పుడే పిచికారీ చేయండి.,സ്പ്രേയിംഗ്: ഇപ്പോൾ വായു ശാന്തമാണ്. കാറ്റ് വീശി നിങ്ങളുടെ മരുന്നുകൾ പാഴാക്കുന്നതിനുമുമ്പ് നിങ്ങളുടെ വിളകൾക്ക് ഇപ്പോൾ തന്നെ തളിക്കുക.,फवारणी: सध्या हवा शांत आहे. वारा येऊन तुमचे औषध वाया जाण्यापूर्वी आत्ताच तुमच्या पिकांवर फवारणी करा.,છંટકાવ: અત્યારે હવા શાંત છે. પવન ફૂંકાય અને તમારી દવા બગાડે તે પહેલાં હમણાં જ તમારા પાક પર છંટકાવ કરો.,স্প্রে করা: বাতাস এখন শান্ত। বাতাস বইতে শুরু করে এবং আপনার ওষুধ নষ্ট করার আগে এখনই আপনার ফসলে স্প্রে করুন।,ਛਿੜਕਾਅ: ਇਸ ਵੇਲੇ ਹਵਾ ਸ਼ਾਂਤ ਹੈ। ਹਵਾ ਚੱਲਣ ਅਤੇ ਤੁਹਾਡੀ ਦਵਾਈ ਬਰਬਾਦ ਹੋਣ ਤੋਂ ਪਹਿਲਾਂ ਆਪਣੀਆਂ ਫਸਲਾਂ 'ਤੇ ਹੁਣੇ ਛਿੜਕਾਅ ਕਰੋ।,چھڑکاؤ: اس وقت ہوا پرسکون ہے۔ اپنی فصلوں پر چھڑکاؤ اس سے پہلے کہ ہوا تیز ہو جائے اور آپ کی دوائی ضائع ہو جائے۔,छर्कने: अहिले हावा शान्त छ। हावा चल्नु र तपाईंको औषधि खेर जानु अघि नै आफ्नो बालीनालीमा छर्कनुहोस्।,ସିଞ୍ଚନ: ବର୍ତ୍ତମାନ ବାୟୁ ଶାନ୍ତ ଅଛି। ପବନ ବହିବା ଏବଂ ଔଷଧ ନଷ୍ଟ କରିବା ପୂର୍ବରୁ ଏବେ ଆପଣଙ୍କ ଫସଲରେ ସିଞ୍ଚନ କରନ୍ତୁ।,Avoid Today,spray
Very Hot,Humid,Strong Gusts,Dry,fungal_risk,URGENT,80,High Fungal Alert,DISEASE ALERT: It is very damp and warm. Check your leaves for rot and use protection to save your harvest.,ರೋಗ ಎಚ್ಚರಿಕೆ: ಇದು ತುಂಬಾ ತೇವ ಮತ್ತು ಬೆಚ್ಚಗಿರುತ್ತದೆ. ನಿಮ್ಮ ಎಲೆಗಳನ್ನು ಕೊಳೆತಕ್ಕಾಗಿ ಪರಿಶೀಲಿಸಿ ಮತ್ತು ನಿಮ್ಮ ಬೆಳೆಯನ್ನು ಉಳಿಸಲು ರಕ್ಷಣೆಯನ್ನು ಬಳಸಿ.,रोग चेतावनी: मौसम बहुत नम और गर्म है। पत्तियों में सड़न की जांच करें और अपनी फसल को बचाने के लिए सुरक्षात्मक उपाय करें।,"நோய் எச்சரிக்கை: இது மிகவும் ஈரப்பதமாகவும் சூடாகவும் இருக்கும். உங்கள் இலைகளில் அழுகல் இருக்கிறதா என்று சரிபார்த்து, உங்கள் அறுவடையை சேமிக்க பாதுகாப்பைப் பயன்படுத்துங்கள்.",వ్యాధి హెచ్చరిక: ఇది చాలా తడిగా మరియు వెచ్చగా ఉంటుంది. మీ ఆకులు తెగులు కోసం తనిఖీ చేయండి మరియు మీ పంటను కాపాడటానికి రక్షణను ఉపయోగించండి.,രോഗ മുന്നറിയിപ്പ്: ഇത് വളരെ ഈർപ്പമുള്ളതും ചൂടുള്ളതുമാണ്. നിങ്ങളുടെ ഇലകൾ അഴുകുന്നുണ്ടോ എന്ന് പരിശോധിച്ച് നിങ്ങളുടെ വിള സംരക്ഷിക്കാൻ സംരക്ഷണം ഉപയോഗിക്കുക.,रोगाचा इशारा: हे खूप ओलसर आणि उबदार आहे. तुमची पाने कुजली आहेत का ते तपासा आणि तुमचे पीक वाचवण्यासाठी संरक्षण वापरा.,રોગની ચેતવણી: તે ખૂબ જ ભેજવાળી અને ગરમ છે. તમારા પાંદડા સડી ગયા છે કે નહીં તે તપાસો અને તમારા પાકને બચાવવા માટે રક્ષણનો ઉપયોગ કરો.,রোগের সতর্কতা: এটি খুব স্যাঁতসেঁতে এবং উষ্ণ। আপনার পাতা পচে গেছে কিনা তা পরীক্ষা করুন এবং আপনার ফসল বাঁচাতে সুরক্ষা ব্যবস্থা ব্যবহার করুন।,ਬਿਮਾਰੀ ਦੀ ਚੇਤਾਵਨੀ: ਇਹ ਬਹੁਤ ਗਿੱਲਾ ਅਤੇ ਗਰਮ ਹੈ। ਆਪਣੇ ਪੱਤਿਆਂ ਦੀ ਸੜਨ ਦੀ ਜਾਂਚ ਕਰੋ ਅਤੇ ਆਪਣੀ ਫ਼ਸਲ ਨੂੰ ਬਚਾਉਣ ਲਈ ਸੁਰੱਖਿਆ ਦੀ ਵਰਤੋਂ ਕਰੋ।,بیماری کا انتباہ: یہ بہت نم اور گرم ہے۔ اپنے پتوں کو سڑنے کے لیے چیک کریں اور اپنی فصل کو بچانے کے لیے تحفظ کا استعمال کریں۔,रोगको चेतावनी: यो धेरै ओसिलो र न्यानो छ। आफ्नो पातहरू कुहिन जाँच गर्नुहोस् र आफ्नो बाली बचाउन सुरक्षा प्रयोग गर्नुहोस्।,ରୋଗ ସତର୍କତା: ଏହା ବହୁତ ଓଦା ଏବଂ ଉଷ୍ମ। ଆପଣଙ୍କ ପତ୍ର ପଚିଛି କି ନାହିଁ ଯାଞ୍ଚ କରନ୍ତୁ ଏବଂ ଆପଣଙ୍କ ଫସଲକୁ ବଞ୍ଚାଇବା ପାଇଁ ସୁରକ୍ଷା ବ୍ୟବହାର କରନ୍ତୁ।,,warning
Very Hot,Humid,Strong Gusts,Dry,field_work,URGENT,80,Stop Field Work Now,FIELD WORK: It is getting very hot. Do your heavy work while it is still cool to keep yourself and your plants healthy.,ಕ್ಷೇತ್ರದ ಕೆಲಸ: ತುಂಬಾ ಬಿಸಿಯಾಗುತ್ತಿದೆ. ನಿಮ್ಮನ್ನು ಮತ್ತು ನಿಮ್ಮ ಸಸ್ಯಗಳನ್ನು ಆರೋಗ್ಯವಾಗಿಡಲು ತಂಪಾಗಿರುವಾಗಲೇ ನಿಮ್ಮ ಭಾರವಾದ ಕೆಲಸವನ್ನು ಮಾಡಿ.,"खेत का काम: बहुत गर्मी पड़ रही है। अपना भारी काम तब करें जब मौसम ठंडा हो, ताकि आप और आपके पौधे स्वस्थ रहें।","களப்பணி: மிகவும் சூடாகி வருகிறது. உங்களையும் உங்கள் தாவரங்களையும் ஆரோக்கியமாக வைத்திருக்க, குளிர்ச்சியாக இருக்கும்போதே உங்கள் கனமான வேலையைச் செய்யுங்கள்.",ఫీల్డ్ వర్క్: చాలా వేడిగా ఉంది. మిమ్మల్ని మరియు మీ మొక్కలను ఆరోగ్యంగా ఉంచుకోవడానికి చల్లగా ఉన్నప్పుడే మీ భారీ పని చేయండి.,വയലിലെ ജോലി: ചൂട് കൂടിവരികയാണ്. നിങ്ങളെയും നിങ്ങളുടെ ചെടികളെയും ആരോഗ്യത്തോടെ നിലനിർത്താൻ തണുപ്പുള്ളപ്പോൾ തന്നെ ഭാരിച്ച ജോലികൾ ചെയ്യുക.,शेतातील काम: खूप उष्णता वाढत आहे. स्वतःला आणि तुमच्या झाडांना निरोगी ठेवण्यासाठी थंड असतानाच तुमचे जड काम करा.,ખેતરમાં કામ: ખૂબ ગરમી પડી રહી છે. ઠંડી હોય ત્યારે ભારે કામ કરો જેથી તમારી જાતને અને તમારા છોડને સ્વસ્થ રાખી શકાય.,মাঠের কাজ: খুব গরম পড়ছে। নিজেকে এবং আপনার গাছপালা সুস্থ রাখতে ঠান্ডা থাকতেই ভারী কাজ করুন।,ਖੇਤ ਦਾ ਕੰਮ: ਬਹੁਤ ਗਰਮੀ ਪੈ ਰਹੀ ਹੈ। ਆਪਣੇ ਆਪ ਨੂੰ ਅਤੇ ਆਪਣੇ ਪੌਦਿਆਂ ਨੂੰ ਸਿਹਤਮੰਦ ਰੱਖਣ ਲਈ ਠੰਡਾ ਹੋਣ ਤੱਕ ਆਪਣਾ ਭਾਰੀ ਕੰਮ ਕਰੋ।,فیلڈ ورک: یہ بہت گرم ہو رہا ہے۔ اپنے آپ کو اور اپنے پودوں کو صحت مند رکھنے کے لیے ٹھنڈا ہونے کے دوران اپنا بھاری کام کریں۔,खेतबारीको काम: धेरै गर्मी भइरहेको छ। आफू र आफ्ना बिरुवाहरूलाई स्वस्थ राख्न चिसो हुँदा नै आफ्नो भारी काम गर्नुहोस्।,କ୍ଷେତ କାମ: ବହୁତ ଗରମ ହେଉଛି। ନିଜକୁ ଏବଂ ଆପଣଙ୍କ ଗଛଗୁଡ଼ିକୁ ସୁସ୍ଥ ରଖିବା ପାଇଁ ଥଣ୍ଡା ଥିବା ସମୟରେ ଆପଣଙ୍କର କଠିନ କାମ କରନ୍ତୁ।,Avoid Today,alert
Very Hot,Humid,Strong Gusts,Light Rain,irrigation,URGENT,80,Stop Irrigation Now,WATERING: The ground is dry. Best to water in the early morning so the plants stay strong during the heat.,"ನೀರುಹಾಕುವುದು: ನೆಲ ಒಣಗಿದೆ. ಬೆಳಿಗ್ಗೆ ಬೇಗನೆ ನೀರು ಹಾಕುವುದು ಉತ್ತಮ, ಇದರಿಂದ ಸಸ್ಯಗಳು ಶಾಖದ ಸಮಯದಲ್ಲಿ ಬಲವಾಗಿರುತ್ತವೆ.",पानी देना: मिट्टी सूखी है। पौधों को गर्मी के दौरान स्वस्थ रखने के लिए सुबह जल्दी पानी देना सबसे अच्छा है।,"நீர்ப்பாசனம்: நிலம் வறண்டு உள்ளது. அதிகாலையில் தண்ணீர் பாய்ச்சுவது நல்லது, இதனால் வெப்பத்தின் போது தாவரங்கள் வலுவாக இருக்கும்.","నీరు త్రాగుట: నేల పొడిగా ఉంటుంది. ఉదయాన్నే నీరు పోయడం మంచిది, తద్వారా వేడి సమయంలో మొక్కలు బలంగా ఉంటాయి.","നനവ്: നിലം വരണ്ടതാണ്. അതിരാവിലെ നനയ്ക്കുന്നതാണ് നല്ലത്, അങ്ങനെ ചൂടിൽ ചെടികൾ ശക്തമായി നിലനിൽക്കും.",पाणी देणे: जमीन कोरडी आहे. सकाळी लवकर पाणी देणे चांगले जेणेकरून उष्णतेमध्ये झाडे मजबूत राहतील.,પાણી આપવું: જમીન સૂકી છે. ગરમી દરમિયાન છોડ મજબૂત રહે તે માટે વહેલી સવારે પાણી આપવું શ્રેષ્ઠ છે.,"জল দেওয়া: মাটি শুষ্ক। খুব ভোরে জল দেওয়া ভালো, যাতে গরমের সময় গাছপালা শক্তিশালী থাকে।",ਪਾਣੀ ਦੇਣਾ: ਜ਼ਮੀਨ ਸੁੱਕੀ ਹੈ। ਸਵੇਰੇ ਜਲਦੀ ਪਾਣੀ ਦੇਣਾ ਸਭ ਤੋਂ ਵਧੀਆ ਹੈ ਤਾਂ ਜੋ ਪੌਦੇ ਗਰਮੀ ਦੌਰਾਨ ਮਜ਼ਬੂਤ ​​ਰਹਿਣ।,پانی دینا: زمین خشک ہے۔ صبح سویرے پانی دینا بہتر ہے تاکہ گرمی کے دوران پودے مضبوط رہیں۔,पानी हाल्ने: जमिन सुख्खा छ। बिहान सबेरै पानी हाल्नु राम्रो हुन्छ ताकि गर्मीको समयमा बिरुवाहरू बलियो रहून्।,ପାଣି ଦେବା: ଜମି ଶୁଖିଲା ଅଛି। ଗରମ ସମୟରେ ଗଛଗୁଡ଼ିକ ଶକ୍ତିଶାଳୀ ରହିବା ପାଇଁ ସକାଳୁ ପାଣି ଦେବା ଭଲ।,Avoid Today,droplet
Very Hot,Humid,Strong Gusts,Light Rain,spraying,URGENT,80,Avoid Spraying Today,SPRAYING: The air is calm right now. Spray your crops now before the wind picks up and wastes your medicine.,ಸಿಂಪಡಣೆ: ಗಾಳಿ ಈಗ ಶಾಂತವಾಗಿದೆ. ಗಾಳಿ ಬೀಸಿ ನಿಮ್ಮ ಔಷಧ ವ್ಯರ್ಥವಾಗುವ ಮೊದಲು ನಿಮ್ಮ ಬೆಳೆಗಳಿಗೆ ಈಗಲೇ ಸಿಂಪಡಿಸಿ.,छिड़काव: इस समय हवा शांत है। हवा चलने और दवा बर्बाद होने से पहले अपनी फसलों पर छिड़काव करें।,தெளித்தல்: காற்று இப்போது அமைதியாக இருக்கிறது. காற்று வீசி உங்கள் மருந்தை வீணாக்கும் முன் உங்கள் பயிர்களுக்கு இப்போதே தெளிக்கவும்.,స్ప్రేయింగ్: ప్రస్తుతం గాలి ప్రశాంతంగా ఉంది. గాలి వీచి మీ ఔషధం వృధా అయ్యేలోపు మీ పంటలపై ఇప్పుడే పిచికారీ చేయండి.,സ്പ്രേയിംഗ്: ഇപ്പോൾ വായു ശാന്തമാണ്. കാറ്റ് വീശി നിങ്ങളുടെ മരുന്നുകൾ പാഴാക്കുന്നതിനുമുമ്പ് നിങ്ങളുടെ വിളകൾക്ക് ഇപ്പോൾ തന്നെ തളിക്കുക.,फवारणी: सध्या हवा शांत आहे. वारा येऊन तुमचे औषध वाया जाण्यापूर्वी आत्ताच तुमच्या पिकांवर फवारणी करा.,છંટકાવ: અત્યારે હવા શાંત છે. પવન ફૂંકાય અને તમારી દવા બગાડે તે પહેલાં હમણાં જ તમારા પાક પર છંટકાવ કરો.,স্প্রে করা: বাতাস এখন শান্ত। বাতাস বইতে শুরু করে এবং আপনার ওষুধ নষ্ট করার আগে এখনই আপনার ফসলে স্প্রে করুন।,ਛਿੜਕਾਅ: ਇਸ ਵੇਲੇ ਹਵਾ ਸ਼ਾਂਤ ਹੈ। ਹਵਾ ਚੱਲਣ ਅਤੇ ਤੁਹਾਡੀ ਦਵਾਈ ਬਰਬਾਦ ਹੋਣ ਤੋਂ ਪਹਿਲਾਂ ਆਪਣੀਆਂ ਫਸਲਾਂ 'ਤੇ ਹੁਣੇ ਛਿੜਕਾਅ ਕਰੋ।,چھڑکاؤ: اس وقت ہوا پرسکون ہے۔ اپنی فصلوں پر چھڑکاؤ اس سے پہلے کہ ہوا تیز ہو جائے اور آپ کی دوائی ضائع ہو جائے۔,छर्कने: अहिले हावा शान्त छ। हावा चल्नु र तपाईंको औषधि खेर जानु अघि नै आफ्नो बालीनालीमा छर्कनुहोस्।,ସିଞ୍ଚନ: ବର୍ତ୍ତମାନ ବାୟୁ ଶାନ୍ତ ଅଛି। ପବନ ବହିବା ଏବଂ ଔଷଧ ନଷ୍ଟ କରିବା ପୂର୍ବରୁ ଏବେ ଆପଣଙ୍କ ଫସଲରେ ସିଞ୍ଚନ କରନ୍ତୁ।,Avoid Today,spray
Very Hot,Humid,Strong Gusts,Light Rain,fungal_risk,URGENT,80,High Fungal Alert,DISEASE ALERT: It is very damp and warm. Check your leaves for rot and use protection to save your harvest.,ರೋಗ ಎಚ್ಚರಿಕೆ: ಇದು ತುಂಬಾ ತೇವ ಮತ್ತು ಬೆಚ್ಚಗಿರುತ್ತದೆ. ನಿಮ್ಮ ಎಲೆಗಳನ್ನು ಕೊಳೆತಕ್ಕಾಗಿ ಪರಿಶೀಲಿಸಿ ಮತ್ತು ನಿಮ್ಮ ಬೆಳೆಯನ್ನು ಉಳಿಸಲು ರಕ್ಷಣೆಯನ್ನು ಬಳಸಿ.,रोग चेतावनी: मौसम बहुत नम और गर्म है। पत्तियों में सड़न की जांच करें और अपनी फसल को बचाने के लिए सुरक्षात्मक उपाय करें।,"நோய் எச்சரிக்கை: இது மிகவும் ஈரப்பதமாகவும் சூடாகவும் இருக்கும். உங்கள் இலைகளில் அழுகல் இருக்கிறதா என்று சரிபார்த்து, உங்கள் அறுவடையை சேமிக்க பாதுகாப்பைப் பயன்படுத்துங்கள்.",వ్యాధి హెచ్చరిక: ఇది చాలా తడిగా మరియు వెచ్చగా ఉంటుంది. మీ ఆకులు తెగులు కోసం తనిఖీ చేయండి మరియు మీ పంటను కాపాడటానికి రక్షణను ఉపయోగించండి.,രോഗ മുന്നറിയിപ്പ്: ഇത് വളരെ ഈർപ്പമുള്ളതും ചൂടുള്ളതുമാണ്. നിങ്ങളുടെ ഇലകൾ അഴുകുന്നുണ്ടോ എന്ന് പരിശോധിച്ച് നിങ്ങളുടെ വിള സംരക്ഷിക്കാൻ സംരക്ഷണം ഉപയോഗിക്കുക.,रोगाचा इशारा: हे खूप ओलसर आणि उबदार आहे. तुमची पाने कुजली आहेत का ते तपासा आणि तुमचे पीक वाचवण्यासाठी संरक्षण वापरा.,રોગની ચેતવણી: તે ખૂબ જ ભેજવાળી અને ગરમ છે. તમારા પાંદડા સડી ગયા છે કે નહીં તે તપાસો અને તમારા પાકને બચાવવા માટે રક્ષણનો ઉપયોગ કરો.,রোগের সতর্কতা: এটি খুব স্যাঁতসেঁতে এবং উষ্ণ। আপনার পাতা পচে গেছে কিনা তা পরীক্ষা করুন এবং আপনার ফসল বাঁচাতে সুরক্ষা ব্যবস্থা ব্যবহার করুন।,ਬਿਮਾਰੀ ਦੀ ਚੇਤਾਵਨੀ: ਇਹ ਬਹੁਤ ਗਿੱਲਾ ਅਤੇ ਗਰਮ ਹੈ। ਆਪਣੇ ਪੱਤਿਆਂ ਦੀ ਸੜਨ ਦੀ ਜਾਂਚ ਕਰੋ ਅਤੇ ਆਪਣੀ ਫ਼ਸਲ ਨੂੰ ਬਚਾਉਣ ਲਈ ਸੁਰੱਖਿਆ ਦੀ ਵਰਤੋਂ ਕਰੋ।,بیماری کا انتباہ: یہ بہت نم اور گرم ہے۔ اپنے پتوں کو سڑنے کے لیے چیک کریں اور اپنی فصل کو بچانے کے لیے تحفظ کا استعمال کریں۔,रोगको चेतावनी: यो धेरै ओसिलो र न्यानो छ। आफ्नो पातहरू कुहिन जाँच गर्नुहोस् र आफ्नो बाली बचाउन सुरक्षा प्रयोग गर्नुहोस्।,ରୋଗ ସତର୍କତା: ଏହା ବହୁତ ଓଦା ଏବଂ ଉଷ୍ମ। ଆପଣଙ୍କ ପତ୍ର ପଚିଛି କି ନାହିଁ ଯାଞ୍ଚ କରନ୍ତୁ ଏବଂ ଆପଣଙ୍କ ଫସଲକୁ ବଞ୍ଚାଇବା ପାଇଁ ସୁରକ୍ଷା ବ୍ୟବହାର କରନ୍ତୁ।,,warning
Very Hot,Humid,Strong Gusts,Light Rain,field_work,URGENT,80,Stop Field Work Now,FIELD WORK: It is getting very hot. Do your heavy work while it is still cool to keep yourself and your plants healthy.,ಕ್ಷೇತ್ರದ ಕೆಲಸ: ತುಂಬಾ ಬಿಸಿಯಾಗುತ್ತಿದೆ. ನಿಮ್ಮನ್ನು ಮತ್ತು ನಿಮ್ಮ ಸಸ್ಯಗಳನ್ನು ಆರೋಗ್ಯವಾಗಿಡಲು ತಂಪಾಗಿರುವಾಗಲೇ ನಿಮ್ಮ ಭಾರವಾದ ಕೆಲಸವನ್ನು ಮಾಡಿ.,"खेत का काम: बहुत गर्मी पड़ रही है। अपना भारी काम तब करें जब मौसम ठंडा हो, ताकि आप और आपके पौधे स्वस्थ रहें।","களப்பணி: மிகவும் சூடாகி வருகிறது. உங்களையும் உங்கள் தாவரங்களையும் ஆரோக்கியமாக வைத்திருக்க, குளிர்ச்சியாக இருக்கும்போதே உங்கள் கனமான வேலையைச் செய்யுங்கள்.",ఫీల్డ్ వర్క్: చాలా వేడిగా ఉంది. మిమ్మల్ని మరియు మీ మొక్కలను ఆరోగ్యంగా ఉంచుకోవడానికి చల్లగా ఉన్నప్పుడే మీ భారీ పని చేయండి.,വയലിലെ ജോലി: ചൂട് കൂടിവരികയാണ്. നിങ്ങളെയും നിങ്ങളുടെ ചെടികളെയും ആരോഗ്യത്തോടെ നിലനിർത്താൻ തണുപ്പുള്ളപ്പോൾ തന്നെ ഭാരിച്ച ജോലികൾ ചെയ്യുക.,शेतातील काम: खूप उष्णता वाढत आहे. स्वतःला आणि तुमच्या झाडांना निरोगी ठेवण्यासाठी थंड असतानाच तुमचे जड काम करा.,ખેતરમાં કામ: ખૂબ ગરમી પડી રહી છે. ઠંડી હોય ત્યારે ભારે કામ કરો જેથી તમારી જાતને અને તમારા છોડને સ્વસ્થ રાખી શકાય.,মাঠের কাজ: খুব গরম পড়ছে। নিজেকে এবং আপনার গাছপালা সুস্থ রাখতে ঠান্ডা থাকতেই ভারী কাজ করুন।,ਖੇਤ ਦਾ ਕੰਮ: ਬਹੁਤ ਗਰਮੀ ਪੈ ਰਹੀ ਹੈ। ਆਪਣੇ ਆਪ ਨੂੰ ਅਤੇ ਆਪਣੇ ਪੌਦਿਆਂ ਨੂੰ ਸਿਹਤਮੰਦ ਰੱਖਣ ਲਈ ਠੰਡਾ ਹੋਣ ਤੱਕ ਆਪਣਾ ਭਾਰੀ ਕੰਮ ਕਰੋ।,فیلڈ ورک: یہ بہت گرم ہو رہا ہے۔ اپنے آپ کو اور اپنے پودوں کو صحت مند رکھنے کے لیے ٹھنڈا ہونے کے دوران اپنا بھاری کام کریں۔,खेतबारीको काम: धेरै गर्मी भइरहेको छ। आफू र आफ्ना बिरुवाहरूलाई स्वस्थ राख्न चिसो हुँदा नै आफ्नो भारी काम गर्नुहोस्।,କ୍ଷେତ କାମ: ବହୁତ ଗରମ ହେଉଛି। ନିଜକୁ ଏବଂ ଆପଣଙ୍କ ଗଛଗୁଡ଼ିକୁ ସୁସ୍ଥ ରଖିବା ପାଇଁ ଥଣ୍ଡା ଥିବା ସମୟରେ ଆପଣଙ୍କର କଠିନ କାମ କରନ୍ତୁ।,Avoid Today,alert
Very Hot,Humid,Strong Gusts,Heavy Rain,irrigation,URGENT,80,Stop Irrigation Now,WATERING: The ground is dry. Best to water in the early morning so the plants stay strong during the heat.,"ನೀರುಹಾಕುವುದು: ನೆಲ ಒಣಗಿದೆ. ಬೆಳಿಗ್ಗೆ ಬೇಗನೆ ನೀರು ಹಾಕುವುದು ಉತ್ತಮ, ಇದರಿಂದ ಸಸ್ಯಗಳು ಶಾಖದ ಸಮಯದಲ್ಲಿ ಬಲವಾಗಿರುತ್ತವೆ.",पानी देना: मिट्टी सूखी है। पौधों को गर्मी के दौरान स्वस्थ रखने के लिए सुबह जल्दी पानी देना सबसे अच्छा है।,"நீர்ப்பாசனம்: நிலம் வறண்டு உள்ளது. அதிகாலையில் தண்ணீர் பாய்ச்சுவது நல்லது, இதனால் வெப்பத்தின் போது தாவரங்கள் வலுவாக இருக்கும்.","నీరు త్రాగుట: నేల పొడిగా ఉంటుంది. ఉదయాన్నే నీరు పోయడం మంచిది, తద్వారా వేడి సమయంలో మొక్కలు బలంగా ఉంటాయి.","നനവ്: നിലം വരണ്ടതാണ്. അതിരാവിലെ നനയ്ക്കുന്നതാണ് നല്ലത്, അങ്ങനെ ചൂടിൽ ചെടികൾ ശക്തമായി നിലനിൽക്കും.",पाणी देणे: जमीन कोरडी आहे. सकाळी लवकर पाणी देणे चांगले जेणेकरून उष्णतेमध्ये झाडे मजबूत राहतील.,પાણી આપવું: જમીન સૂકી છે. ગરમી દરમિયાન છોડ મજબૂત રહે તે માટે વહેલી સવારે પાણી આપવું શ્રેષ્ઠ છે.,"জল দেওয়া: মাটি শুষ্ক। খুব ভোরে জল দেওয়া ভালো, যাতে গরমের সময় গাছপালা শক্তিশালী থাকে।",ਪਾਣੀ ਦੇਣਾ: ਜ਼ਮੀਨ ਸੁੱਕੀ ਹੈ। ਸਵੇਰੇ ਜਲਦੀ ਪਾਣੀ ਦੇਣਾ ਸਭ ਤੋਂ ਵਧੀਆ ਹੈ ਤਾਂ ਜੋ ਪੌਦੇ ਗਰਮੀ ਦੌਰਾਨ ਮਜ਼ਬੂਤ ​​ਰਹਿਣ।,پانی دینا: زمین خشک ہے۔ صبح سویرے پانی دینا بہتر ہے تاکہ گرمی کے دوران پودے مضبوط رہیں۔,पानी हाल्ने: जमिन सुख्खा छ। बिहान सबेरै पानी हाल्नु राम्रो हुन्छ ताकि गर्मीको समयमा बिरुवाहरू बलियो रहून्।,ପାଣି ଦେବା: ଜମି ଶୁଖିଲା ଅଛି। ଗରମ ସମୟରେ ଗଛଗୁଡ଼ିକ ଶକ୍ତିଶାଳୀ ରହିବା ପାଇଁ ସକାଳୁ ପାଣି ଦେବା ଭଲ।,Avoid Today,droplet
Very Hot,Humid,Strong Gusts,Heavy Rain,spraying,URGENT,80,Avoid Spraying Today,SPRAYING: The air is calm right now. Spray your crops now before the wind picks up and wastes your medicine.,ಸಿಂಪಡಣೆ: ಗಾಳಿ ಈಗ ಶಾಂತವಾಗಿದೆ. ಗಾಳಿ ಬೀಸಿ ನಿಮ್ಮ ಔಷಧ ವ್ಯರ್ಥವಾಗುವ ಮೊದಲು ನಿಮ್ಮ ಬೆಳೆಗಳಿಗೆ ಈಗಲೇ ಸಿಂಪಡಿಸಿ.,छिड़काव: इस समय हवा शांत है। हवा चलने और दवा बर्बाद होने से पहले अपनी फसलों पर छिड़काव करें।,தெளித்தல்: காற்று இப்போது அமைதியாக இருக்கிறது. காற்று வீசி உங்கள் மருந்தை வீணாக்கும் முன் உங்கள் பயிர்களுக்கு இப்போதே தெளிக்கவும்.,స్ప్రేయింగ్: ప్రస్తుతం గాలి ప్రశాంతంగా ఉంది. గాలి వీచి మీ ఔషధం వృధా అయ్యేలోపు మీ పంటలపై ఇప్పుడే పిచికారీ చేయండి.,സ്പ്രേയിംഗ്: ഇപ്പോൾ വായു ശാന്തമാണ്. കാറ്റ് വീശി നിങ്ങളുടെ മരുന്നുകൾ പാഴാക്കുന്നതിനുമുമ്പ് നിങ്ങളുടെ വിളകൾക്ക് ഇപ്പോൾ തന്നെ തളിക്കുക.,फवारणी: सध्या हवा शांत आहे. वारा येऊन तुमचे औषध वाया जाण्यापूर्वी आत्ताच तुमच्या पिकांवर फवारणी करा.,છંટકાવ: અત્યારે હવા શાંત છે. પવન ફૂંકાય અને તમારી દવા બગાડે તે પહેલાં હમણાં જ તમારા પાક પર છંટકાવ કરો.,স্প্রে করা: বাতাস এখন শান্ত। বাতাস বইতে শুরু করে এবং আপনার ওষুধ নষ্ট করার আগে এখনই আপনার ফসলে স্প্রে করুন।,ਛਿੜਕਾਅ: ਇਸ ਵੇਲੇ ਹਵਾ ਸ਼ਾਂਤ ਹੈ। ਹਵਾ ਚੱਲਣ ਅਤੇ ਤੁਹਾਡੀ ਦਵਾਈ ਬਰਬਾਦ ਹੋਣ ਤੋਂ ਪਹਿਲਾਂ ਆਪਣੀਆਂ ਫਸਲਾਂ 'ਤੇ ਹੁਣੇ ਛਿੜਕਾਅ ਕਰੋ।,چھڑکاؤ: اس وقت ہوا پرسکون ہے۔ اپنی فصلوں پر چھڑکاؤ اس سے پہلے کہ ہوا تیز ہو جائے اور آپ کی دوائی ضائع ہو جائے۔,छर्कने: अहिले हावा शान्त छ। हावा चल्नु र तपाईंको औषधि खेर जानु अघि नै आफ्नो बालीनालीमा छर्कनुहोस्।,ସିଞ୍ଚନ: ବର୍ତ୍ତମାନ ବାୟୁ ଶାନ୍ତ ଅଛି। ପବନ ବହିବା ଏବଂ ଔଷଧ ନଷ୍ଟ କରିବା ପୂର୍ବରୁ ଏବେ ଆପଣଙ୍କ ଫସଲରେ ସିଞ୍ଚନ କରନ୍ତୁ।,Avoid Today,spray
Very Hot,Humid,Strong Gusts,Heavy Rain,fungal_risk,URGENT,80,High Fungal Alert,DISEASE ALERT: It is very damp and warm. Check your leaves for rot and use protection to save your harvest.,ರೋಗ ಎಚ್ಚರಿಕೆ: ಇದು ತುಂಬಾ ತೇವ ಮತ್ತು ಬೆಚ್ಚಗಿರುತ್ತದೆ. ನಿಮ್ಮ ಎಲೆಗಳನ್ನು ಕೊಳೆತಕ್ಕಾಗಿ ಪರಿಶೀಲಿಸಿ ಮತ್ತು ನಿಮ್ಮ ಬೆಳೆಯನ್ನು ಉಳಿಸಲು ರಕ್ಷಣೆಯನ್ನು ಬಳಸಿ.,रोग चेतावनी: मौसम बहुत नम और गर्म है। पत्तियों में सड़न की जांच करें और अपनी फसल को बचाने के लिए सुरक्षात्मक उपाय करें।,"நோய் எச்சரிக்கை: இது மிகவும் ஈரப்பதமாகவும் சூடாகவும் இருக்கும். உங்கள் இலைகளில் அழுகல் இருக்கிறதா என்று சரிபார்த்து, உங்கள் அறுவடையை சேமிக்க பாதுகாப்பைப் பயன்படுத்துங்கள்.",వ్యాధి హెచ్చరిక: ఇది చాలా తడిగా మరియు వెచ్చగా ఉంటుంది. మీ ఆకులు తెగులు కోసం తనిఖీ చేయండి మరియు మీ పంటను కాపాడటానికి రక్షణను ఉపయోగించండి.,രോഗ മുന്നറിയിപ്പ്: ഇത് വളരെ ഈർപ്പമുള്ളതും ചൂടുള്ളതുമാണ്. നിങ്ങളുടെ ഇലകൾ അഴുകുന്നുണ്ടോ എന്ന് പരിശോധിച്ച് നിങ്ങളുടെ വിള സംരക്ഷിക്കാൻ സംരക്ഷണം ഉപയോഗിക്കുക.,रोगाचा इशारा: हे खूप ओलसर आणि उबदार आहे. तुमची पाने कुजली आहेत का ते तपासा आणि तुमचे पीक वाचवण्यासाठी संरक्षण वापरा.,રોગની ચેતવણી: તે ખૂબ જ ભેજવાળી અને ગરમ છે. તમારા પાંદડા સડી ગયા છે કે નહીં તે તપાસો અને તમારા પાકને બચાવવા માટે રક્ષણનો ઉપયોગ કરો.,রোগের সতর্কতা: এটি খুব স্যাঁতসেঁতে এবং উষ্ণ। আপনার পাতা পচে গেছে কিনা তা পরীক্ষা করুন এবং আপনার ফসল বাঁচাতে সুরক্ষা ব্যবস্থা ব্যবহার করুন।,ਬਿਮਾਰੀ ਦੀ ਚੇਤਾਵਨੀ: ਇਹ ਬਹੁਤ ਗਿੱਲਾ ਅਤੇ ਗਰਮ ਹੈ। ਆਪਣੇ ਪੱਤਿਆਂ ਦੀ ਸੜਨ ਦੀ ਜਾਂਚ ਕਰੋ ਅਤੇ ਆਪਣੀ ਫ਼ਸਲ ਨੂੰ ਬਚਾਉਣ ਲਈ ਸੁਰੱਖਿਆ ਦੀ ਵਰਤੋਂ ਕਰੋ।,بیماری کا انتباہ: یہ بہت نم اور گرم ہے۔ اپنے پتوں کو سڑنے کے لیے چیک کریں اور اپنی فصل کو بچانے کے لیے تحفظ کا استعمال کریں۔,रोगको चेतावनी: यो धेरै ओसिलो र न्यानो छ। आफ्नो पातहरू कुहिन जाँच गर्नुहोस् र आफ्नो बाली बचाउन सुरक्षा प्रयोग गर्नुहोस्।,ରୋଗ ସତର୍କତା: ଏହା ବହୁତ ଓଦା ଏବଂ ଉଷ୍ମ। ଆପଣଙ୍କ ପତ୍ର ପଚିଛି କି ନାହିଁ ଯାଞ୍ଚ କରନ୍ତୁ ଏବଂ ଆପଣଙ୍କ ଫସଲକୁ ବଞ୍ଚାଇବା ପାଇଁ ସୁରକ୍ଷା ବ୍ୟବହାର କରନ୍ତୁ।,,warning
Very Hot,Humid,Strong Gusts,Heavy Rain,field_work,URGENT,80,Stop Field Work Now,FIELD WORK: It is getting very hot. Do your heavy work while it is still cool to keep yourself and your plants healthy.,ಕ್ಷೇತ್ರದ ಕೆಲಸ: ತುಂಬಾ ಬಿಸಿಯಾಗುತ್ತಿದೆ. ನಿಮ್ಮನ್ನು ಮತ್ತು ನಿಮ್ಮ ಸಸ್ಯಗಳನ್ನು ಆರೋಗ್ಯವಾಗಿಡಲು ತಂಪಾಗಿರುವಾಗಲೇ ನಿಮ್ಮ ಭಾರವಾದ ಕೆಲಸವನ್ನು ಮಾಡಿ.,"खेत का काम: बहुत गर्मी पड़ रही है। अपना भारी काम तब करें जब मौसम ठंडा हो, ताकि आप और आपके पौधे स्वस्थ रहें।","களப்பணி: மிகவும் சூடாகி வருகிறது. உங்களையும் உங்கள் தாவரங்களையும் ஆரோக்கியமாக வைத்திருக்க, குளிர்ச்சியாக இருக்கும்போதே உங்கள் கனமான வேலையைச் செய்யுங்கள்.",ఫీల్డ్ వర్క్: చాలా వేడిగా ఉంది. మిమ్మల్ని మరియు మీ మొక్కలను ఆరోగ్యంగా ఉంచుకోవడానికి చల్లగా ఉన్నప్పుడే మీ భారీ పని చేయండి.,വയലിലെ ജോലി: ചൂട് കൂടിവരികയാണ്. നിങ്ങളെയും നിങ്ങളുടെ ചെടികളെയും ആരോഗ്യത്തോടെ നിലനിർത്താൻ തണുപ്പുള്ളപ്പോൾ തന്നെ ഭാരിച്ച ജോലികൾ ചെയ്യുക.,शेतातील काम: खूप उष्णता वाढत आहे. स्वतःला आणि तुमच्या झाडांना निरोगी ठेवण्यासाठी थंड असतानाच तुमचे जड काम करा.,ખેતરમાં કામ: ખૂબ ગરમી પડી રહી છે. ઠંડી હોય ત્યારે ભારે કામ કરો જેથી તમારી જાતને અને તમારા છોડને સ્વસ્થ રાખી શકાય.,মাঠের কাজ: খুব গরম পড়ছে। নিজেকে এবং আপনার গাছপালা সুস্থ রাখতে ঠান্ডা থাকতেই ভারী কাজ করুন।,ਖੇਤ ਦਾ ਕੰਮ: ਬਹੁਤ ਗਰਮੀ ਪੈ ਰਹੀ ਹੈ। ਆਪਣੇ ਆਪ ਨੂੰ ਅਤੇ ਆਪਣੇ ਪੌਦਿਆਂ ਨੂੰ ਸਿਹਤਮੰਦ ਰੱਖਣ ਲਈ ਠੰਡਾ ਹੋਣ ਤੱਕ ਆਪਣਾ ਭਾਰੀ ਕੰਮ ਕਰੋ।,فیلڈ ورک: یہ بہت گرم ہو رہا ہے۔ اپنے آپ کو اور اپنے پودوں کو صحت مند رکھنے کے لیے ٹھنڈا ہونے کے دوران اپنا بھاری کام کریں۔,खेतबारीको काम: धेरै गर्मी भइरहेको छ। आफू र आफ्ना बिरुवाहरूलाई स्वस्थ राख्न चिसो हुँदा नै आफ्नो भारी काम गर्नुहोस्।,କ୍ଷେତ କାମ: ବହୁତ ଗରମ ହେଉଛି। ନିଜକୁ ଏବଂ ଆପଣଙ୍କ ଗଛଗୁଡ଼ିକୁ ସୁସ୍ଥ ରଖିବା ପାଇଁ ଥଣ୍ଡା ଥିବା ସମୟରେ ଆପଣଙ୍କର କଠିନ କାମ କରନ୍ତୁ।,Avoid Today,alert
Extreme Heat,Very Dry,Calm,Dry,irrigation,CAUTION,45,Irrigation Caution,WATERING: The ground is dry. Best to water in the early morning so the plants stay strong during the heat.,"ನೀರುಹಾಕುವುದು: ನೆಲ ಒಣಗಿದೆ. ಬೆಳಿಗ್ಗೆ ಬೇಗನೆ ನೀರು ಹಾಕುವುದು ಉತ್ತಮ, ಇದರಿಂದ ಸಸ್ಯಗಳು ಶಾಖದ ಸಮಯದಲ್ಲಿ ಬಲವಾಗಿರುತ್ತವೆ.",पानी देना: मिट्टी सूखी है। पौधों को गर्मी के दौरान स्वस्थ रखने के लिए सुबह जल्दी पानी देना सबसे अच्छा है।,"நீர்ப்பாசனம்: நிலம் வறண்டு உள்ளது. அதிகாலையில் தண்ணீர் பாய்ச்சுவது நல்லது, இதனால் வெப்பத்தின் போது தாவரங்கள் வலுவாக இருக்கும்.","నీరు త్రాగుట: నేల పొడిగా ఉంటుంది. ఉదయాన్నే నీరు పోయడం మంచిది, తద్వారా వేడి సమయంలో మొక్కలు బలంగా ఉంటాయి.","നനവ്: നിലം വരണ്ടതാണ്. അതിരാവിലെ നനയ്ക്കുന്നതാണ് നല്ലത്, അങ്ങനെ ചൂടിൽ ചെടികൾ ശക്തമായി നിലനിൽക്കും.",पाणी देणे: जमीन कोरडी आहे. सकाळी लवकर पाणी देणे चांगले जेणेकरून उष्णतेमध्ये झाडे मजबूत राहतील.,પાણી આપવું: જમીન સૂકી છે. ગરમી દરમિયાન છોડ મજબૂત રહે તે માટે વહેલી સવારે પાણી આપવું શ્રેષ્ઠ છે.,"জল দেওয়া: মাটি শুষ্ক। খুব ভোরে জল দেওয়া ভালো, যাতে গরমের সময় গাছপালা শক্তিশালী থাকে।",ਪਾਣੀ ਦੇਣਾ: ਜ਼ਮੀਨ ਸੁੱਕੀ ਹੈ। ਸਵੇਰੇ ਜਲਦੀ ਪਾਣੀ ਦੇਣਾ ਸਭ ਤੋਂ ਵਧੀਆ ਹੈ ਤਾਂ ਜੋ ਪੌਦੇ ਗਰਮੀ ਦੌਰਾਨ ਮਜ਼ਬੂਤ ​​ਰਹਿਣ।,پانی دینا: زمین خشک ہے۔ صبح سویرے پانی دینا بہتر ہے تاکہ گرمی کے دوران پودے مضبوط رہیں۔,पानी हाल्ने: जमिन सुख्खा छ। बिहान सबेरै पानी हाल्नु राम्रो हुन्छ ताकि गर्मीको समयमा बिरुवाहरू बलियो रहून्।,ପାଣି ଦେବା: ଜମି ଶୁଖିଲା ଅଛି। ଗରମ ସମୟରେ ଗଛଗୁଡ଼ିକ ଶକ୍ତିଶାଳୀ ରହିବା ପାଇଁ ସକାଳୁ ପାଣି ଦେବା ଭଲ।,Before 8 AM,droplet
Extreme Heat,Very Dry,Calm,Dry,spraying,CAUTION,45,Spray With Caution,SPRAYING: The air is calm right now. Spray your crops now before the wind picks up and wastes your medicine.,ಸಿಂಪಡಣೆ: ಗಾಳಿ ಈಗ ಶಾಂತವಾಗಿದೆ. ಗಾಳಿ ಬೀಸಿ ನಿಮ್ಮ ಔಷಧ ವ್ಯರ್ಥವಾಗುವ ಮೊದಲು ನಿಮ್ಮ ಬೆಳೆಗಳಿಗೆ ಈಗಲೇ ಸಿಂಪಡಿಸಿ.,छिड़काव: इस समय हवा शांत है। हवा चलने और दवा बर्बाद होने से पहले अपनी फसलों पर छिड़काव करें।,தெளித்தல்: காற்று இப்போது அமைதியாக இருக்கிறது. காற்று வீசி உங்கள் மருந்தை வீணாக்கும் முன் உங்கள் பயிர்களுக்கு இப்போதே தெளிக்கவும்.,స్ప్రేయింగ్: ప్రస్తుతం గాలి ప్రశాంతంగా ఉంది. గాలి వీచి మీ ఔషధం వృధా అయ్యేలోపు మీ పంటలపై ఇప్పుడే పిచికారీ చేయండి.,സ്പ്രേയിംഗ്: ഇപ്പോൾ വായു ശാന്തമാണ്. കാറ്റ് വീശി നിങ്ങളുടെ മരുന്നുകൾ പാഴാക്കുന്നതിനുമുമ്പ് നിങ്ങളുടെ വിളകൾക്ക് ഇപ്പോൾ തന്നെ തളിക്കുക.,फवारणी: सध्या हवा शांत आहे. वारा येऊन तुमचे औषध वाया जाण्यापूर्वी आत्ताच तुमच्या पिकांवर फवारणी करा.,છંટકાવ: અત્યારે હવા શાંત છે. પવન ફૂંકાય અને તમારી દવા બગાડે તે પહેલાં હમણાં જ તમારા પાક પર છંટકાવ કરો.,স্প্রে করা: বাতাস এখন শান্ত। বাতাস বইতে শুরু করে এবং আপনার ওষুধ নষ্ট করার আগে এখনই আপনার ফসলে স্প্রে করুন।,ਛਿੜਕਾਅ: ਇਸ ਵੇਲੇ ਹਵਾ ਸ਼ਾਂਤ ਹੈ। ਹਵਾ ਚੱਲਣ ਅਤੇ ਤੁਹਾਡੀ ਦਵਾਈ ਬਰਬਾਦ ਹੋਣ ਤੋਂ ਪਹਿਲਾਂ ਆਪਣੀਆਂ ਫਸਲਾਂ 'ਤੇ ਹੁਣੇ ਛਿੜਕਾਅ ਕਰੋ।,چھڑکاؤ: اس وقت ہوا پرسکون ہے۔ اپنی فصلوں پر چھڑکاؤ اس سے پہلے کہ ہوا تیز ہو جائے اور آپ کی دوائی ضائع ہو جائے۔,छर्कने: अहिले हावा शान्त छ। हावा चल्नु र तपाईंको औषधि खेर जानु अघि नै आफ्नो बालीनालीमा छर्कनुहोस्।,ସିଞ୍ଚନ: ବର୍ତ୍ତମାନ ବାୟୁ ଶାନ୍ତ ଅଛି। ପବନ ବହିବା ଏବଂ ଔଷଧ ନଷ୍ଟ କରିବା ପୂର୍ବରୁ ଏବେ ଆପଣଙ୍କ ଫସଲରେ ସିଞ୍ଚନ କରନ୍ତୁ।,Before 10 AM,spray
Extreme Heat,Very Dry,Calm,Dry,fungal_risk,CAUTION,45,Monitor Fungal Risk,DISEASE ALERT: It is very damp and warm. Check your leaves for rot and use protection to save your harvest.,ರೋಗ ಎಚ್ಚರಿಕೆ: ಇದು ತುಂಬಾ ತೇವ ಮತ್ತು ಬೆಚ್ಚಗಿರುತ್ತದೆ. ನಿಮ್ಮ ಎಲೆಗಳನ್ನು ಕೊಳೆತಕ್ಕಾಗಿ ಪರಿಶೀಲಿಸಿ ಮತ್ತು ನಿಮ್ಮ ಬೆಳೆಯನ್ನು ಉಳಿಸಲು ರಕ್ಷಣೆಯನ್ನು ಬಳಸಿ.,रोग चेतावनी: मौसम बहुत नम और गर्म है। पत्तियों में सड़न की जांच करें और अपनी फसल को बचाने के लिए सुरक्षात्मक उपाय करें।,"நோய் எச்சரிக்கை: இது மிகவும் ஈரப்பதமாகவும் சூடாகவும் இருக்கும். உங்கள் இலைகளில் அழுகல் இருக்கிறதா என்று சரிபார்த்து, உங்கள் அறுவடையை சேமிக்க பாதுகாப்பைப் பயன்படுத்துங்கள்.",వ్యాధి హెచ్చరిక: ఇది చాలా తడిగా మరియు వెచ్చగా ఉంటుంది. మీ ఆకులు తెగులు కోసం తనిఖీ చేయండి మరియు మీ పంటను కాపాడటానికి రక్షణను ఉపయోగించండి.,രോഗ മുന്നറിയിപ്പ്: ഇത് വളരെ ഈർപ്പമുള്ളതും ചൂടുള്ളതുമാണ്. നിങ്ങളുടെ ഇലകൾ അഴുകുന്നുണ്ടോ എന്ന് പരിശോധിച്ച് നിങ്ങളുടെ വിള സംരക്ഷിക്കാൻ സംരക്ഷണം ഉപയോഗിക്കുക.,रोगाचा इशारा: हे खूप ओलसर आणि उबदार आहे. तुमची पाने कुजली आहेत का ते तपासा आणि तुमचे पीक वाचवण्यासाठी संरक्षण वापरा.,રોગની ચેતવણી: તે ખૂબ જ ભેજવાળી અને ગરમ છે. તમારા પાંદડા સડી ગયા છે કે નહીં તે તપાસો અને તમારા પાકને બચાવવા માટે રક્ષણનો ઉપયોગ કરો.,রোগের সতর্কতা: এটি খুব স্যাঁতসেঁতে এবং উষ্ণ। আপনার পাতা পচে গেছে কিনা তা পরীক্ষা করুন এবং আপনার ফসল বাঁচাতে সুরক্ষা ব্যবস্থা ব্যবহার করুন।,ਬਿਮਾਰੀ ਦੀ ਚੇਤਾਵਨੀ: ਇਹ ਬਹੁਤ ਗਿੱਲਾ ਅਤੇ ਗਰਮ ਹੈ। ਆਪਣੇ ਪੱਤਿਆਂ ਦੀ ਸੜਨ ਦੀ ਜਾਂਚ ਕਰੋ ਅਤੇ ਆਪਣੀ ਫ਼ਸਲ ਨੂੰ ਬਚਾਉਣ ਲਈ ਸੁਰੱਖਿਆ ਦੀ ਵਰਤੋਂ ਕਰੋ।,بیماری کا انتباہ: یہ بہت نم اور گرم ہے۔ اپنے پتوں کو سڑنے کے لیے چیک کریں اور اپنی فصل کو بچانے کے لیے تحفظ کا استعمال کریں۔,रोगको चेतावनी: यो धेरै ओसिलो र न्यानो छ। आफ्नो पातहरू कुहिन जाँच गर्नुहोस् र आफ्नो बाली बचाउन सुरक्षा प्रयोग गर्नुहोस्।,ରୋଗ ସତର୍କତା: ଏହା ବହୁତ ଓଦା ଏବଂ ଉଷ୍ମ। ଆପଣଙ୍କ ପତ୍ର ପଚିଛି କି ନାହିଁ ଯାଞ୍ଚ କରନ୍ତୁ ଏବଂ ଆପଣଙ୍କ ଫସଲକୁ ବଞ୍ଚାଇବା ପାଇଁ ସୁରକ୍ଷା ବ୍ୟବହାର କରନ୍ତୁ।,,warning
Extreme Heat,Very Dry,Calm,Dry,field_work,CAUTION,45,Limit Field Work Hours,FIELD WORK: It is getting very hot. Do your heavy work while it is still cool to keep yourself and your plants healthy.,ಕ್ಷೇತ್ರದ ಕೆಲಸ: ತುಂಬಾ ಬಿಸಿಯಾಗುತ್ತಿದೆ. ನಿಮ್ಮನ್ನು ಮತ್ತು ನಿಮ್ಮ ಸಸ್ಯಗಳನ್ನು ಆರೋಗ್ಯವಾಗಿಡಲು ತಂಪಾಗಿರುವಾಗಲೇ ನಿಮ್ಮ ಭಾರವಾದ ಕೆಲಸವನ್ನು ಮಾಡಿ.,"खेत का काम: बहुत गर्मी पड़ रही है। अपना भारी काम तब करें जब मौसम ठंडा हो, ताकि आप और आपके पौधे स्वस्थ रहें।","களப்பணி: மிகவும் சூடாகி வருகிறது. உங்களையும் உங்கள் தாவரங்களையும் ஆரோக்கியமாக வைத்திருக்க, குளிர்ச்சியாக இருக்கும்போதே உங்கள் கனமான வேலையைச் செய்யுங்கள்.",ఫీల్డ్ వర్క్: చాలా వేడిగా ఉంది. మిమ్మల్ని మరియు మీ మొక్కలను ఆరోగ్యంగా ఉంచుకోవడానికి చల్లగా ఉన్నప్పుడే మీ భారీ పని చేయండి.,വയലിലെ ജോലി: ചൂട് കൂടിവരികയാണ്. നിങ്ങളെയും നിങ്ങളുടെ ചെടികളെയും ആരോഗ്യത്തോടെ നിലനിർത്താൻ തണുപ്പുള്ളപ്പോൾ തന്നെ ഭാരിച്ച ജോലികൾ ചെയ്യുക.,शेतातील काम: खूप उष्णता वाढत आहे. स्वतःला आणि तुमच्या झाडांना निरोगी ठेवण्यासाठी थंड असतानाच तुमचे जड काम करा.,ખેતરમાં કામ: ખૂબ ગરમી પડી રહી છે. ઠંડી હોય ત્યારે ભારે કામ કરો જેથી તમારી જાતને અને તમારા છોડને સ્વસ્થ રાખી શકાય.,মাঠের কাজ: খুব গরম পড়ছে। নিজেকে এবং আপনার গাছপালা সুস্থ রাখতে ঠান্ডা থাকতেই ভারী কাজ করুন।,ਖੇਤ ਦਾ ਕੰਮ: ਬਹੁਤ ਗਰਮੀ ਪੈ ਰਹੀ ਹੈ। ਆਪਣੇ ਆਪ ਨੂੰ ਅਤੇ ਆਪਣੇ ਪੌਦਿਆਂ ਨੂੰ ਸਿਹਤਮੰਦ ਰੱਖਣ ਲਈ ਠੰਡਾ ਹੋਣ ਤੱਕ ਆਪਣਾ ਭਾਰੀ ਕੰਮ ਕਰੋ।,فیلڈ ورک: یہ بہت گرم ہو رہا ہے۔ اپنے آپ کو اور اپنے پودوں کو صحت مند رکھنے کے لیے ٹھنڈا ہونے کے دوران اپنا بھاری کام کریں۔,खेतबारीको काम: धेरै गर्मी भइरहेको छ। आफू र आफ्ना बिरुवाहरूलाई स्वस्थ राख्न चिसो हुँदा नै आफ्नो भारी काम गर्नुहोस्।,କ୍ଷେତ କାମ: ବହୁତ ଗରମ ହେଉଛି। ନିଜକୁ ଏବଂ ଆପଣଙ୍କ ଗଛଗୁଡ଼ିକୁ ସୁସ୍ଥ ରଖିବା ପାଇଁ ଥଣ୍ଡା ଥିବା ସମୟରେ ଆପଣଙ୍କର କଠିନ କାମ କରନ୍ତୁ।,Before 10 AM or After 5 PM,tractor
Extreme Heat,Very Dry,Calm,Light Rain,irrigation,CAUTION,45,Irrigation Caution,WATERING: The ground is dry. Best to water in the early morning so the plants stay strong during the heat.,"ನೀರುಹಾಕುವುದು: ನೆಲ ಒಣಗಿದೆ. ಬೆಳಿಗ್ಗೆ ಬೇಗನೆ ನೀರು ಹಾಕುವುದು ಉತ್ತಮ, ಇದರಿಂದ ಸಸ್ಯಗಳು ಶಾಖದ ಸಮಯದಲ್ಲಿ ಬಲವಾಗಿರುತ್ತವೆ.",पानी देना: मिट्टी सूखी है। पौधों को गर्मी के दौरान स्वस्थ रखने के लिए सुबह जल्दी पानी देना सबसे अच्छा है।,"நீர்ப்பாசனம்: நிலம் வறண்டு உள்ளது. அதிகாலையில் தண்ணீர் பாய்ச்சுவது நல்லது, இதனால் வெப்பத்தின் போது தாவரங்கள் வலுவாக இருக்கும்.","నీరు త్రాగుట: నేల పొడిగా ఉంటుంది. ఉదయాన్నే నీరు పోయడం మంచిది, తద్వారా వేడి సమయంలో మొక్కలు బలంగా ఉంటాయి.","നനവ്: നിലം വരണ്ടതാണ്. അതിരാവിലെ നനയ്ക്കുന്നതാണ് നല്ലത്, അങ്ങനെ ചൂടിൽ ചെടികൾ ശക്തമായി നിലനിൽക്കും.",पाणी देणे: जमीन कोरडी आहे. सकाळी लवकर पाणी देणे चांगले जेणेकरून उष्णतेमध्ये झाडे मजबूत राहतील.,પાણી આપવું: જમીન સૂકી છે. ગરમી દરમિયાન છોડ મજબૂત રહે તે માટે વહેલી સવારે પાણી આપવું શ્રેષ્ઠ છે.,"জল দেওয়া: মাটি শুষ্ক। খুব ভোরে জল দেওয়া ভালো, যাতে গরমের সময় গাছপালা শক্তিশালী থাকে।",ਪਾਣੀ ਦੇਣਾ: ਜ਼ਮੀਨ ਸੁੱਕੀ ਹੈ। ਸਵੇਰੇ ਜਲਦੀ ਪਾਣੀ ਦੇਣਾ ਸਭ ਤੋਂ ਵਧੀਆ ਹੈ ਤਾਂ ਜੋ ਪੌਦੇ ਗਰਮੀ ਦੌਰਾਨ ਮਜ਼ਬੂਤ ​​ਰਹਿਣ।,پانی دینا: زمین خشک ہے۔ صبح سویرے پانی دینا بہتر ہے تاکہ گرمی کے دوران پودے مضبوط رہیں۔,पानी हाल्ने: जमिन सुख्खा छ। बिहान सबेरै पानी हाल्नु राम्रो हुन्छ ताकि गर्मीको समयमा बिरुवाहरू बलियो रहून्।,ପାଣି ଦେବା: ଜମି ଶୁଖିଲା ଅଛି। ଗରମ ସମୟରେ ଗଛଗୁଡ଼ିକ ଶକ୍ତିଶାଳୀ ରହିବା ପାଇଁ ସକାଳୁ ପାଣି ଦେବା ଭଲ।,Before 8 AM,droplet
Extreme Heat,Very Dry,Calm,Light Rain,spraying,CAUTION,45,Spray With Caution,SPRAYING: The air is calm right now. Spray your crops now before the wind picks up and wastes your medicine.,ಸಿಂಪಡಣೆ: ಗಾಳಿ ಈಗ ಶಾಂತವಾಗಿದೆ. ಗಾಳಿ ಬೀಸಿ ನಿಮ್ಮ ಔಷಧ ವ್ಯರ್ಥವಾಗುವ ಮೊದಲು ನಿಮ್ಮ ಬೆಳೆಗಳಿಗೆ ಈಗಲೇ ಸಿಂಪಡಿಸಿ.,छिड़काव: इस समय हवा शांत है। हवा चलने और दवा बर्बाद होने से पहले अपनी फसलों पर छिड़काव करें।,தெளித்தல்: காற்று இப்போது அமைதியாக இருக்கிறது. காற்று வீசி உங்கள் மருந்தை வீணாக்கும் முன் உங்கள் பயிர்களுக்கு இப்போதே தெளிக்கவும்.,స్ప్రేయింగ్: ప్రస్తుతం గాలి ప్రశాంతంగా ఉంది. గాలి వీచి మీ ఔషధం వృధా అయ్యేలోపు మీ పంటలపై ఇప్పుడే పిచికారీ చేయండి.,സ്പ്രേയിംഗ്: ഇപ്പോൾ വായു ശാന്തമാണ്. കാറ്റ് വീശി നിങ്ങളുടെ മരുന്നുകൾ പാഴാക്കുന്നതിനുമുമ്പ് നിങ്ങളുടെ വിളകൾക്ക് ഇപ്പോൾ തന്നെ തളിക്കുക.,फवारणी: सध्या हवा शांत आहे. वारा येऊन तुमचे औषध वाया जाण्यापूर्वी आत्ताच तुमच्या पिकांवर फवारणी करा.,છંટકાવ: અત્યારે હવા શાંત છે. પવન ફૂંકાય અને તમારી દવા બગાડે તે પહેલાં હમણાં જ તમારા પાક પર છંટકાવ કરો.,স্প্রে করা: বাতাস এখন শান্ত। বাতাস বইতে শুরু করে এবং আপনার ওষুধ নষ্ট করার আগে এখনই আপনার ফসলে স্প্রে করুন।,ਛਿੜਕਾਅ: ਇਸ ਵੇਲੇ ਹਵਾ ਸ਼ਾਂਤ ਹੈ। ਹਵਾ ਚੱਲਣ ਅਤੇ ਤੁਹਾਡੀ ਦਵਾਈ ਬਰਬਾਦ ਹੋਣ ਤੋਂ ਪਹਿਲਾਂ ਆਪਣੀਆਂ ਫਸਲਾਂ 'ਤੇ ਹੁਣੇ ਛਿੜਕਾਅ ਕਰੋ।,چھڑکاؤ: اس وقت ہوا پرسکون ہے۔ اپنی فصلوں پر چھڑکاؤ اس سے پہلے کہ ہوا تیز ہو جائے اور آپ کی دوائی ضائع ہو جائے۔,छर्कने: अहिले हावा शान्त छ। हावा चल्नु र तपाईंको औषधि खेर जानु अघि नै आफ्नो बालीनालीमा छर्कनुहोस्।,ସିଞ୍ଚନ: ବର୍ତ୍ତମାନ ବାୟୁ ଶାନ୍ତ ଅଛି। ପବନ ବହିବା ଏବଂ ଔଷଧ ନଷ୍ଟ କରିବା ପୂର୍ବରୁ ଏବେ ଆପଣଙ୍କ ଫସଲରେ ସିଞ୍ଚନ କରନ୍ତୁ।,Before 10 AM,spray
Extreme Heat,Very Dry,Calm,Light Rain,fungal_risk,CAUTION,45,Monitor Fungal Risk,DISEASE ALERT: It is very damp and warm. Check your leaves for rot and use protection to save your harvest.,ರೋಗ ಎಚ್ಚರಿಕೆ: ಇದು ತುಂಬಾ ತೇವ ಮತ್ತು ಬೆಚ್ಚಗಿರುತ್ತದೆ. ನಿಮ್ಮ ಎಲೆಗಳನ್ನು ಕೊಳೆತಕ್ಕಾಗಿ ಪರಿಶೀಲಿಸಿ ಮತ್ತು ನಿಮ್ಮ ಬೆಳೆಯನ್ನು ಉಳಿಸಲು ರಕ್ಷಣೆಯನ್ನು ಬಳಸಿ.,रोग चेतावनी: मौसम बहुत नम और गर्म है। पत्तियों में सड़न की जांच करें और अपनी फसल को बचाने के लिए सुरक्षात्मक उपाय करें।,"நோய் எச்சரிக்கை: இது மிகவும் ஈரப்பதமாகவும் சூடாகவும் இருக்கும். உங்கள் இலைகளில் அழுகல் இருக்கிறதா என்று சரிபார்த்து, உங்கள் அறுவடையை சேமிக்க பாதுகாப்பைப் பயன்படுத்துங்கள்.",వ్యాధి హెచ్చరిక: ఇది చాలా తడిగా మరియు వెచ్చగా ఉంటుంది. మీ ఆకులు తెగులు కోసం తనిఖీ చేయండి మరియు మీ పంటను కాపాడటానికి రక్షణను ఉపయోగించండి.,രോഗ മുന്നറിയിപ്പ്: ഇത് വളരെ ഈർപ്പമുള്ളതും ചൂടുള്ളതുമാണ്. നിങ്ങളുടെ ഇലകൾ അഴുകുന്നുണ്ടോ എന്ന് പരിശോധിച്ച് നിങ്ങളുടെ വിള സംരക്ഷിക്കാൻ സംരക്ഷണം ഉപയോഗിക്കുക.,रोगाचा इशारा: हे खूप ओलसर आणि उबदार आहे. तुमची पाने कुजली आहेत का ते तपासा आणि तुमचे पीक वाचवण्यासाठी संरक्षण वापरा.,રોગની ચેતવણી: તે ખૂબ જ ભેજવાળી અને ગરમ છે. તમારા પાંદડા સડી ગયા છે કે નહીં તે તપાસો અને તમારા પાકને બચાવવા માટે રક્ષણનો ઉપયોગ કરો.,রোগের সতর্কতা: এটি খুব স্যাঁতসেঁতে এবং উষ্ণ। আপনার পাতা পচে গেছে কিনা তা পরীক্ষা করুন এবং আপনার ফসল বাঁচাতে সুরক্ষা ব্যবস্থা ব্যবহার করুন।,ਬਿਮਾਰੀ ਦੀ ਚੇਤਾਵਨੀ: ਇਹ ਬਹੁਤ ਗਿੱਲਾ ਅਤੇ ਗਰਮ ਹੈ। ਆਪਣੇ ਪੱਤਿਆਂ ਦੀ ਸੜਨ ਦੀ ਜਾਂਚ ਕਰੋ ਅਤੇ ਆਪਣੀ ਫ਼ਸਲ ਨੂੰ ਬਚਾਉਣ ਲਈ ਸੁਰੱਖਿਆ ਦੀ ਵਰਤੋਂ ਕਰੋ।,بیماری کا انتباہ: یہ بہت نم اور گرم ہے۔ اپنے پتوں کو سڑنے کے لیے چیک کریں اور اپنی فصل کو بچانے کے لیے تحفظ کا استعمال کریں۔,रोगको चेतावनी: यो धेरै ओसिलो र न्यानो छ। आफ्नो पातहरू कुहिन जाँच गर्नुहोस् र आफ्नो बाली बचाउन सुरक्षा प्रयोग गर्नुहोस्।,ରୋଗ ସତର୍କତା: ଏହା ବହୁତ ଓଦା ଏବଂ ଉଷ୍ମ। ଆପଣଙ୍କ ପତ୍ର ପଚିଛି କି ନାହିଁ ଯାଞ୍ଚ କରନ୍ତୁ ଏବଂ ଆପଣଙ୍କ ଫସଲକୁ ବଞ୍ଚାଇବା ପାଇଁ ସୁରକ୍ଷା ବ୍ୟବହାର କରନ୍ତୁ।,,warning
Extreme Heat,Very Dry,Calm,Light Rain,field_work,CAUTION,45,Limit Field Work Hours,FIELD WORK: It is getting very hot. Do your heavy work while it is still cool to keep yourself and your plants healthy.,ಕ್ಷೇತ್ರದ ಕೆಲಸ: ತುಂಬಾ ಬಿಸಿಯಾಗುತ್ತಿದೆ. ನಿಮ್ಮನ್ನು ಮತ್ತು ನಿಮ್ಮ ಸಸ್ಯಗಳನ್ನು ಆರೋಗ್ಯವಾಗಿಡಲು ತಂಪಾಗಿರುವಾಗಲೇ ನಿಮ್ಮ ಭಾರವಾದ ಕೆಲಸವನ್ನು ಮಾಡಿ.,"खेत का काम: बहुत गर्मी पड़ रही है। अपना भारी काम तब करें जब मौसम ठंडा हो, ताकि आप और आपके पौधे स्वस्थ रहें।","களப்பணி: மிகவும் சூடாகி வருகிறது. உங்களையும் உங்கள் தாவரங்களையும் ஆரோக்கியமாக வைத்திருக்க, குளிர்ச்சியாக இருக்கும்போதே உங்கள் கனமான வேலையைச் செய்யுங்கள்.",ఫీల్డ్ వర్క్: చాలా వేడిగా ఉంది. మిమ్మల్ని మరియు మీ మొక్కలను ఆరోగ్యంగా ఉంచుకోవడానికి చల్లగా ఉన్నప్పుడే మీ భారీ పని చేయండి.,വയലിലെ ജോലി: ചൂട് കൂടിവരികയാണ്. നിങ്ങളെയും നിങ്ങളുടെ ചെടികളെയും ആരോഗ്യത്തോടെ നിലനിർത്താൻ തണുപ്പുള്ളപ്പോൾ തന്നെ ഭാരിച്ച ജോലികൾ ചെയ്യുക.,शेतातील काम: खूप उष्णता वाढत आहे. स्वतःला आणि तुमच्या झाडांना निरोगी ठेवण्यासाठी थंड असतानाच तुमचे जड काम करा.,ખેતરમાં કામ: ખૂબ ગરમી પડી રહી છે. ઠંડી હોય ત્યારે ભારે કામ કરો જેથી તમારી જાતને અને તમારા છોડને સ્વસ્થ રાખી શકાય.,মাঠের কাজ: খুব গরম পড়ছে। নিজেকে এবং আপনার গাছপালা সুস্থ রাখতে ঠান্ডা থাকতেই ভারী কাজ করুন।,ਖੇਤ ਦਾ ਕੰਮ: ਬਹੁਤ ਗਰਮੀ ਪੈ ਰਹੀ ਹੈ। ਆਪਣੇ ਆਪ ਨੂੰ ਅਤੇ ਆਪਣੇ ਪੌਦਿਆਂ ਨੂੰ ਸਿਹਤਮੰਦ ਰੱਖਣ ਲਈ ਠੰਡਾ ਹੋਣ ਤੱਕ ਆਪਣਾ ਭਾਰੀ ਕੰਮ ਕਰੋ।,فیلڈ ورک: یہ بہت گرم ہو رہا ہے۔ اپنے آپ کو اور اپنے پودوں کو صحت مند رکھنے کے لیے ٹھنڈا ہونے کے دوران اپنا بھاری کام کریں۔,खेतबारीको काम: धेरै गर्मी भइरहेको छ। आफू र आफ्ना बिरुवाहरूलाई स्वस्थ राख्न चिसो हुँदा नै आफ्नो भारी काम गर्नुहोस्।,କ୍ଷେତ କାମ: ବହୁତ ଗରମ ହେଉଛି। ନିଜକୁ ଏବଂ ଆପଣଙ୍କ ଗଛଗୁଡ଼ିକୁ ସୁସ୍ଥ ରଖିବା ପାଇଁ ଥଣ୍ଡା ଥିବା ସମୟରେ ଆପଣଙ୍କର କଠିନ କାମ କରନ୍ତୁ।,Before 10 AM or After 5 PM,tractor
Extreme Heat,Very Dry,Calm,Heavy Rain,irrigation,CAUTION,45,Irrigation Caution,WATERING: The ground is dry. Best to water in the early morning so the plants stay strong during the heat.,"ನೀರುಹಾಕುವುದು: ನೆಲ ಒಣಗಿದೆ. ಬೆಳಿಗ್ಗೆ ಬೇಗನೆ ನೀರು ಹಾಕುವುದು ಉತ್ತಮ, ಇದರಿಂದ ಸಸ್ಯಗಳು ಶಾಖದ ಸಮಯದಲ್ಲಿ ಬಲವಾಗಿರುತ್ತವೆ.",पानी देना: मिट्टी सूखी है। पौधों को गर्मी के दौरान स्वस्थ रखने के लिए सुबह जल्दी पानी देना सबसे अच्छा है।,"நீர்ப்பாசனம்: நிலம் வறண்டு உள்ளது. அதிகாலையில் தண்ணீர் பாய்ச்சுவது நல்லது, இதனால் வெப்பத்தின் போது தாவரங்கள் வலுவாக இருக்கும்.","నీరు త్రాగుట: నేల పొడిగా ఉంటుంది. ఉదయాన్నే నీరు పోయడం మంచిది, తద్వారా వేడి సమయంలో మొక్కలు బలంగా ఉంటాయి.","നനവ്: നിലം വരണ്ടതാണ്. അതിരാവിലെ നനയ്ക്കുന്നതാണ് നല്ലത്, അങ്ങനെ ചൂടിൽ ചെടികൾ ശക്തമായി നിലനിൽക്കും.",पाणी देणे: जमीन कोरडी आहे. सकाळी लवकर पाणी देणे चांगले जेणेकरून उष्णतेमध्ये झाडे मजबूत राहतील.,પાણી આપવું: જમીન સૂકી છે. ગરમી દરમિયાન છોડ મજબૂત રહે તે માટે વહેલી સવારે પાણી આપવું શ્રેષ્ઠ છે.,"জল দেওয়া: মাটি শুষ্ক। খুব ভোরে জল দেওয়া ভালো, যাতে গরমের সময় গাছপালা শক্তিশালী থাকে।",ਪਾਣੀ ਦੇਣਾ: ਜ਼ਮੀਨ ਸੁੱਕੀ ਹੈ। ਸਵੇਰੇ ਜਲਦੀ ਪਾਣੀ ਦੇਣਾ ਸਭ ਤੋਂ ਵਧੀਆ ਹੈ ਤਾਂ ਜੋ ਪੌਦੇ ਗਰਮੀ ਦੌਰਾਨ ਮਜ਼ਬੂਤ ​​ਰਹਿਣ।,پانی دینا: زمین خشک ہے۔ صبح سویرے پانی دینا بہتر ہے تاکہ گرمی کے دوران پودے مضبوط رہیں۔,पानी हाल्ने: जमिन सुख्खा छ। बिहान सबेरै पानी हाल्नु राम्रो हुन्छ ताकि गर्मीको समयमा बिरुवाहरू बलियो रहून्।,ପାଣି ଦେବା: ଜମି ଶୁଖିଲା ଅଛି। ଗରମ ସମୟରେ ଗଛଗୁଡ଼ିକ ଶକ୍ତିଶାଳୀ ରହିବା ପାଇଁ ସକାଳୁ ପାଣି ଦେବା ଭଲ।,Before 8 AM,droplet
Extreme Heat,Very Dry,Calm,Heavy Rain,spraying,CAUTION,45,Spray With Caution,SPRAYING: The air is calm right now. Spray your crops now before the wind picks up and wastes your medicine.,ಸಿಂಪಡಣೆ: ಗಾಳಿ ಈಗ ಶಾಂತವಾಗಿದೆ. ಗಾಳಿ ಬೀಸಿ ನಿಮ್ಮ ಔಷಧ ವ್ಯರ್ಥವಾಗುವ ಮೊದಲು ನಿಮ್ಮ ಬೆಳೆಗಳಿಗೆ ಈಗಲೇ ಸಿಂಪಡಿಸಿ.,छिड़काव: इस समय हवा शांत है। हवा चलने और दवा बर्बाद होने से पहले अपनी फसलों पर छिड़काव करें।,தெளித்தல்: காற்று இப்போது அமைதியாக இருக்கிறது. காற்று வீசி உங்கள் மருந்தை வீணாக்கும் முன் உங்கள் பயிர்களுக்கு இப்போதே தெளிக்கவும்.,స్ప్రేయింగ్: ప్రస్తుతం గాలి ప్రశాంతంగా ఉంది. గాలి వీచి మీ ఔషధం వృధా అయ్యేలోపు మీ పంటలపై ఇప్పుడే పిచికారీ చేయండి.,സ്പ്രേയിംഗ്: ഇപ്പോൾ വായു ശാന്തമാണ്. കാറ്റ് വീശി നിങ്ങളുടെ മരുന്നുകൾ പാഴാക്കുന്നതിനുമുമ്പ് നിങ്ങളുടെ വിളകൾക്ക് ഇപ്പോൾ തന്നെ തളിക്കുക.,फवारणी: सध्या हवा शांत आहे. वारा येऊन तुमचे औषध वाया जाण्यापूर्वी आत्ताच तुमच्या पिकांवर फवारणी करा.,છંટકાવ: અત્યારે હવા શાંત છે. પવન ફૂંકાય અને તમારી દવા બગાડે તે પહેલાં હમણાં જ તમારા પાક પર છંટકાવ કરો.,স্প্রে করা: বাতাস এখন শান্ত। বাতাস বইতে শুরু করে এবং আপনার ওষুধ নষ্ট করার আগে এখনই আপনার ফসলে স্প্রে করুন।,ਛਿੜਕਾਅ: ਇਸ ਵੇਲੇ ਹਵਾ ਸ਼ਾਂਤ ਹੈ। ਹਵਾ ਚੱਲਣ ਅਤੇ ਤੁਹਾਡੀ ਦਵਾਈ ਬਰਬਾਦ ਹੋਣ ਤੋਂ ਪਹਿਲਾਂ ਆਪਣੀਆਂ ਫਸਲਾਂ 'ਤੇ ਹੁਣੇ ਛਿੜਕਾਅ ਕਰੋ।,چھڑکاؤ: اس وقت ہوا پرسکون ہے۔ اپنی فصلوں پر چھڑکاؤ اس سے پہلے کہ ہوا تیز ہو جائے اور آپ کی دوائی ضائع ہو جائے۔,छर्कने: अहिले हावा शान्त छ। हावा चल्नु र तपाईंको औषधि खेर जानु अघि नै आफ्नो बालीनालीमा छर्कनुहोस्।,ସିଞ୍ଚନ: ବର୍ତ୍ତମାନ ବାୟୁ ଶାନ୍ତ ଅଛି। ପବନ ବହିବା ଏବଂ ଔଷଧ ନଷ୍ଟ କରିବା ପୂର୍ବରୁ ଏବେ ଆପଣଙ୍କ ଫସଲରେ ସିଞ୍ଚନ କରନ୍ତୁ।,Before 10 AM,spray
Extreme Heat,Very Dry,Calm,Heavy Rain,fungal_risk,CAUTION,45,Monitor Fungal Risk,DISEASE ALERT: It is very damp and warm. Check your leaves for rot and use protection to save your harvest.,ರೋಗ ಎಚ್ಚರಿಕೆ: ಇದು ತುಂಬಾ ತೇವ ಮತ್ತು ಬೆಚ್ಚಗಿರುತ್ತದೆ. ನಿಮ್ಮ ಎಲೆಗಳನ್ನು ಕೊಳೆತಕ್ಕಾಗಿ ಪರಿಶೀಲಿಸಿ ಮತ್ತು ನಿಮ್ಮ ಬೆಳೆಯನ್ನು ಉಳಿಸಲು ರಕ್ಷಣೆಯನ್ನು ಬಳಸಿ.,रोग चेतावनी: मौसम बहुत नम और गर्म है। पत्तियों में सड़न की जांच करें और अपनी फसल को बचाने के लिए सुरक्षात्मक उपाय करें।,"நோய் எச்சரிக்கை: இது மிகவும் ஈரப்பதமாகவும் சூடாகவும் இருக்கும். உங்கள் இலைகளில் அழுகல் இருக்கிறதா என்று சரிபார்த்து, உங்கள் அறுவடையை சேமிக்க பாதுகாப்பைப் பயன்படுத்துங்கள்.",వ్యాధి హెచ్చరిక: ఇది చాలా తడిగా మరియు వెచ్చగా ఉంటుంది. మీ ఆకులు తెగులు కోసం తనిఖీ చేయండి మరియు మీ పంటను కాపాడటానికి రక్షణను ఉపయోగించండి.,രോഗ മുന്നറിയിപ്പ്: ഇത് വളരെ ഈർപ്പമുള്ളതും ചൂടുള്ളതുമാണ്. നിങ്ങളുടെ ഇലകൾ അഴുകുന്നുണ്ടോ എന്ന് പരിശോധിച്ച് നിങ്ങളുടെ വിള സംരക്ഷിക്കാൻ സംരക്ഷണം ഉപയോഗിക്കുക.,रोगाचा इशारा: हे खूप ओलसर आणि उबदार आहे. तुमची पाने कुजली आहेत का ते तपासा आणि तुमचे पीक वाचवण्यासाठी संरक्षण वापरा.,રોગની ચેતવણી: તે ખૂબ જ ભેજવાળી અને ગરમ છે. તમારા પાંદડા સડી ગયા છે કે નહીં તે તપાસો અને તમારા પાકને બચાવવા માટે રક્ષણનો ઉપયોગ કરો.,রোগের সতর্কতা: এটি খুব স্যাঁতসেঁতে এবং উষ্ণ। আপনার পাতা পচে গেছে কিনা তা পরীক্ষা করুন এবং আপনার ফসল বাঁচাতে সুরক্ষা ব্যবস্থা ব্যবহার করুন।,ਬਿਮਾਰੀ ਦੀ ਚੇਤਾਵਨੀ: ਇਹ ਬਹੁਤ ਗਿੱਲਾ ਅਤੇ ਗਰਮ ਹੈ। ਆਪਣੇ ਪੱਤਿਆਂ ਦੀ ਸੜਨ ਦੀ ਜਾਂਚ ਕਰੋ ਅਤੇ ਆਪਣੀ ਫ਼ਸਲ ਨੂੰ ਬਚਾਉਣ ਲਈ ਸੁਰੱਖਿਆ ਦੀ ਵਰਤੋਂ ਕਰੋ।,بیماری کا انتباہ: یہ بہت نم اور گرم ہے۔ اپنے پتوں کو سڑنے کے لیے چیک کریں اور اپنی فصل کو بچانے کے لیے تحفظ کا استعمال کریں۔,रोगको चेतावनी: यो धेरै ओसिलो र न्यानो छ। आफ्नो पातहरू कुहिन जाँच गर्नुहोस् र आफ्नो बाली बचाउन सुरक्षा प्रयोग गर्नुहोस्।,ରୋଗ ସତର୍କତା: ଏହା ବହୁତ ଓଦା ଏବଂ ଉଷ୍ମ। ଆପଣଙ୍କ ପତ୍ର ପଚିଛି କି ନାହିଁ ଯାଞ୍ଚ କରନ୍ତୁ ଏବଂ ଆପଣଙ୍କ ଫସଲକୁ ବଞ୍ଚାଇବା ପାଇଁ ସୁରକ୍ଷା ବ୍ୟବହାର କରନ୍ତୁ।,,warning
Extreme Heat,Very Dry,Calm,Heavy Rain,field_work,CAUTION,45,Limit Field Work Hours,FIELD WORK: It is getting very hot. Do your heavy work while it is still cool to keep yourself and your plants healthy.,ಕ್ಷೇತ್ರದ ಕೆಲಸ: ತುಂಬಾ ಬಿಸಿಯಾಗುತ್ತಿದೆ. ನಿಮ್ಮನ್ನು ಮತ್ತು ನಿಮ್ಮ ಸಸ್ಯಗಳನ್ನು ಆರೋಗ್ಯವಾಗಿಡಲು ತಂಪಾಗಿರುವಾಗಲೇ ನಿಮ್ಮ ಭಾರವಾದ ಕೆಲಸವನ್ನು ಮಾಡಿ.,"खेत का काम: बहुत गर्मी पड़ रही है। अपना भारी काम तब करें जब मौसम ठंडा हो, ताकि आप और आपके पौधे स्वस्थ रहें।","களப்பணி: மிகவும் சூடாகி வருகிறது. உங்களையும் உங்கள் தாவரங்களையும் ஆரோக்கியமாக வைத்திருக்க, குளிர்ச்சியாக இருக்கும்போதே உங்கள் கனமான வேலையைச் செய்யுங்கள்.",ఫీల్డ్ వర్క్: చాలా వేడిగా ఉంది. మిమ్మల్ని మరియు మీ మొక్కలను ఆరోగ్యంగా ఉంచుకోవడానికి చల్లగా ఉన్నప్పుడే మీ భారీ పని చేయండి.,വയലിലെ ജോലി: ചൂട് കൂടിവരികയാണ്. നിങ്ങളെയും നിങ്ങളുടെ ചെടികളെയും ആരോഗ്യത്തോടെ നിലനിർത്താൻ തണുപ്പുള്ളപ്പോൾ തന്നെ ഭാരിച്ച ജോലികൾ ചെയ്യുക.,शेतातील काम: खूप उष्णता वाढत आहे. स्वतःला आणि तुमच्या झाडांना निरोगी ठेवण्यासाठी थंड असतानाच तुमचे जड काम करा.,ખેતરમાં કામ: ખૂબ ગરમી પડી રહી છે. ઠંડી હોય ત્યારે ભારે કામ કરો જેથી તમારી જાતને અને તમારા છોડને સ્વસ્થ રાખી શકાય.,মাঠের কাজ: খুব গরম পড়ছে। নিজেকে এবং আপনার গাছপালা সুস্থ রাখতে ঠান্ডা থাকতেই ভারী কাজ করুন।,ਖੇਤ ਦਾ ਕੰਮ: ਬਹੁਤ ਗਰਮੀ ਪੈ ਰਹੀ ਹੈ। ਆਪਣੇ ਆਪ ਨੂੰ ਅਤੇ ਆਪਣੇ ਪੌਦਿਆਂ ਨੂੰ ਸਿਹਤਮੰਦ ਰੱਖਣ ਲਈ ਠੰਡਾ ਹੋਣ ਤੱਕ ਆਪਣਾ ਭਾਰੀ ਕੰਮ ਕਰੋ।,فیلڈ ورک: یہ بہت گرم ہو رہا ہے۔ اپنے آپ کو اور اپنے پودوں کو صحت مند رکھنے کے لیے ٹھنڈا ہونے کے دوران اپنا بھاری کام کریں۔,खेतबारीको काम: धेरै गर्मी भइरहेको छ। आफू र आफ्ना बिरुवाहरूलाई स्वस्थ राख्न चिसो हुँदा नै आफ्नो भारी काम गर्नुहोस्।,କ୍ଷେତ କାମ: ବହୁତ ଗରମ ହେଉଛି। ନିଜକୁ ଏବଂ ଆପଣଙ୍କ ଗଛଗୁଡ଼ିକୁ ସୁସ୍ଥ ରଖିବା ପାଇଁ ଥଣ୍ଡା ଥିବା ସମୟରେ ଆପଣଙ୍କର କଠିନ କାମ କରନ୍ତୁ।,Before 10 AM or After 5 PM,tractor
Extreme Heat,Very Dry,Breezy,Dry,irrigation,URGENT,80,Stop Irrigation Now,WATERING: The ground is dry. Best to water in the early morning so the plants stay strong during the heat.,"ನೀರುಹಾಕುವುದು: ನೆಲ ಒಣಗಿದೆ. ಬೆಳಿಗ್ಗೆ ಬೇಗನೆ ನೀರು ಹಾಕುವುದು ಉತ್ತಮ, ಇದರಿಂದ ಸಸ್ಯಗಳು ಶಾಖದ ಸಮಯದಲ್ಲಿ ಬಲವಾಗಿರುತ್ತವೆ.",पानी देना: मिट्टी सूखी है। पौधों को गर्मी के दौरान स्वस्थ रखने के लिए सुबह जल्दी पानी देना सबसे अच्छा है।,"நீர்ப்பாசனம்: நிலம் வறண்டு உள்ளது. அதிகாலையில் தண்ணீர் பாய்ச்சுவது நல்லது, இதனால் வெப்பத்தின் போது தாவரங்கள் வலுவாக இருக்கும்.","నీరు త్రాగుట: నేల పొడిగా ఉంటుంది. ఉదయాన్నే నీరు పోయడం మంచిది, తద్వారా వేడి సమయంలో మొక్కలు బలంగా ఉంటాయి.","നനവ്: നിലം വരണ്ടതാണ്. അതിരാവിലെ നനയ്ക്കുന്നതാണ് നല്ലത്, അങ്ങനെ ചൂടിൽ ചെടികൾ ശക്തമായി നിലനിൽക്കും.",पाणी देणे: जमीन कोरडी आहे. सकाळी लवकर पाणी देणे चांगले जेणेकरून उष्णतेमध्ये झाडे मजबूत राहतील.,પાણી આપવું: જમીન સૂકી છે. ગરમી દરમિયાન છોડ મજબૂત રહે તે માટે વહેલી સવારે પાણી આપવું શ્રેષ્ઠ છે.,"জল দেওয়া: মাটি শুষ্ক। খুব ভোরে জল দেওয়া ভালো, যাতে গরমের সময় গাছপালা শক্তিশালী থাকে।",ਪਾਣੀ ਦੇਣਾ: ਜ਼ਮੀਨ ਸੁੱਕੀ ਹੈ। ਸਵੇਰੇ ਜਲਦੀ ਪਾਣੀ ਦੇਣਾ ਸਭ ਤੋਂ ਵਧੀਆ ਹੈ ਤਾਂ ਜੋ ਪੌਦੇ ਗਰਮੀ ਦੌਰਾਨ ਮਜ਼ਬੂਤ ​​ਰਹਿਣ।,پانی دینا: زمین خشک ہے۔ صبح سویرے پانی دینا بہتر ہے تاکہ گرمی کے دوران پودے مضبوط رہیں۔,पानी हाल्ने: जमिन सुख्खा छ। बिहान सबेरै पानी हाल्नु राम्रो हुन्छ ताकि गर्मीको समयमा बिरुवाहरू बलियो रहून्।,ପାଣି ଦେବା: ଜମି ଶୁଖିଲା ଅଛି। ଗରମ ସମୟରେ ଗଛଗୁଡ଼ିକ ଶକ୍ତିଶାଳୀ ରହିବା ପାଇଁ ସକାଳୁ ପାଣି ଦେବା ଭଲ।,Avoid Today,droplet
Extreme Heat,Very Dry,Breezy,Dry,spraying,URGENT,80,Avoid Spraying Today,SPRAYING: The air is calm right now. Spray your crops now before the wind picks up and wastes your medicine.,ಸಿಂಪಡಣೆ: ಗಾಳಿ ಈಗ ಶಾಂತವಾಗಿದೆ. ಗಾಳಿ ಬೀಸಿ ನಿಮ್ಮ ಔಷಧ ವ್ಯರ್ಥವಾಗುವ ಮೊದಲು ನಿಮ್ಮ ಬೆಳೆಗಳಿಗೆ ಈಗಲೇ ಸಿಂಪಡಿಸಿ.,छिड़काव: इस समय हवा शांत है। हवा चलने और दवा बर्बाद होने से पहले अपनी फसलों पर छिड़काव करें।,தெளித்தல்: காற்று இப்போது அமைதியாக இருக்கிறது. காற்று வீசி உங்கள் மருந்தை வீணாக்கும் முன் உங்கள் பயிர்களுக்கு இப்போதே தெளிக்கவும்.,స్ప్రేయింగ్: ప్రస్తుతం గాలి ప్రశాంతంగా ఉంది. గాలి వీచి మీ ఔషధం వృధా అయ్యేలోపు మీ పంటలపై ఇప్పుడే పిచికారీ చేయండి.,സ്പ്രേയിംഗ്: ഇപ്പോൾ വായു ശാന്തമാണ്. കാറ്റ് വീശി നിങ്ങളുടെ മരുന്നുകൾ പാഴാക്കുന്നതിനുമുമ്പ് നിങ്ങളുടെ വിളകൾക്ക് ഇപ്പോൾ തന്നെ തളിക്കുക.,फवारणी: सध्या हवा शांत आहे. वारा येऊन तुमचे औषध वाया जाण्यापूर्वी आत्ताच तुमच्या पिकांवर फवारणी करा.,છંટકાવ: અત્યારે હવા શાંત છે. પવન ફૂંકાય અને તમારી દવા બગાડે તે પહેલાં હમણાં જ તમારા પાક પર છંટકાવ કરો.,স্প্রে করা: বাতাস এখন শান্ত। বাতাস বইতে শুরু করে এবং আপনার ওষুধ নষ্ট করার আগে এখনই আপনার ফসলে স্প্রে করুন।,ਛਿੜਕਾਅ: ਇਸ ਵੇਲੇ ਹਵਾ ਸ਼ਾਂਤ ਹੈ। ਹਵਾ ਚੱਲਣ ਅਤੇ ਤੁਹਾਡੀ ਦਵਾਈ ਬਰਬਾਦ ਹੋਣ ਤੋਂ ਪਹਿਲਾਂ ਆਪਣੀਆਂ ਫਸਲਾਂ 'ਤੇ ਹੁਣੇ ਛਿੜਕਾਅ ਕਰੋ।,چھڑکاؤ: اس وقت ہوا پرسکون ہے۔ اپنی فصلوں پر چھڑکاؤ اس سے پہلے کہ ہوا تیز ہو جائے اور آپ کی دوائی ضائع ہو جائے۔,छर्कने: अहिले हावा शान्त छ। हावा चल्नु र तपाईंको औषधि खेर जानु अघि नै आफ्नो बालीनालीमा छर्कनुहोस्।,ସିଞ୍ଚନ: ବର୍ତ୍ତମାନ ବାୟୁ ଶାନ୍ତ ଅଛି। ପବନ ବହିବା ଏବଂ ଔଷଧ ନଷ୍ଟ କରିବା ପୂର୍ବରୁ ଏବେ ଆପଣଙ୍କ ଫସଲରେ ସିଞ୍ଚନ କରନ୍ତୁ।,Avoid Today,spray
Extreme Heat,Very Dry,Breezy,Dry,fungal_risk,URGENT,80,High Fungal Alert,DISEASE ALERT: It is very damp and warm. Check your leaves for rot and use protection to save your harvest.,ರೋಗ ಎಚ್ಚರಿಕೆ: ಇದು ತುಂಬಾ ತೇವ ಮತ್ತು ಬೆಚ್ಚಗಿರುತ್ತದೆ. ನಿಮ್ಮ ಎಲೆಗಳನ್ನು ಕೊಳೆತಕ್ಕಾಗಿ ಪರಿಶೀಲಿಸಿ ಮತ್ತು ನಿಮ್ಮ ಬೆಳೆಯನ್ನು ಉಳಿಸಲು ರಕ್ಷಣೆಯನ್ನು ಬಳಸಿ.,रोग चेतावनी: मौसम बहुत नम और गर्म है। पत्तियों में सड़न की जांच करें और अपनी फसल को बचाने के लिए सुरक्षात्मक उपाय करें।,"நோய் எச்சரிக்கை: இது மிகவும் ஈரப்பதமாகவும் சூடாகவும் இருக்கும். உங்கள் இலைகளில் அழுகல் இருக்கிறதா என்று சரிபார்த்து, உங்கள் அறுவடையை சேமிக்க பாதுகாப்பைப் பயன்படுத்துங்கள்.",వ్యాధి హెచ్చరిక: ఇది చాలా తడిగా మరియు వెచ్చగా ఉంటుంది. మీ ఆకులు తెగులు కోసం తనిఖీ చేయండి మరియు మీ పంటను కాపాడటానికి రక్షణను ఉపయోగించండి.,രോഗ മുന്നറിയിപ്പ്: ഇത് വളരെ ഈർപ്പമുള്ളതും ചൂടുള്ളതുമാണ്. നിങ്ങളുടെ ഇലകൾ അഴുകുന്നുണ്ടോ എന്ന് പരിശോധിച്ച് നിങ്ങളുടെ വിള സംരക്ഷിക്കാൻ സംരക്ഷണം ഉപയോഗിക്കുക.,रोगाचा इशारा: हे खूप ओलसर आणि उबदार आहे. तुमची पाने कुजली आहेत का ते तपासा आणि तुमचे पीक वाचवण्यासाठी संरक्षण वापरा.,રોગની ચેતવણી: તે ખૂબ જ ભેજવાળી અને ગરમ છે. તમારા પાંદડા સડી ગયા છે કે નહીં તે તપાસો અને તમારા પાકને બચાવવા માટે રક્ષણનો ઉપયોગ કરો.,রোগের সতর্কতা: এটি খুব স্যাঁতসেঁতে এবং উষ্ণ। আপনার পাতা পচে গেছে কিনা তা পরীক্ষা করুন এবং আপনার ফসল বাঁচাতে সুরক্ষা ব্যবস্থা ব্যবহার করুন।,ਬਿਮਾਰੀ ਦੀ ਚੇਤਾਵਨੀ: ਇਹ ਬਹੁਤ ਗਿੱਲਾ ਅਤੇ ਗਰਮ ਹੈ। ਆਪਣੇ ਪੱਤਿਆਂ ਦੀ ਸੜਨ ਦੀ ਜਾਂਚ ਕਰੋ ਅਤੇ ਆਪਣੀ ਫ਼ਸਲ ਨੂੰ ਬਚਾਉਣ ਲਈ ਸੁਰੱਖਿਆ ਦੀ ਵਰਤੋਂ ਕਰੋ।,بیماری کا انتباہ: یہ بہت نم اور گرم ہے۔ اپنے پتوں کو سڑنے کے لیے چیک کریں اور اپنی فصل کو بچانے کے لیے تحفظ کا استعمال کریں۔,रोगको चेतावनी: यो धेरै ओसिलो र न्यानो छ। आफ्नो पातहरू कुहिन जाँच गर्नुहोस् र आफ्नो बाली बचाउन सुरक्षा प्रयोग गर्नुहोस्।,ରୋଗ ସତର୍କତା: ଏହା ବହୁତ ଓଦା ଏବଂ ଉଷ୍ମ। ଆପଣଙ୍କ ପତ୍ର ପଚିଛି କି ନାହିଁ ଯାଞ୍ଚ କରନ୍ତୁ ଏବଂ ଆପଣଙ୍କ ଫସଲକୁ ବଞ୍ଚାଇବା ପାଇଁ ସୁରକ୍ଷା ବ୍ୟବହାର କରନ୍ତୁ।,,warning
Extreme Heat,Very Dry,Breezy,Dry,field_work,URGENT,80,Stop Field Work Now,FIELD WORK: It is getting very hot. Do your heavy work while it is still cool to keep yourself and your plants healthy.,ಕ್ಷೇತ್ರದ ಕೆಲಸ: ತುಂಬಾ ಬಿಸಿಯಾಗುತ್ತಿದೆ. ನಿಮ್ಮನ್ನು ಮತ್ತು ನಿಮ್ಮ ಸಸ್ಯಗಳನ್ನು ಆರೋಗ್ಯವಾಗಿಡಲು ತಂಪಾಗಿರುವಾಗಲೇ ನಿಮ್ಮ ಭಾರವಾದ ಕೆಲಸವನ್ನು ಮಾಡಿ.,"खेत का काम: बहुत गर्मी पड़ रही है। अपना भारी काम तब करें जब मौसम ठंडा हो, ताकि आप और आपके पौधे स्वस्थ रहें।","களப்பணி: மிகவும் சூடாகி வருகிறது. உங்களையும் உங்கள் தாவரங்களையும் ஆரோக்கியமாக வைத்திருக்க, குளிர்ச்சியாக இருக்கும்போதே உங்கள் கனமான வேலையைச் செய்யுங்கள்.",ఫీల్డ్ వర్క్: చాలా వేడిగా ఉంది. మిమ్మల్ని మరియు మీ మొక్కలను ఆరోగ్యంగా ఉంచుకోవడానికి చల్లగా ఉన్నప్పుడే మీ భారీ పని చేయండి.,വയലിലെ ജോലി: ചൂട് കൂടിവരികയാണ്. നിങ്ങളെയും നിങ്ങളുടെ ചെടികളെയും ആരോഗ്യത്തോടെ നിലനിർത്താൻ തണുപ്പുള്ളപ്പോൾ തന്നെ ഭാരിച്ച ജോലികൾ ചെയ്യുക.,शेतातील काम: खूप उष्णता वाढत आहे. स्वतःला आणि तुमच्या झाडांना निरोगी ठेवण्यासाठी थंड असतानाच तुमचे जड काम करा.,ખેતરમાં કામ: ખૂબ ગરમી પડી રહી છે. ઠંડી હોય ત્યારે ભારે કામ કરો જેથી તમારી જાતને અને તમારા છોડને સ્વસ્થ રાખી શકાય.,মাঠের কাজ: খুব গরম পড়ছে। নিজেকে এবং আপনার গাছপালা সুস্থ রাখতে ঠান্ডা থাকতেই ভারী কাজ করুন।,ਖੇਤ ਦਾ ਕੰਮ: ਬਹੁਤ ਗਰਮੀ ਪੈ ਰਹੀ ਹੈ। ਆਪਣੇ ਆਪ ਨੂੰ ਅਤੇ ਆਪਣੇ ਪੌਦਿਆਂ ਨੂੰ ਸਿਹਤਮੰਦ ਰੱਖਣ ਲਈ ਠੰਡਾ ਹੋਣ ਤੱਕ ਆਪਣਾ ਭਾਰੀ ਕੰਮ ਕਰੋ।,فیلڈ ورک: یہ بہت گرم ہو رہا ہے۔ اپنے آپ کو اور اپنے پودوں کو صحت مند رکھنے کے لیے ٹھنڈا ہونے کے دوران اپنا بھاری کام کریں۔,खेतबारीको काम: धेरै गर्मी भइरहेको छ। आफू र आफ्ना बिरुवाहरूलाई स्वस्थ राख्न चिसो हुँदा नै आफ्नो भारी काम गर्नुहोस्।,କ୍ଷେତ କାମ: ବହୁତ ଗରମ ହେଉଛି। ନିଜକୁ ଏବଂ ଆପଣଙ୍କ ଗଛଗୁଡ଼ିକୁ ସୁସ୍ଥ ରଖିବା ପାଇଁ ଥଣ୍ଡା ଥିବା ସମୟରେ ଆପଣଙ୍କର କଠିନ କାମ କରନ୍ତୁ।,Avoid Today,alert
Extreme Heat,Very Dry,Breezy,Light Rain,irrigation,URGENT,80,Stop Irrigation Now,WATERING: The ground is dry. Best to water in the early morning so the plants stay strong during the heat.,"ನೀರುಹಾಕುವುದು: ನೆಲ ಒಣಗಿದೆ. ಬೆಳಿಗ್ಗೆ ಬೇಗನೆ ನೀರು ಹಾಕುವುದು ಉತ್ತಮ, ಇದರಿಂದ ಸಸ್ಯಗಳು ಶಾಖದ ಸಮಯದಲ್ಲಿ ಬಲವಾಗಿರುತ್ತವೆ.",पानी देना: मिट्टी सूखी है। पौधों को गर्मी के दौरान स्वस्थ रखने के लिए सुबह जल्दी पानी देना सबसे अच्छा है।,"நீர்ப்பாசனம்: நிலம் வறண்டு உள்ளது. அதிகாலையில் தண்ணீர் பாய்ச்சுவது நல்லது, இதனால் வெப்பத்தின் போது தாவரங்கள் வலுவாக இருக்கும்.","నీరు త్రాగుట: నేల పొడిగా ఉంటుంది. ఉదయాన్నే నీరు పోయడం మంచిది, తద్వారా వేడి సమయంలో మొక్కలు బలంగా ఉంటాయి.","നനവ്: നിലം വരണ്ടതാണ്. അതിരാവിലെ നനയ്ക്കുന്നതാണ് നല്ലത്, അങ്ങനെ ചൂടിൽ ചെടികൾ ശക്തമായി നിലനിൽക്കും.",पाणी देणे: जमीन कोरडी आहे. सकाळी लवकर पाणी देणे चांगले जेणेकरून उष्णतेमध्ये झाडे मजबूत राहतील.,પાણી આપવું: જમીન સૂકી છે. ગરમી દરમિયાન છોડ મજબૂત રહે તે માટે વહેલી સવારે પાણી આપવું શ્રેષ્ઠ છે.,"জল দেওয়া: মাটি শুষ্ক। খুব ভোরে জল দেওয়া ভালো, যাতে গরমের সময় গাছপালা শক্তিশালী থাকে।",ਪਾਣੀ ਦੇਣਾ: ਜ਼ਮੀਨ ਸੁੱਕੀ ਹੈ। ਸਵੇਰੇ ਜਲਦੀ ਪਾਣੀ ਦੇਣਾ ਸਭ ਤੋਂ ਵਧੀਆ ਹੈ ਤਾਂ ਜੋ ਪੌਦੇ ਗਰਮੀ ਦੌਰਾਨ ਮਜ਼ਬੂਤ ​​ਰਹਿਣ।,پانی دینا: زمین خشک ہے۔ صبح سویرے پانی دینا بہتر ہے تاکہ گرمی کے دوران پودے مضبوط رہیں۔,पानी हाल्ने: जमिन सुख्खा छ। बिहान सबेरै पानी हाल्नु राम्रो हुन्छ ताकि गर्मीको समयमा बिरुवाहरू बलियो रहून्।,ପାଣି ଦେବା: ଜମି ଶୁଖିଲା ଅଛି। ଗରମ ସମୟରେ ଗଛଗୁଡ଼ିକ ଶକ୍ତିଶାଳୀ ରହିବା ପାଇଁ ସକାଳୁ ପାଣି ଦେବା ଭଲ।,Avoid Today,droplet
Extreme Heat,Very Dry,Breezy,Light Rain,spraying,URGENT,80,Avoid Spraying Today,SPRAYING: The air is calm right now. Spray your crops now before the wind picks up and wastes your medicine.,ಸಿಂಪಡಣೆ: ಗಾಳಿ ಈಗ ಶಾಂತವಾಗಿದೆ. ಗಾಳಿ ಬೀಸಿ ನಿಮ್ಮ ಔಷಧ ವ್ಯರ್ಥವಾಗುವ ಮೊದಲು ನಿಮ್ಮ ಬೆಳೆಗಳಿಗೆ ಈಗಲೇ ಸಿಂಪಡಿಸಿ.,छिड़काव: इस समय हवा शांत है। हवा चलने और दवा बर्बाद होने से पहले अपनी फसलों पर छिड़काव करें।,தெளித்தல்: காற்று இப்போது அமைதியாக இருக்கிறது. காற்று வீசி உங்கள் மருந்தை வீணாக்கும் முன் உங்கள் பயிர்களுக்கு இப்போதே தெளிக்கவும்.,స్ప్రేయింగ్: ప్రస్తుతం గాలి ప్రశాంతంగా ఉంది. గాలి వీచి మీ ఔషధం వృధా అయ్యేలోపు మీ పంటలపై ఇప్పుడే పిచికారీ చేయండి.,സ്പ്രേയിംഗ്: ഇപ്പോൾ വായു ശാന്തമാണ്. കാറ്റ് വീശി നിങ്ങളുടെ മരുന്നുകൾ പാഴാക്കുന്നതിനുമുമ്പ് നിങ്ങളുടെ വിളകൾക്ക് ഇപ്പോൾ തന്നെ തളിക്കുക.,फवारणी: सध्या हवा शांत आहे. वारा येऊन तुमचे औषध वाया जाण्यापूर्वी आत्ताच तुमच्या पिकांवर फवारणी करा.,છંટકાવ: અત્યારે હવા શાંત છે. પવન ફૂંકાય અને તમારી દવા બગાડે તે પહેલાં હમણાં જ તમારા પાક પર છંટકાવ કરો.,স্প্রে করা: বাতাস এখন শান্ত। বাতাস বইতে শুরু করে এবং আপনার ওষুধ নষ্ট করার আগে এখনই আপনার ফসলে স্প্রে করুন।,ਛਿੜਕਾਅ: ਇਸ ਵੇਲੇ ਹਵਾ ਸ਼ਾਂਤ ਹੈ। ਹਵਾ ਚੱਲਣ ਅਤੇ ਤੁਹਾਡੀ ਦਵਾਈ ਬਰਬਾਦ ਹੋਣ ਤੋਂ ਪਹਿਲਾਂ ਆਪਣੀਆਂ ਫਸਲਾਂ 'ਤੇ ਹੁਣੇ ਛਿੜਕਾਅ ਕਰੋ।,چھڑکاؤ: اس وقت ہوا پرسکون ہے۔ اپنی فصلوں پر چھڑکاؤ اس سے پہلے کہ ہوا تیز ہو جائے اور آپ کی دوائی ضائع ہو جائے۔,छर्कने: अहिले हावा शान्त छ। हावा चल्नु र तपाईंको औषधि खेर जानु अघि नै आफ्नो बालीनालीमा छर्कनुहोस्।,ସିଞ୍ଚନ: ବର୍ତ୍ତମାନ ବାୟୁ ଶାନ୍ତ ଅଛି। ପବନ ବହିବା ଏବଂ ଔଷଧ ନଷ୍ଟ କରିବା ପୂର୍ବରୁ ଏବେ ଆପଣଙ୍କ ଫସଲରେ ସିଞ୍ଚନ କରନ୍ତୁ।,Avoid Today,spray
Extreme Heat,Very Dry,Breezy,Light Rain,fungal_risk,URGENT,80,High Fungal Alert,DISEASE ALERT: It is very damp and warm. Check your leaves for rot and use protection to save your harvest.,ರೋಗ ಎಚ್ಚರಿಕೆ: ಇದು ತುಂಬಾ ತೇವ ಮತ್ತು ಬೆಚ್ಚಗಿರುತ್ತದೆ. ನಿಮ್ಮ ಎಲೆಗಳನ್ನು ಕೊಳೆತಕ್ಕಾಗಿ ಪರಿಶೀಲಿಸಿ ಮತ್ತು ನಿಮ್ಮ ಬೆಳೆಯನ್ನು ಉಳಿಸಲು ರಕ್ಷಣೆಯನ್ನು ಬಳಸಿ.,रोग चेतावनी: मौसम बहुत नम और गर्म है। पत्तियों में सड़न की जांच करें और अपनी फसल को बचाने के लिए सुरक्षात्मक उपाय करें।,"நோய் எச்சரிக்கை: இது மிகவும் ஈரப்பதமாகவும் சூடாகவும் இருக்கும். உங்கள் இலைகளில் அழுகல் இருக்கிறதா என்று சரிபார்த்து, உங்கள் அறுவடையை சேமிக்க பாதுகாப்பைப் பயன்படுத்துங்கள்.",వ్యాధి హెచ్చరిక: ఇది చాలా తడిగా మరియు వెచ్చగా ఉంటుంది. మీ ఆకులు తెగులు కోసం తనిఖీ చేయండి మరియు మీ పంటను కాపాడటానికి రక్షణను ఉపయోగించండి.,രോഗ മുന്നറിയിപ്പ്: ഇത് വളരെ ഈർപ്പമുള്ളതും ചൂടുള്ളതുമാണ്. നിങ്ങളുടെ ഇലകൾ അഴുകുന്നുണ്ടോ എന്ന് പരിശോധിച്ച് നിങ്ങളുടെ വിള സംരക്ഷിക്കാൻ സംരക്ഷണം ഉപയോഗിക്കുക.,रोगाचा इशारा: हे खूप ओलसर आणि उबदार आहे. तुमची पाने कुजली आहेत का ते तपासा आणि तुमचे पीक वाचवण्यासाठी संरक्षण वापरा.,રોગની ચેતવણી: તે ખૂબ જ ભેજવાળી અને ગરમ છે. તમારા પાંદડા સડી ગયા છે કે નહીં તે તપાસો અને તમારા પાકને બચાવવા માટે રક્ષણનો ઉપયોગ કરો.,রোগের সতর্কতা: এটি খুব স্যাঁতসেঁতে এবং উষ্ণ। আপনার পাতা পচে গেছে কিনা তা পরীক্ষা করুন এবং আপনার ফসল বাঁচাতে সুরক্ষা ব্যবস্থা ব্যবহার করুন।,ਬਿਮਾਰੀ ਦੀ ਚੇਤਾਵਨੀ: ਇਹ ਬਹੁਤ ਗਿੱਲਾ ਅਤੇ ਗਰਮ ਹੈ। ਆਪਣੇ ਪੱਤਿਆਂ ਦੀ ਸੜਨ ਦੀ ਜਾਂਚ ਕਰੋ ਅਤੇ ਆਪਣੀ ਫ਼ਸਲ ਨੂੰ ਬਚਾਉਣ ਲਈ ਸੁਰੱਖਿਆ ਦੀ ਵਰਤੋਂ ਕਰੋ।,بیماری کا انتباہ: یہ بہت نم اور گرم ہے۔ اپنے پتوں کو سڑنے کے لیے چیک کریں اور اپنی فصل کو بچانے کے لیے تحفظ کا استعمال کریں۔,रोगको चेतावनी: यो धेरै ओसिलो र न्यानो छ। आफ्नो पातहरू कुहिन जाँच गर्नुहोस् र आफ्नो बाली बचाउन सुरक्षा प्रयोग गर्नुहोस्।,ରୋଗ ସତର୍କତା: ଏହା ବହୁତ ଓଦା ଏବଂ ଉଷ୍ମ। ଆପଣଙ୍କ ପତ୍ର ପଚିଛି କି ନାହିଁ ଯାଞ୍ଚ କରନ୍ତୁ ଏବଂ ଆପଣଙ୍କ ଫସଲକୁ ବଞ୍ଚାଇବା ପାଇଁ ସୁରକ୍ଷା ବ୍ୟବହାର କରନ୍ତୁ।,,warning
Extreme Heat,Very Dry,Breezy,Light Rain,field_work,URGENT,80,Stop Field Work Now,FIELD WORK: It is getting very hot. Do your heavy work while it is still cool to keep yourself and your plants healthy.,ಕ್ಷೇತ್ರದ ಕೆಲಸ: ತುಂಬಾ ಬಿಸಿಯಾಗುತ್ತಿದೆ. ನಿಮ್ಮನ್ನು ಮತ್ತು ನಿಮ್ಮ ಸಸ್ಯಗಳನ್ನು ಆರೋಗ್ಯವಾಗಿಡಲು ತಂಪಾಗಿರುವಾಗಲೇ ನಿಮ್ಮ ಭಾರವಾದ ಕೆಲಸವನ್ನು ಮಾಡಿ.,"खेत का काम: बहुत गर्मी पड़ रही है। अपना भारी काम तब करें जब मौसम ठंडा हो, ताकि आप और आपके पौधे स्वस्थ रहें।","களப்பணி: மிகவும் சூடாகி வருகிறது. உங்களையும் உங்கள் தாவரங்களையும் ஆரோக்கியமாக வைத்திருக்க, குளிர்ச்சியாக இருக்கும்போதே உங்கள் கனமான வேலையைச் செய்யுங்கள்.",ఫీల్డ్ వర్క్: చాలా వేడిగా ఉంది. మిమ్మల్ని మరియు మీ మొక్కలను ఆరోగ్యంగా ఉంచుకోవడానికి చల్లగా ఉన్నప్పుడే మీ భారీ పని చేయండి.,വയലിലെ ജോലി: ചൂട് കൂടിവരികയാണ്. നിങ്ങളെയും നിങ്ങളുടെ ചെടികളെയും ആരോഗ്യത്തോടെ നിലനിർത്താൻ തണുപ്പുള്ളപ്പോൾ തന്നെ ഭാരിച്ച ജോലികൾ ചെയ്യുക.,शेतातील काम: खूप उष्णता वाढत आहे. स्वतःला आणि तुमच्या झाडांना निरोगी ठेवण्यासाठी थंड असतानाच तुमचे जड काम करा.,ખેતરમાં કામ: ખૂબ ગરમી પડી રહી છે. ઠંડી હોય ત્યારે ભારે કામ કરો જેથી તમારી જાતને અને તમારા છોડને સ્વસ્થ રાખી શકાય.,মাঠের কাজ: খুব গরম পড়ছে। নিজেকে এবং আপনার গাছপালা সুস্থ রাখতে ঠান্ডা থাকতেই ভারী কাজ করুন।,ਖੇਤ ਦਾ ਕੰਮ: ਬਹੁਤ ਗਰਮੀ ਪੈ ਰਹੀ ਹੈ। ਆਪਣੇ ਆਪ ਨੂੰ ਅਤੇ ਆਪਣੇ ਪੌਦਿਆਂ ਨੂੰ ਸਿਹਤਮੰਦ ਰੱਖਣ ਲਈ ਠੰਡਾ ਹੋਣ ਤੱਕ ਆਪਣਾ ਭਾਰੀ ਕੰਮ ਕਰੋ।,فیلڈ ورک: یہ بہت گرم ہو رہا ہے۔ اپنے آپ کو اور اپنے پودوں کو صحت مند رکھنے کے لیے ٹھنڈا ہونے کے دوران اپنا بھاری کام کریں۔,खेतबारीको काम: धेरै गर्मी भइरहेको छ। आफू र आफ्ना बिरुवाहरूलाई स्वस्थ राख्न चिसो हुँदा नै आफ्नो भारी काम गर्नुहोस्।,କ୍ଷେତ କାମ: ବହୁତ ଗରମ ହେଉଛି। ନିଜକୁ ଏବଂ ଆପଣଙ୍କ ଗଛଗୁଡ଼ିକୁ ସୁସ୍ଥ ରଖିବା ପାଇଁ ଥଣ୍ଡା ଥିବା ସମୟରେ ଆପଣଙ୍କର କଠିନ କାମ କରନ୍ତୁ।,Avoid Today,alert
Extreme Heat,Very Dry,Breezy,Heavy Rain,irrigation,URGENT,80,Stop Irrigation Now,WATERING: The ground is dry. Best to water in the early morning so the plants stay strong during the heat.,"ನೀರುಹಾಕುವುದು: ನೆಲ ಒಣಗಿದೆ. ಬೆಳಿಗ್ಗೆ ಬೇಗನೆ ನೀರು ಹಾಕುವುದು ಉತ್ತಮ, ಇದರಿಂದ ಸಸ್ಯಗಳು ಶಾಖದ ಸಮಯದಲ್ಲಿ ಬಲವಾಗಿರುತ್ತವೆ.",पानी देना: मिट्टी सूखी है। पौधों को गर्मी के दौरान स्वस्थ रखने के लिए सुबह जल्दी पानी देना सबसे अच्छा है।,"நீர்ப்பாசனம்: நிலம் வறண்டு உள்ளது. அதிகாலையில் தண்ணீர் பாய்ச்சுவது நல்லது, இதனால் வெப்பத்தின் போது தாவரங்கள் வலுவாக இருக்கும்.","నీరు త్రాగుట: నేల పొడిగా ఉంటుంది. ఉదయాన్నే నీరు పోయడం మంచిది, తద్వారా వేడి సమయంలో మొక్కలు బలంగా ఉంటాయి.","നനവ്: നിലം വരണ്ടതാണ്. അതിരാവിലെ നനയ്ക്കുന്നതാണ് നല്ലത്, അങ്ങനെ ചൂടിൽ ചെടികൾ ശക്തമായി നിലനിൽക്കും.",पाणी देणे: जमीन कोरडी आहे. सकाळी लवकर पाणी देणे चांगले जेणेकरून उष्णतेमध्ये झाडे मजबूत राहतील.,પાણી આપવું: જમીન સૂકી છે. ગરમી દરમિયાન છોડ મજબૂત રહે તે માટે વહેલી સવારે પાણી આપવું શ્રેષ્ઠ છે.,"জল দেওয়া: মাটি শুষ্ক। খুব ভোরে জল দেওয়া ভালো, যাতে গরমের সময় গাছপালা শক্তিশালী থাকে।",ਪਾਣੀ ਦੇਣਾ: ਜ਼ਮੀਨ ਸੁੱਕੀ ਹੈ। ਸਵੇਰੇ ਜਲਦੀ ਪਾਣੀ ਦੇਣਾ ਸਭ ਤੋਂ ਵਧੀਆ ਹੈ ਤਾਂ ਜੋ ਪੌਦੇ ਗਰਮੀ ਦੌਰਾਨ ਮਜ਼ਬੂਤ ​​ਰਹਿਣ।,پانی دینا: زمین خشک ہے۔ صبح سویرے پانی دینا بہتر ہے تاکہ گرمی کے دوران پودے مضبوط رہیں۔,पानी हाल्ने: जमिन सुख्खा छ। बिहान सबेरै पानी हाल्नु राम्रो हुन्छ ताकि गर्मीको समयमा बिरुवाहरू बलियो रहून्।,ପାଣି ଦେବା: ଜମି ଶୁଖିଲା ଅଛି। ଗରମ ସମୟରେ ଗଛଗୁଡ଼ିକ ଶକ୍ତିଶାଳୀ ରହିବା ପାଇଁ ସକାଳୁ ପାଣି ଦେବା ଭଲ।,Avoid Today,droplet
Extreme Heat,Very Dry,Breezy,Heavy Rain,spraying,URGENT,80,Avoid Spraying Today,SPRAYING: The air is calm right now. Spray your crops now before the wind picks up and wastes your medicine.,ಸಿಂಪಡಣೆ: ಗಾಳಿ ಈಗ ಶಾಂತವಾಗಿದೆ. ಗಾಳಿ ಬೀಸಿ ನಿಮ್ಮ ಔಷಧ ವ್ಯರ್ಥವಾಗುವ ಮೊದಲು ನಿಮ್ಮ ಬೆಳೆಗಳಿಗೆ ಈಗಲೇ ಸಿಂಪಡಿಸಿ.,छिड़काव: इस समय हवा शांत है। हवा चलने और दवा बर्बाद होने से पहले अपनी फसलों पर छिड़काव करें।,தெளித்தல்: காற்று இப்போது அமைதியாக இருக்கிறது. காற்று வீசி உங்கள் மருந்தை வீணாக்கும் முன் உங்கள் பயிர்களுக்கு இப்போதே தெளிக்கவும்.,స్ప్రేయింగ్: ప్రస్తుతం గాలి ప్రశాంతంగా ఉంది. గాలి వీచి మీ ఔషధం వృధా అయ్యేలోపు మీ పంటలపై ఇప్పుడే పిచికారీ చేయండి.,സ്പ്രേയിംഗ്: ഇപ്പോൾ വായു ശാന്തമാണ്. കാറ്റ് വീശി നിങ്ങളുടെ മരുന്നുകൾ പാഴാക്കുന്നതിനുമുമ്പ് നിങ്ങളുടെ വിളകൾക്ക് ഇപ്പോൾ തന്നെ തളിക്കുക.,फवारणी: सध्या हवा शांत आहे. वारा येऊन तुमचे औषध वाया जाण्यापूर्वी आत्ताच तुमच्या पिकांवर फवारणी करा.,છંટકાવ: અત્યારે હવા શાંત છે. પવન ફૂંકાય અને તમારી દવા બગાડે તે પહેલાં હમણાં જ તમારા પાક પર છંટકાવ કરો.,স্প্রে করা: বাতাস এখন শান্ত। বাতাস বইতে শুরু করে এবং আপনার ওষুধ নষ্ট করার আগে এখনই আপনার ফসলে স্প্রে করুন।,ਛਿੜਕਾਅ: ਇਸ ਵੇਲੇ ਹਵਾ ਸ਼ਾਂਤ ਹੈ। ਹਵਾ ਚੱਲਣ ਅਤੇ ਤੁਹਾਡੀ ਦਵਾਈ ਬਰਬਾਦ ਹੋਣ ਤੋਂ ਪਹਿਲਾਂ ਆਪਣੀਆਂ ਫਸਲਾਂ 'ਤੇ ਹੁਣੇ ਛਿੜਕਾਅ ਕਰੋ।,چھڑکاؤ: اس وقت ہوا پرسکون ہے۔ اپنی فصلوں پر چھڑکاؤ اس سے پہلے کہ ہوا تیز ہو جائے اور آپ کی دوائی ضائع ہو جائے۔,छर्कने: अहिले हावा शान्त छ। हावा चल्नु र तपाईंको औषधि खेर जानु अघि नै आफ्नो बालीनालीमा छर्कनुहोस्।,ସିଞ୍ଚନ: ବର୍ତ୍ତମାନ ବାୟୁ ଶାନ୍ତ ଅଛି। ପବନ ବହିବା ଏବଂ ଔଷଧ ନଷ୍ଟ କରିବା ପୂର୍ବରୁ ଏବେ ଆପଣଙ୍କ ଫସଲରେ ସିଞ୍ଚନ କରନ୍ତୁ।,Avoid Today,spray
Extreme Heat,Very Dry,Breezy,Heavy Rain,fungal_risk,URGENT,80,High Fungal Alert,DISEASE ALERT: It is very damp and warm. Check your leaves for rot and use protection to save your harvest.,ರೋಗ ಎಚ್ಚರಿಕೆ: ಇದು ತುಂಬಾ ತೇವ ಮತ್ತು ಬೆಚ್ಚಗಿರುತ್ತದೆ. ನಿಮ್ಮ ಎಲೆಗಳನ್ನು ಕೊಳೆತಕ್ಕಾಗಿ ಪರಿಶೀಲಿಸಿ ಮತ್ತು ನಿಮ್ಮ ಬೆಳೆಯನ್ನು ಉಳಿಸಲು ರಕ್ಷಣೆಯನ್ನು ಬಳಸಿ.,रोग चेतावनी: मौसम बहुत नम और गर्म है। पत्तियों में सड़न की जांच करें और अपनी फसल को बचाने के लिए सुरक्षात्मक उपाय करें।,"நோய் எச்சரிக்கை: இது மிகவும் ஈரப்பதமாகவும் சூடாகவும் இருக்கும். உங்கள் இலைகளில் அழுகல் இருக்கிறதா என்று சரிபார்த்து, உங்கள் அறுவடையை சேமிக்க பாதுகாப்பைப் பயன்படுத்துங்கள்.",వ్యాధి హెచ్చరిక: ఇది చాలా తడిగా మరియు వెచ్చగా ఉంటుంది. మీ ఆకులు తెగులు కోసం తనిఖీ చేయండి మరియు మీ పంటను కాపాడటానికి రక్షణను ఉపయోగించండి.,രോഗ മുന്നറിയിപ്പ്: ഇത് വളരെ ഈർപ്പമുള്ളതും ചൂടുള്ളതുമാണ്. നിങ്ങളുടെ ഇലകൾ അഴുകുന്നുണ്ടോ എന്ന് പരിശോധിച്ച് നിങ്ങളുടെ വിള സംരക്ഷിക്കാൻ സംരക്ഷണം ഉപയോഗിക്കുക.,रोगाचा इशारा: हे खूप ओलसर आणि उबदार आहे. तुमची पाने कुजली आहेत का ते तपासा आणि तुमचे पीक वाचवण्यासाठी संरक्षण वापरा.,રોગની ચેતવણી: તે ખૂબ જ ભેજવાળી અને ગરમ છે. તમારા પાંદડા સડી ગયા છે કે નહીં તે તપાસો અને તમારા પાકને બચાવવા માટે રક્ષણનો ઉપયોગ કરો.,রোগের সতর্কতা: এটি খুব স্যাঁতসেঁতে এবং উষ্ণ। আপনার পাতা পচে গেছে কিনা তা পরীক্ষা করুন এবং আপনার ফসল বাঁচাতে সুরক্ষা ব্যবস্থা ব্যবহার করুন।,ਬਿਮਾਰੀ ਦੀ ਚੇਤਾਵਨੀ: ਇਹ ਬਹੁਤ ਗਿੱਲਾ ਅਤੇ ਗਰਮ ਹੈ। ਆਪਣੇ ਪੱਤਿਆਂ ਦੀ ਸੜਨ ਦੀ ਜਾਂਚ ਕਰੋ ਅਤੇ ਆਪਣੀ ਫ਼ਸਲ ਨੂੰ ਬਚਾਉਣ ਲਈ ਸੁਰੱਖਿਆ ਦੀ ਵਰਤੋਂ ਕਰੋ।,بیماری کا انتباہ: یہ بہت نم اور گرم ہے۔ اپنے پتوں کو سڑنے کے لیے چیک کریں اور اپنی فصل کو بچانے کے لیے تحفظ کا استعمال کریں۔,रोगको चेतावनी: यो धेरै ओसिलो र न्यानो छ। आफ्नो पातहरू कुहिन जाँच गर्नुहोस् र आफ्नो बाली बचाउन सुरक्षा प्रयोग गर्नुहोस्।,ରୋଗ ସତର୍କତା: ଏହା ବହୁତ ଓଦା ଏବଂ ଉଷ୍ମ। ଆପଣଙ୍କ ପତ୍ର ପଚିଛି କି ନାହିଁ ଯାଞ୍ଚ କରନ୍ତୁ ଏବଂ ଆପଣଙ୍କ ଫସଲକୁ ବଞ୍ଚାଇବା ପାଇଁ ସୁରକ୍ଷା ବ୍ୟବହାର କରନ୍ତୁ।,,warning
Extreme Heat,Very Dry,Breezy,Heavy Rain,field_work,URGENT,80,Stop Field Work Now,FIELD WORK: It is getting very hot. Do your heavy work while it is still cool to keep yourself and your plants healthy.,ಕ್ಷೇತ್ರದ ಕೆಲಸ: ತುಂಬಾ ಬಿಸಿಯಾಗುತ್ತಿದೆ. ನಿಮ್ಮನ್ನು ಮತ್ತು ನಿಮ್ಮ ಸಸ್ಯಗಳನ್ನು ಆರೋಗ್ಯವಾಗಿಡಲು ತಂಪಾಗಿರುವಾಗಲೇ ನಿಮ್ಮ ಭಾರವಾದ ಕೆಲಸವನ್ನು ಮಾಡಿ.,"खेत का काम: बहुत गर्मी पड़ रही है। अपना भारी काम तब करें जब मौसम ठंडा हो, ताकि आप और आपके पौधे स्वस्थ रहें।","களப்பணி: மிகவும் சூடாகி வருகிறது. உங்களையும் உங்கள் தாவரங்களையும் ஆரோக்கியமாக வைத்திருக்க, குளிர்ச்சியாக இருக்கும்போதே உங்கள் கனமான வேலையைச் செய்யுங்கள்.",ఫీల్డ్ వర్క్: చాలా వేడిగా ఉంది. మిమ్మల్ని మరియు మీ మొక్కలను ఆరోగ్యంగా ఉంచుకోవడానికి చల్లగా ఉన్నప్పుడే మీ భారీ పని చేయండి.,വയലിലെ ജോലി: ചൂട് കൂടിവരികയാണ്. നിങ്ങളെയും നിങ്ങളുടെ ചെടികളെയും ആരോഗ്യത്തോടെ നിലനിർത്താൻ തണുപ്പുള്ളപ്പോൾ തന്നെ ഭാരിച്ച ജോലികൾ ചെയ്യുക.,शेतातील काम: खूप उष्णता वाढत आहे. स्वतःला आणि तुमच्या झाडांना निरोगी ठेवण्यासाठी थंड असतानाच तुमचे जड काम करा.,ખેતરમાં કામ: ખૂબ ગરમી પડી રહી છે. ઠંડી હોય ત્યારે ભારે કામ કરો જેથી તમારી જાતને અને તમારા છોડને સ્વસ્થ રાખી શકાય.,মাঠের কাজ: খুব গরম পড়ছে। নিজেকে এবং আপনার গাছপালা সুস্থ রাখতে ঠান্ডা থাকতেই ভারী কাজ করুন।,ਖੇਤ ਦਾ ਕੰਮ: ਬਹੁਤ ਗਰਮੀ ਪੈ ਰਹੀ ਹੈ। ਆਪਣੇ ਆਪ ਨੂੰ ਅਤੇ ਆਪਣੇ ਪੌਦਿਆਂ ਨੂੰ ਸਿਹਤਮੰਦ ਰੱਖਣ ਲਈ ਠੰਡਾ ਹੋਣ ਤੱਕ ਆਪਣਾ ਭਾਰੀ ਕੰਮ ਕਰੋ।,فیلڈ ورک: یہ بہت گرم ہو رہا ہے۔ اپنے آپ کو اور اپنے پودوں کو صحت مند رکھنے کے لیے ٹھنڈا ہونے کے دوران اپنا بھاری کام کریں۔,खेतबारीको काम: धेरै गर्मी भइरहेको छ। आफू र आफ्ना बिरुवाहरूलाई स्वस्थ राख्न चिसो हुँदा नै आफ्नो भारी काम गर्नुहोस्।,କ୍ଷେତ କାମ: ବହୁତ ଗରମ ହେଉଛି। ନିଜକୁ ଏବଂ ଆପଣଙ୍କ ଗଛଗୁଡ଼ିକୁ ସୁସ୍ଥ ରଖିବା ପାଇଁ ଥଣ୍ଡା ଥିବା ସମୟରେ ଆପଣଙ୍କର କଠିନ କାମ କରନ୍ତୁ।,Avoid Today,alert
Extreme Heat,Very Dry,Strong Gusts,Dry,irrigation,URGENT,80,Stop Irrigation Now,WATERING: The ground is dry. Best to water in the early morning so the plants stay strong during the heat.,"ನೀರುಹಾಕುವುದು: ನೆಲ ಒಣಗಿದೆ. ಬೆಳಿಗ್ಗೆ ಬೇಗನೆ ನೀರು ಹಾಕುವುದು ಉತ್ತಮ, ಇದರಿಂದ ಸಸ್ಯಗಳು ಶಾಖದ ಸಮಯದಲ್ಲಿ ಬಲವಾಗಿರುತ್ತವೆ.",पानी देना: मिट्टी सूखी है। पौधों को गर्मी के दौरान स्वस्थ रखने के लिए सुबह जल्दी पानी देना सबसे अच्छा है।,"நீர்ப்பாசனம்: நிலம் வறண்டு உள்ளது. அதிகாலையில் தண்ணீர் பாய்ச்சுவது நல்லது, இதனால் வெப்பத்தின் போது தாவரங்கள் வலுவாக இருக்கும்.","నీరు త్రాగుట: నేల పొడిగా ఉంటుంది. ఉదయాన్నే నీరు పోయడం మంచిది, తద్వారా వేడి సమయంలో మొక్కలు బలంగా ఉంటాయి.","നനവ്: നിലം വരണ്ടതാണ്. അതിരാവിലെ നനയ്ക്കുന്നതാണ് നല്ലത്, അങ്ങനെ ചൂടിൽ ചെടികൾ ശക്തമായി നിലനിൽക്കും.",पाणी देणे: जमीन कोरडी आहे. सकाळी लवकर पाणी देणे चांगले जेणेकरून उष्णतेमध्ये झाडे मजबूत राहतील.,પાણી આપવું: જમીન સૂકી છે. ગરમી દરમિયાન છોડ મજબૂત રહે તે માટે વહેલી સવારે પાણી આપવું શ્રેષ્ઠ છે.,"জল দেওয়া: মাটি শুষ্ক। খুব ভোরে জল দেওয়া ভালো, যাতে গরমের সময় গাছপালা শক্তিশালী থাকে।",ਪਾਣੀ ਦੇਣਾ: ਜ਼ਮੀਨ ਸੁੱਕੀ ਹੈ। ਸਵੇਰੇ ਜਲਦੀ ਪਾਣੀ ਦੇਣਾ ਸਭ ਤੋਂ ਵਧੀਆ ਹੈ ਤਾਂ ਜੋ ਪੌਦੇ ਗਰਮੀ ਦੌਰਾਨ ਮਜ਼ਬੂਤ ​​ਰਹਿਣ।,پانی دینا: زمین خشک ہے۔ صبح سویرے پانی دینا بہتر ہے تاکہ گرمی کے دوران پودے مضبوط رہیں۔,पानी हाल्ने: जमिन सुख्खा छ। बिहान सबेरै पानी हाल्नु राम्रो हुन्छ ताकि गर्मीको समयमा बिरुवाहरू बलियो रहून्।,ପାଣି ଦେବା: ଜମି ଶୁଖିଲା ଅଛି। ଗରମ ସମୟରେ ଗଛଗୁଡ଼ିକ ଶକ୍ତିଶାଳୀ ରହିବା ପାଇଁ ସକାଳୁ ପାଣି ଦେବା ଭଲ।,Avoid Today,droplet
Extreme Heat,Very Dry,Strong Gusts,Dry,spraying,URGENT,80,Avoid Spraying Today,SPRAYING: The air is calm right now. Spray your crops now before the wind picks up and wastes your medicine.,ಸಿಂಪಡಣೆ: ಗಾಳಿ ಈಗ ಶಾಂತವಾಗಿದೆ. ಗಾಳಿ ಬೀಸಿ ನಿಮ್ಮ ಔಷಧ ವ್ಯರ್ಥವಾಗುವ ಮೊದಲು ನಿಮ್ಮ ಬೆಳೆಗಳಿಗೆ ಈಗಲೇ ಸಿಂಪಡಿಸಿ.,छिड़काव: इस समय हवा शांत है। हवा चलने और दवा बर्बाद होने से पहले अपनी फसलों पर छिड़काव करें।,தெளித்தல்: காற்று இப்போது அமைதியாக இருக்கிறது. காற்று வீசி உங்கள் மருந்தை வீணாக்கும் முன் உங்கள் பயிர்களுக்கு இப்போதே தெளிக்கவும்.,స్ప్రేయింగ్: ప్రస్తుతం గాలి ప్రశాంతంగా ఉంది. గాలి వీచి మీ ఔషధం వృధా అయ్యేలోపు మీ పంటలపై ఇప్పుడే పిచికారీ చేయండి.,സ്പ്രേയിംഗ്: ഇപ്പോൾ വായു ശാന്തമാണ്. കാറ്റ് വീശി നിങ്ങളുടെ മരുന്നുകൾ പാഴാക്കുന്നതിനുമുമ്പ് നിങ്ങളുടെ വിളകൾക്ക് ഇപ്പോൾ തന്നെ തളിക്കുക.,फवारणी: सध्या हवा शांत आहे. वारा येऊन तुमचे औषध वाया जाण्यापूर्वी आत्ताच तुमच्या पिकांवर फवारणी करा.,છંટકાવ: અત્યારે હવા શાંત છે. પવન ફૂંકાય અને તમારી દવા બગાડે તે પહેલાં હમણાં જ તમારા પાક પર છંટકાવ કરો.,স্প্রে করা: বাতাস এখন শান্ত। বাতাস বইতে শুরু করে এবং আপনার ওষুধ নষ্ট করার আগে এখনই আপনার ফসলে স্প্রে করুন।,ਛਿੜਕਾਅ: ਇਸ ਵੇਲੇ ਹਵਾ ਸ਼ਾਂਤ ਹੈ। ਹਵਾ ਚੱਲਣ ਅਤੇ ਤੁਹਾਡੀ ਦਵਾਈ ਬਰਬਾਦ ਹੋਣ ਤੋਂ ਪਹਿਲਾਂ ਆਪਣੀਆਂ ਫਸਲਾਂ 'ਤੇ ਹੁਣੇ ਛਿੜਕਾਅ ਕਰੋ।,چھڑکاؤ: اس وقت ہوا پرسکون ہے۔ اپنی فصلوں پر چھڑکاؤ اس سے پہلے کہ ہوا تیز ہو جائے اور آپ کی دوائی ضائع ہو جائے۔,छर्कने: अहिले हावा शान्त छ। हावा चल्नु र तपाईंको औषधि खेर जानु अघि नै आफ्नो बालीनालीमा छर्कनुहोस्।,ସିଞ୍ଚନ: ବର୍ତ୍ତମାନ ବାୟୁ ଶାନ୍ତ ଅଛି। ପବନ ବହିବା ଏବଂ ଔଷଧ ନଷ୍ଟ କରିବା ପୂର୍ବରୁ ଏବେ ଆପଣଙ୍କ ଫସଲରେ ସିଞ୍ଚନ କରନ୍ତୁ।,Avoid Today,spray
Extreme Heat,Very Dry,Strong Gusts,Dry,fungal_risk,URGENT,80,High Fungal Alert,DISEASE ALERT: It is very damp and warm. Check your leaves for rot and use protection to save your harvest.,ರೋಗ ಎಚ್ಚರಿಕೆ: ಇದು ತುಂಬಾ ತೇವ ಮತ್ತು ಬೆಚ್ಚಗಿರುತ್ತದೆ. ನಿಮ್ಮ ಎಲೆಗಳನ್ನು ಕೊಳೆತಕ್ಕಾಗಿ ಪರಿಶೀಲಿಸಿ ಮತ್ತು ನಿಮ್ಮ ಬೆಳೆಯನ್ನು ಉಳಿಸಲು ರಕ್ಷಣೆಯನ್ನು ಬಳಸಿ.,रोग चेतावनी: मौसम बहुत नम और गर्म है। पत्तियों में सड़न की जांच करें और अपनी फसल को बचाने के लिए सुरक्षात्मक उपाय करें।,"நோய் எச்சரிக்கை: இது மிகவும் ஈரப்பதமாகவும் சூடாகவும் இருக்கும். உங்கள் இலைகளில் அழுகல் இருக்கிறதா என்று சரிபார்த்து, உங்கள் அறுவடையை சேமிக்க பாதுகாப்பைப் பயன்படுத்துங்கள்.",వ్యాధి హెచ్చరిక: ఇది చాలా తడిగా మరియు వెచ్చగా ఉంటుంది. మీ ఆకులు తెగులు కోసం తనిఖీ చేయండి మరియు మీ పంటను కాపాడటానికి రక్షణను ఉపయోగించండి.,രോഗ മുന്നറിയിപ്പ്: ഇത് വളരെ ഈർപ്പമുള്ളതും ചൂടുള്ളതുമാണ്. നിങ്ങളുടെ ഇലകൾ അഴുകുന്നുണ്ടോ എന്ന് പരിശോധിച്ച് നിങ്ങളുടെ വിള സംരക്ഷിക്കാൻ സംരക്ഷണം ഉപയോഗിക്കുക.,रोगाचा इशारा: हे खूप ओलसर आणि उबदार आहे. तुमची पाने कुजली आहेत का ते तपासा आणि तुमचे पीक वाचवण्यासाठी संरक्षण वापरा.,રોગની ચેતવણી: તે ખૂબ જ ભેજવાળી અને ગરમ છે. તમારા પાંદડા સડી ગયા છે કે નહીં તે તપાસો અને તમારા પાકને બચાવવા માટે રક્ષણનો ઉપયોગ કરો.,রোগের সতর্কতা: এটি খুব স্যাঁতসেঁতে এবং উষ্ণ। আপনার পাতা পচে গেছে কিনা তা পরীক্ষা করুন এবং আপনার ফসল বাঁচাতে সুরক্ষা ব্যবস্থা ব্যবহার করুন।,ਬਿਮਾਰੀ ਦੀ ਚੇਤਾਵਨੀ: ਇਹ ਬਹੁਤ ਗਿੱਲਾ ਅਤੇ ਗਰਮ ਹੈ। ਆਪਣੇ ਪੱਤਿਆਂ ਦੀ ਸੜਨ ਦੀ ਜਾਂਚ ਕਰੋ ਅਤੇ ਆਪਣੀ ਫ਼ਸਲ ਨੂੰ ਬਚਾਉਣ ਲਈ ਸੁਰੱਖਿਆ ਦੀ ਵਰਤੋਂ ਕਰੋ।,بیماری کا انتباہ: یہ بہت نم اور گرم ہے۔ اپنے پتوں کو سڑنے کے لیے چیک کریں اور اپنی فصل کو بچانے کے لیے تحفظ کا استعمال کریں۔,रोगको चेतावनी: यो धेरै ओसिलो र न्यानो छ। आफ्नो पातहरू कुहिन जाँच गर्नुहोस् र आफ्नो बाली बचाउन सुरक्षा प्रयोग गर्नुहोस्।,ରୋଗ ସତର୍କତା: ଏହା ବହୁତ ଓଦା ଏବଂ ଉଷ୍ମ। ଆପଣଙ୍କ ପତ୍ର ପଚିଛି କି ନାହିଁ ଯାଞ୍ଚ କରନ୍ତୁ ଏବଂ ଆପଣଙ୍କ ଫସଲକୁ ବଞ୍ଚାଇବା ପାଇଁ ସୁରକ୍ଷା ବ୍ୟବହାର କରନ୍ତୁ।,,warning
Extreme Heat,Very Dry,Strong Gusts,Dry,field_work,URGENT,80,Stop Field Work Now,FIELD WORK: It is getting very hot. Do your heavy work while it is still cool to keep yourself and your plants healthy.,ಕ್ಷೇತ್ರದ ಕೆಲಸ: ತುಂಬಾ ಬಿಸಿಯಾಗುತ್ತಿದೆ. ನಿಮ್ಮನ್ನು ಮತ್ತು ನಿಮ್ಮ ಸಸ್ಯಗಳನ್ನು ಆರೋಗ್ಯವಾಗಿಡಲು ತಂಪಾಗಿರುವಾಗಲೇ ನಿಮ್ಮ ಭಾರವಾದ ಕೆಲಸವನ್ನು ಮಾಡಿ.,"खेत का काम: बहुत गर्मी पड़ रही है। अपना भारी काम तब करें जब मौसम ठंडा हो, ताकि आप और आपके पौधे स्वस्थ रहें।","களப்பணி: மிகவும் சூடாகி வருகிறது. உங்களையும் உங்கள் தாவரங்களையும் ஆரோக்கியமாக வைத்திருக்க, குளிர்ச்சியாக இருக்கும்போதே உங்கள் கனமான வேலையைச் செய்யுங்கள்.",ఫీల్డ్ వర్క్: చాలా వేడిగా ఉంది. మిమ్మల్ని మరియు మీ మొక్కలను ఆరోగ్యంగా ఉంచుకోవడానికి చల్లగా ఉన్నప్పుడే మీ భారీ పని చేయండి.,വയലിലെ ജോലി: ചൂട് കൂടിവരികയാണ്. നിങ്ങളെയും നിങ്ങളുടെ ചെടികളെയും ആരോഗ്യത്തോടെ നിലനിർത്താൻ തണുപ്പുള്ളപ്പോൾ തന്നെ ഭാരിച്ച ജോലികൾ ചെയ്യുക.,शेतातील काम: खूप उष्णता वाढत आहे. स्वतःला आणि तुमच्या झाडांना निरोगी ठेवण्यासाठी थंड असतानाच तुमचे जड काम करा.,ખેતરમાં કામ: ખૂબ ગરમી પડી રહી છે. ઠંડી હોય ત્યારે ભારે કામ કરો જેથી તમારી જાતને અને તમારા છોડને સ્વસ્થ રાખી શકાય.,মাঠের কাজ: খুব গরম পড়ছে। নিজেকে এবং আপনার গাছপালা সুস্থ রাখতে ঠান্ডা থাকতেই ভারী কাজ করুন।,ਖੇਤ ਦਾ ਕੰਮ: ਬਹੁਤ ਗਰਮੀ ਪੈ ਰਹੀ ਹੈ। ਆਪਣੇ ਆਪ ਨੂੰ ਅਤੇ ਆਪਣੇ ਪੌਦਿਆਂ ਨੂੰ ਸਿਹਤਮੰਦ ਰੱਖਣ ਲਈ ਠੰਡਾ ਹੋਣ ਤੱਕ ਆਪਣਾ ਭਾਰੀ ਕੰਮ ਕਰੋ।,فیلڈ ورک: یہ بہت گرم ہو رہا ہے۔ اپنے آپ کو اور اپنے پودوں کو صحت مند رکھنے کے لیے ٹھنڈا ہونے کے دوران اپنا بھاری کام کریں۔,खेतबारीको काम: धेरै गर्मी भइरहेको छ। आफू र आफ्ना बिरुवाहरूलाई स्वस्थ राख्न चिसो हुँदा नै आफ्नो भारी काम गर्नुहोस्।,କ୍ଷେତ କାମ: ବହୁତ ଗରମ ହେଉଛି। ନିଜକୁ ଏବଂ ଆପଣଙ୍କ ଗଛଗୁଡ଼ିକୁ ସୁସ୍ଥ ରଖିବା ପାଇଁ ଥଣ୍ଡା ଥିବା ସମୟରେ ଆପଣଙ୍କର କଠିନ କାମ କରନ୍ତୁ।,Avoid Today,alert
Extreme Heat,Very Dry,Strong Gusts,Light Rain,irrigation,URGENT,80,Stop Irrigation Now,WATERING: The ground is dry. Best to water in the early morning so the plants stay strong during the heat.,"ನೀರುಹಾಕುವುದು: ನೆಲ ಒಣಗಿದೆ. ಬೆಳಿಗ್ಗೆ ಬೇಗನೆ ನೀರು ಹಾಕುವುದು ಉತ್ತಮ, ಇದರಿಂದ ಸಸ್ಯಗಳು ಶಾಖದ ಸಮಯದಲ್ಲಿ ಬಲವಾಗಿರುತ್ತವೆ.",पानी देना: मिट्टी सूखी है। पौधों को गर्मी के दौरान स्वस्थ रखने के लिए सुबह जल्दी पानी देना सबसे अच्छा है।,"நீர்ப்பாசனம்: நிலம் வறண்டு உள்ளது. அதிகாலையில் தண்ணீர் பாய்ச்சுவது நல்லது, இதனால் வெப்பத்தின் போது தாவரங்கள் வலுவாக இருக்கும்.","నీరు త్రాగుట: నేల పొడిగా ఉంటుంది. ఉదయాన్నే నీరు పోయడం మంచిది, తద్వారా వేడి సమయంలో మొక్కలు బలంగా ఉంటాయి.","നനവ്: നിലം വരണ്ടതാണ്. അതിരാവിലെ നനയ്ക്കുന്നതാണ് നല്ലത്, അങ്ങനെ ചൂടിൽ ചെടികൾ ശക്തമായി നിലനിൽക്കും.",पाणी देणे: जमीन कोरडी आहे. सकाळी लवकर पाणी देणे चांगले जेणेकरून उष्णतेमध्ये झाडे मजबूत राहतील.,પાણી આપવું: જમીન સૂકી છે. ગરમી દરમિયાન છોડ મજબૂત રહે તે માટે વહેલી સવારે પાણી આપવું શ્રેષ્ઠ છે.,"জল দেওয়া: মাটি শুষ্ক। খুব ভোরে জল দেওয়া ভালো, যাতে গরমের সময় গাছপালা শক্তিশালী থাকে।",ਪਾਣੀ ਦੇਣਾ: ਜ਼ਮੀਨ ਸੁੱਕੀ ਹੈ। ਸਵੇਰੇ ਜਲਦੀ ਪਾਣੀ ਦੇਣਾ ਸਭ ਤੋਂ ਵਧੀਆ ਹੈ ਤਾਂ ਜੋ ਪੌਦੇ ਗਰਮੀ ਦੌਰਾਨ ਮਜ਼ਬੂਤ ​​ਰਹਿਣ।,پانی دینا: زمین خشک ہے۔ صبح سویرے پانی دینا بہتر ہے تاکہ گرمی کے دوران پودے مضبوط رہیں۔,पानी हाल्ने: जमिन सुख्खा छ। बिहान सबेरै पानी हाल्नु राम्रो हुन्छ ताकि गर्मीको समयमा बिरुवाहरू बलियो रहून्।,ପାଣି ଦେବା: ଜମି ଶୁଖିଲା ଅଛି। ଗରମ ସମୟରେ ଗଛଗୁଡ଼ିକ ଶକ୍ତିଶାଳୀ ରହିବା ପାଇଁ ସକାଳୁ ପାଣି ଦେବା ଭଲ।,Avoid Today,droplet
Extreme Heat,Very Dry,Strong Gusts,Light Rain,spraying,URGENT,80,Avoid Spraying Today,SPRAYING: The air is calm right now. Spray your crops now before the wind picks up and wastes your medicine.,ಸಿಂಪಡಣೆ: ಗಾಳಿ ಈಗ ಶಾಂತವಾಗಿದೆ. ಗಾಳಿ ಬೀಸಿ ನಿಮ್ಮ ಔಷಧ ವ್ಯರ್ಥವಾಗುವ ಮೊದಲು ನಿಮ್ಮ ಬೆಳೆಗಳಿಗೆ ಈಗಲೇ ಸಿಂಪಡಿಸಿ.,छिड़काव: इस समय हवा शांत है। हवा चलने और दवा बर्बाद होने से पहले अपनी फसलों पर छिड़काव करें।,தெளித்தல்: காற்று இப்போது அமைதியாக இருக்கிறது. காற்று வீசி உங்கள் மருந்தை வீணாக்கும் முன் உங்கள் பயிர்களுக்கு இப்போதே தெளிக்கவும்.,స్ప్రేయింగ్: ప్రస్తుతం గాలి ప్రశాంతంగా ఉంది. గాలి వీచి మీ ఔషధం వృధా అయ్యేలోపు మీ పంటలపై ఇప్పుడే పిచికారీ చేయండి.,സ്പ്രേയിംഗ്: ഇപ്പോൾ വായു ശാന്തമാണ്. കാറ്റ് വീശി നിങ്ങളുടെ മരുന്നുകൾ പാഴാക്കുന്നതിനുമുമ്പ് നിങ്ങളുടെ വിളകൾക്ക് ഇപ്പോൾ തന്നെ തളിക്കുക.,फवारणी: सध्या हवा शांत आहे. वारा येऊन तुमचे औषध वाया जाण्यापूर्वी आत्ताच तुमच्या पिकांवर फवारणी करा.,છંટકાવ: અત્યારે હવા શાંત છે. પવન ફૂંકાય અને તમારી દવા બગાડે તે પહેલાં હમણાં જ તમારા પાક પર છંટકાવ કરો.,স্প্রে করা: বাতাস এখন শান্ত। বাতাস বইতে শুরু করে এবং আপনার ওষুধ নষ্ট করার আগে এখনই আপনার ফসলে স্প্রে করুন।,ਛਿੜਕਾਅ: ਇਸ ਵੇਲੇ ਹਵਾ ਸ਼ਾਂਤ ਹੈ। ਹਵਾ ਚੱਲਣ ਅਤੇ ਤੁਹਾਡੀ ਦਵਾਈ ਬਰਬਾਦ ਹੋਣ ਤੋਂ ਪਹਿਲਾਂ ਆਪਣੀਆਂ ਫਸਲਾਂ 'ਤੇ ਹੁਣੇ ਛਿੜਕਾਅ ਕਰੋ।,چھڑکاؤ: اس وقت ہوا پرسکون ہے۔ اپنی فصلوں پر چھڑکاؤ اس سے پہلے کہ ہوا تیز ہو جائے اور آپ کی دوائی ضائع ہو جائے۔,छर्कने: अहिले हावा शान्त छ। हावा चल्नु र तपाईंको औषधि खेर जानु अघि नै आफ्नो बालीनालीमा छर्कनुहोस्।,ସିଞ୍ଚନ: ବର୍ତ୍ତମାନ ବାୟୁ ଶାନ୍ତ ଅଛି। ପବନ ବହିବା ଏବଂ ଔଷଧ ନଷ୍ଟ କରିବା ପୂର୍ବରୁ ଏବେ ଆପଣଙ୍କ ଫସଲରେ ସିଞ୍ଚନ କରନ୍ତୁ।,Avoid Today,spray
Extreme Heat,Very Dry,Strong Gusts,Light Rain,fungal_risk,URGENT,80,High Fungal Alert,DISEASE ALERT: It is very damp and warm. Check your leaves for rot and use protection to save your harvest.,ರೋಗ ಎಚ್ಚರಿಕೆ: ಇದು ತುಂಬಾ ತೇವ ಮತ್ತು ಬೆಚ್ಚಗಿರುತ್ತದೆ. ನಿಮ್ಮ ಎಲೆಗಳನ್ನು ಕೊಳೆತಕ್ಕಾಗಿ ಪರಿಶೀಲಿಸಿ ಮತ್ತು ನಿಮ್ಮ ಬೆಳೆಯನ್ನು ಉಳಿಸಲು ರಕ್ಷಣೆಯನ್ನು ಬಳಸಿ.,रोग चेतावनी: मौसम बहुत नम और गर्म है। पत्तियों में सड़न की जांच करें और अपनी फसल को बचाने के लिए सुरक्षात्मक उपाय करें।,"நோய் எச்சரிக்கை: இது மிகவும் ஈரப்பதமாகவும் சூடாகவும் இருக்கும். உங்கள் இலைகளில் அழுகல் இருக்கிறதா என்று சரிபார்த்து, உங்கள் அறுவடையை சேமிக்க பாதுகாப்பைப் பயன்படுத்துங்கள்.",వ్యాధి హెచ్చరిక: ఇది చాలా తడిగా మరియు వెచ్చగా ఉంటుంది. మీ ఆకులు తెగులు కోసం తనిఖీ చేయండి మరియు మీ పంటను కాపాడటానికి రక్షణను ఉపయోగించండి.,രോഗ മുന്നറിയിപ്പ്: ഇത് വളരെ ഈർപ്പമുള്ളതും ചൂടുള്ളതുമാണ്. നിങ്ങളുടെ ഇലകൾ അഴുകുന്നുണ്ടോ എന്ന് പരിശോധിച്ച് നിങ്ങളുടെ വിള സംരക്ഷിക്കാൻ സംരക്ഷണം ഉപയോഗിക്കുക.,रोगाचा इशारा: हे खूप ओलसर आणि उबदार आहे. तुमची पाने कुजली आहेत का ते तपासा आणि तुमचे पीक वाचवण्यासाठी संरक्षण वापरा.,રોગની ચેતવણી: તે ખૂબ જ ભેજવાળી અને ગરમ છે. તમારા પાંદડા સડી ગયા છે કે નહીં તે તપાસો અને તમારા પાકને બચાવવા માટે રક્ષણનો ઉપયોગ કરો.,রোগের সতর্কতা: এটি খুব স্যাঁতসেঁতে এবং উষ্ণ। আপনার পাতা পচে গেছে কিনা তা পরীক্ষা করুন এবং আপনার ফসল বাঁচাতে সুরক্ষা ব্যবস্থা ব্যবহার করুন।,ਬਿਮਾਰੀ ਦੀ ਚੇਤਾਵਨੀ: ਇਹ ਬਹੁਤ ਗਿੱਲਾ ਅਤੇ ਗਰਮ ਹੈ। ਆਪਣੇ ਪੱਤਿਆਂ ਦੀ ਸੜਨ ਦੀ ਜਾਂਚ ਕਰੋ ਅਤੇ ਆਪਣੀ ਫ਼ਸਲ ਨੂੰ ਬਚਾਉਣ ਲਈ ਸੁਰੱਖਿਆ ਦੀ ਵਰਤੋਂ ਕਰੋ।,بیماری کا انتباہ: یہ بہت نم اور گرم ہے۔ اپنے پتوں کو سڑنے کے لیے چیک کریں اور اپنی فصل کو بچانے کے لیے تحفظ کا استعمال کریں۔,रोगको चेतावनी: यो धेरै ओसिलो र न्यानो छ। आफ्नो पातहरू कुहिन जाँच गर्नुहोस् र आफ्नो बाली बचाउन सुरक्षा प्रयोग गर्नुहोस्।,ରୋଗ ସତର୍କତା: ଏହା ବହୁତ ଓଦା ଏବଂ ଉଷ୍ମ। ଆପଣଙ୍କ ପତ୍ର ପଚିଛି କି ନାହିଁ ଯାଞ୍ଚ କରନ୍ତୁ ଏବଂ ଆପଣଙ୍କ ଫସଲକୁ ବଞ୍ଚାଇବା ପାଇଁ ସୁରକ୍ଷା ବ୍ୟବହାର କରନ୍ତୁ।,,warning
Extreme Heat,Very Dry,Strong Gusts,Light Rain,field_work,URGENT,80,Stop Field Work Now,FIELD WORK: It is getting very hot. Do your heavy work while it is still cool to keep yourself and your plants healthy.,ಕ್ಷೇತ್ರದ ಕೆಲಸ: ತುಂಬಾ ಬಿಸಿಯಾಗುತ್ತಿದೆ. ನಿಮ್ಮನ್ನು ಮತ್ತು ನಿಮ್ಮ ಸಸ್ಯಗಳನ್ನು ಆರೋಗ್ಯವಾಗಿಡಲು ತಂಪಾಗಿರುವಾಗಲೇ ನಿಮ್ಮ ಭಾರವಾದ ಕೆಲಸವನ್ನು ಮಾಡಿ.,"खेत का काम: बहुत गर्मी पड़ रही है। अपना भारी काम तब करें जब मौसम ठंडा हो, ताकि आप और आपके पौधे स्वस्थ रहें।","களப்பணி: மிகவும் சூடாகி வருகிறது. உங்களையும் உங்கள் தாவரங்களையும் ஆரோக்கியமாக வைத்திருக்க, குளிர்ச்சியாக இருக்கும்போதே உங்கள் கனமான வேலையைச் செய்யுங்கள்.",ఫీల్డ్ వర్క్: చాలా వేడిగా ఉంది. మిమ్మల్ని మరియు మీ మొక్కలను ఆరోగ్యంగా ఉంచుకోవడానికి చల్లగా ఉన్నప్పుడే మీ భారీ పని చేయండి.,വയലിലെ ജോലി: ചൂട് കൂടിവരികയാണ്. നിങ്ങളെയും നിങ്ങളുടെ ചെടികളെയും ആരോഗ്യത്തോടെ നിലനിർത്താൻ തണുപ്പുള്ളപ്പോൾ തന്നെ ഭാരിച്ച ജോലികൾ ചെയ്യുക.,शेतातील काम: खूप उष्णता वाढत आहे. स्वतःला आणि तुमच्या झाडांना निरोगी ठेवण्यासाठी थंड असतानाच तुमचे जड काम करा.,ખેતરમાં કામ: ખૂબ ગરમી પડી રહી છે. ઠંડી હોય ત્યારે ભારે કામ કરો જેથી તમારી જાતને અને તમારા છોડને સ્વસ્થ રાખી શકાય.,মাঠের কাজ: খুব গরম পড়ছে। নিজেকে এবং আপনার গাছপালা সুস্থ রাখতে ঠান্ডা থাকতেই ভারী কাজ করুন।,ਖੇਤ ਦਾ ਕੰਮ: ਬਹੁਤ ਗਰਮੀ ਪੈ ਰਹੀ ਹੈ। ਆਪਣੇ ਆਪ ਨੂੰ ਅਤੇ ਆਪਣੇ ਪੌਦਿਆਂ ਨੂੰ ਸਿਹਤਮੰਦ ਰੱਖਣ ਲਈ ਠੰਡਾ ਹੋਣ ਤੱਕ ਆਪਣਾ ਭਾਰੀ ਕੰਮ ਕਰੋ।,فیلڈ ورک: یہ بہت گرم ہو رہا ہے۔ اپنے آپ کو اور اپنے پودوں کو صحت مند رکھنے کے لیے ٹھنڈا ہونے کے دوران اپنا بھاری کام کریں۔,खेतबारीको काम: धेरै गर्मी भइरहेको छ। आफू र आफ्ना बिरुवाहरूलाई स्वस्थ राख्न चिसो हुँदा नै आफ्नो भारी काम गर्नुहोस्।,କ୍ଷେତ କାମ: ବହୁତ ଗରମ ହେଉଛି। ନିଜକୁ ଏବଂ ଆପଣଙ୍କ ଗଛଗୁଡ଼ିକୁ ସୁସ୍ଥ ରଖିବା ପାଇଁ ଥଣ୍ଡା ଥିବା ସମୟରେ ଆପଣଙ୍କର କଠିନ କାମ କରନ୍ତୁ।,Avoid Today,alert
Extreme Heat,Very Dry,Strong Gusts,Heavy Rain,irrigation,URGENT,80,Stop Irrigation Now,WATERING: The ground is dry. Best to water in the early morning so the plants stay strong during the heat.,"ನೀರುಹಾಕುವುದು: ನೆಲ ಒಣಗಿದೆ. ಬೆಳಿಗ್ಗೆ ಬೇಗನೆ ನೀರು ಹಾಕುವುದು ಉತ್ತಮ, ಇದರಿಂದ ಸಸ್ಯಗಳು ಶಾಖದ ಸಮಯದಲ್ಲಿ ಬಲವಾಗಿರುತ್ತವೆ.",पानी देना: मिट्टी सूखी है। पौधों को गर्मी के दौरान स्वस्थ रखने के लिए सुबह जल्दी पानी देना सबसे अच्छा है।,"நீர்ப்பாசனம்: நிலம் வறண்டு உள்ளது. அதிகாலையில் தண்ணீர் பாய்ச்சுவது நல்லது, இதனால் வெப்பத்தின் போது தாவரங்கள் வலுவாக இருக்கும்.","నీరు త్రాగుట: నేల పొడిగా ఉంటుంది. ఉదయాన్నే నీరు పోయడం మంచిది, తద్వారా వేడి సమయంలో మొక్కలు బలంగా ఉంటాయి.","നനവ്: നിലം വരണ്ടതാണ്. അതിരാവിലെ നനയ്ക്കുന്നതാണ് നല്ലത്, അങ്ങനെ ചൂടിൽ ചെടികൾ ശക്തമായി നിലനിൽക്കും.",पाणी देणे: जमीन कोरडी आहे. सकाळी लवकर पाणी देणे चांगले जेणेकरून उष्णतेमध्ये झाडे मजबूत राहतील.,પાણી આપવું: જમીન સૂકી છે. ગરમી દરમિયાન છોડ મજબૂત રહે તે માટે વહેલી સવારે પાણી આપવું શ્રેષ્ઠ છે.,"জল দেওয়া: মাটি শুষ্ক। খুব ভোরে জল দেওয়া ভালো, যাতে গরমের সময় গাছপালা শক্তিশালী থাকে।",ਪਾਣੀ ਦੇਣਾ: ਜ਼ਮੀਨ ਸੁੱਕੀ ਹੈ। ਸਵੇਰੇ ਜਲਦੀ ਪਾਣੀ ਦੇਣਾ ਸਭ ਤੋਂ ਵਧੀਆ ਹੈ ਤਾਂ ਜੋ ਪੌਦੇ ਗਰਮੀ ਦੌਰਾਨ ਮਜ਼ਬੂਤ ​​ਰਹਿਣ।,پانی دینا: زمین خشک ہے۔ صبح سویرے پانی دینا بہتر ہے تاکہ گرمی کے دوران پودے مضبوط رہیں۔,पानी हाल्ने: जमिन सुख्खा छ। बिहान सबेरै पानी हाल्नु राम्रो हुन्छ ताकि गर्मीको समयमा बिरुवाहरू बलियो रहून्।,ପାଣି ଦେବା: ଜମି ଶୁଖିଲା ଅଛି। ଗରମ ସମୟରେ ଗଛଗୁଡ଼ିକ ଶକ୍ତିଶାଳୀ ରହିବା ପାଇଁ ସକାଳୁ ପାଣି ଦେବା ଭଲ।,Avoid Today,droplet
Extreme Heat,Very Dry,Strong Gusts,Heavy Rain,spraying,URGENT,80,Avoid Spraying Today,SPRAYING: The air is calm right now. Spray your crops now before the wind picks up and wastes your medicine.,ಸಿಂಪಡಣೆ: ಗಾಳಿ ಈಗ ಶಾಂತವಾಗಿದೆ. ಗಾಳಿ ಬೀಸಿ ನಿಮ್ಮ ಔಷಧ ವ್ಯರ್ಥವಾಗುವ ಮೊದಲು ನಿಮ್ಮ ಬೆಳೆಗಳಿಗೆ ಈಗಲೇ ಸಿಂಪಡಿಸಿ.,छिड़काव: इस समय हवा शांत है। हवा चलने और दवा बर्बाद होने से पहले अपनी फसलों पर छिड़काव करें।,தெளித்தல்: காற்று இப்போது அமைதியாக இருக்கிறது. காற்று வீசி உங்கள் மருந்தை வீணாக்கும் முன் உங்கள் பயிர்களுக்கு இப்போதே தெளிக்கவும்.,స్ప్రేయింగ్: ప్రస్తుతం గాలి ప్రశాంతంగా ఉంది. గాలి వీచి మీ ఔషధం వృధా అయ్యేలోపు మీ పంటలపై ఇప్పుడే పిచికారీ చేయండి.,സ്പ്രേയിംഗ്: ഇപ്പോൾ വായു ശാന്തമാണ്. കാറ്റ് വീശി നിങ്ങളുടെ മരുന്നുകൾ പാഴാക്കുന്നതിനുമുമ്പ് നിങ്ങളുടെ വിളകൾക്ക് ഇപ്പോൾ തന്നെ തളിക്കുക.,फवारणी: सध्या हवा शांत आहे. वारा येऊन तुमचे औषध वाया जाण्यापूर्वी आत्ताच तुमच्या पिकांवर फवारणी करा.,છંટકાવ: અત્યારે હવા શાંત છે. પવન ફૂંકાય અને તમારી દવા બગાડે તે પહેલાં હમણાં જ તમારા પાક પર છંટકાવ કરો.,স্প্রে করা: বাতাস এখন শান্ত। বাতাস বইতে শুরু করে এবং আপনার ওষুধ নষ্ট করার আগে এখনই আপনার ফসলে স্প্রে করুন।,ਛਿੜਕਾਅ: ਇਸ ਵੇਲੇ ਹਵਾ ਸ਼ਾਂਤ ਹੈ। ਹਵਾ ਚੱਲਣ ਅਤੇ ਤੁਹਾਡੀ ਦਵਾਈ ਬਰਬਾਦ ਹੋਣ ਤੋਂ ਪਹਿਲਾਂ ਆਪਣੀਆਂ ਫਸਲਾਂ 'ਤੇ ਹੁਣੇ ਛਿੜਕਾਅ ਕਰੋ।,چھڑکاؤ: اس وقت ہوا پرسکون ہے۔ اپنی فصلوں پر چھڑکاؤ اس سے پہلے کہ ہوا تیز ہو جائے اور آپ کی دوائی ضائع ہو جائے۔,छर्कने: अहिले हावा शान्त छ। हावा चल्नु र तपाईंको औषधि खेर जानु अघि नै आफ्नो बालीनालीमा छर्कनुहोस्।,ସିଞ୍ଚନ: ବର୍ତ୍ତମାନ ବାୟୁ ଶାନ୍ତ ଅଛି। ପବନ ବହିବା ଏବଂ ଔଷଧ ନଷ୍ଟ କରିବା ପୂର୍ବରୁ ଏବେ ଆପଣଙ୍କ ଫସଲରେ ସିଞ୍ଚନ କରନ୍ତୁ।,Avoid Today,spray
Extreme Heat,Very Dry,Strong Gusts,Heavy Rain,fungal_risk,URGENT,80,High Fungal Alert,DISEASE ALERT: It is very damp and warm. Check your leaves for rot and use protection to save your harvest.,ರೋಗ ಎಚ್ಚರಿಕೆ: ಇದು ತುಂಬಾ ತೇವ ಮತ್ತು ಬೆಚ್ಚಗಿರುತ್ತದೆ. ನಿಮ್ಮ ಎಲೆಗಳನ್ನು ಕೊಳೆತಕ್ಕಾಗಿ ಪರಿಶೀಲಿಸಿ ಮತ್ತು ನಿಮ್ಮ ಬೆಳೆಯನ್ನು ಉಳಿಸಲು ರಕ್ಷಣೆಯನ್ನು ಬಳಸಿ.,रोग चेतावनी: मौसम बहुत नम और गर्म है। पत्तियों में सड़न की जांच करें और अपनी फसल को बचाने के लिए सुरक्षात्मक उपाय करें।,"நோய் எச்சரிக்கை: இது மிகவும் ஈரப்பதமாகவும் சூடாகவும் இருக்கும். உங்கள் இலைகளில் அழுகல் இருக்கிறதா என்று சரிபார்த்து, உங்கள் அறுவடையை சேமிக்க பாதுகாப்பைப் பயன்படுத்துங்கள்.",వ్యాధి హెచ్చరిక: ఇది చాలా తడిగా మరియు వెచ్చగా ఉంటుంది. మీ ఆకులు తెగులు కోసం తనిఖీ చేయండి మరియు మీ పంటను కాపాడటానికి రక్షణను ఉపయోగించండి.,രോഗ മുന്നറിയിപ്പ്: ഇത് വളരെ ഈർപ്പമുള്ളതും ചൂടുള്ളതുമാണ്. നിങ്ങളുടെ ഇലകൾ അഴുകുന്നുണ്ടോ എന്ന് പരിശോധിച്ച് നിങ്ങളുടെ വിള സംരക്ഷിക്കാൻ സംരക്ഷണം ഉപയോഗിക്കുക.,रोगाचा इशारा: हे खूप ओलसर आणि उबदार आहे. तुमची पाने कुजली आहेत का ते तपासा आणि तुमचे पीक वाचवण्यासाठी संरक्षण वापरा.,રોગની ચેતવણી: તે ખૂબ જ ભેજવાળી અને ગરમ છે. તમારા પાંદડા સડી ગયા છે કે નહીં તે તપાસો અને તમારા પાકને બચાવવા માટે રક્ષણનો ઉપયોગ કરો.,রোগের সতর্কতা: এটি খুব স্যাঁতসেঁতে এবং উষ্ণ। আপনার পাতা পচে গেছে কিনা তা পরীক্ষা করুন এবং আপনার ফসল বাঁচাতে সুরক্ষা ব্যবস্থা ব্যবহার করুন।,ਬਿਮਾਰੀ ਦੀ ਚੇਤਾਵਨੀ: ਇਹ ਬਹੁਤ ਗਿੱਲਾ ਅਤੇ ਗਰਮ ਹੈ। ਆਪਣੇ ਪੱਤਿਆਂ ਦੀ ਸੜਨ ਦੀ ਜਾਂਚ ਕਰੋ ਅਤੇ ਆਪਣੀ ਫ਼ਸਲ ਨੂੰ ਬਚਾਉਣ ਲਈ ਸੁਰੱਖਿਆ ਦੀ ਵਰਤੋਂ ਕਰੋ।,بیماری کا انتباہ: یہ بہت نم اور گرم ہے۔ اپنے پتوں کو سڑنے کے لیے چیک کریں اور اپنی فصل کو بچانے کے لیے تحفظ کا استعمال کریں۔,रोगको चेतावनी: यो धेरै ओसिलो र न्यानो छ। आफ्नो पातहरू कुहिन जाँच गर्नुहोस् र आफ्नो बाली बचाउन सुरक्षा प्रयोग गर्नुहोस्।,ରୋଗ ସତର୍କତା: ଏହା ବହୁତ ଓଦା ଏବଂ ଉଷ୍ମ। ଆପଣଙ୍କ ପତ୍ର ପଚିଛି କି ନାହିଁ ଯାଞ୍ଚ କରନ୍ତୁ ଏବଂ ଆପଣଙ୍କ ଫସଲକୁ ବଞ୍ଚାଇବା ପାଇଁ ସୁରକ୍ଷା ବ୍ୟବହାର କରନ୍ତୁ।,,warning
Extreme Heat,Very Dry,Strong Gusts,Heavy Rain,field_work,URGENT,80,Stop Field Work Now,FIELD WORK: It is getting very hot. Do your heavy work while it is still cool to keep yourself and your plants healthy.,ಕ್ಷೇತ್ರದ ಕೆಲಸ: ತುಂಬಾ ಬಿಸಿಯಾಗುತ್ತಿದೆ. ನಿಮ್ಮನ್ನು ಮತ್ತು ನಿಮ್ಮ ಸಸ್ಯಗಳನ್ನು ಆರೋಗ್ಯವಾಗಿಡಲು ತಂಪಾಗಿರುವಾಗಲೇ ನಿಮ್ಮ ಭಾರವಾದ ಕೆಲಸವನ್ನು ಮಾಡಿ.,"खेत का काम: बहुत गर्मी पड़ रही है। अपना भारी काम तब करें जब मौसम ठंडा हो, ताकि आप और आपके पौधे स्वस्थ रहें।","களப்பணி: மிகவும் சூடாகி வருகிறது. உங்களையும் உங்கள் தாவரங்களையும் ஆரோக்கியமாக வைத்திருக்க, குளிர்ச்சியாக இருக்கும்போதே உங்கள் கனமான வேலையைச் செய்யுங்கள்.",ఫీల్డ్ వర్క్: చాలా వేడిగా ఉంది. మిమ్మల్ని మరియు మీ మొక్కలను ఆరోగ్యంగా ఉంచుకోవడానికి చల్లగా ఉన్నప్పుడే మీ భారీ పని చేయండి.,വയലിലെ ജോലി: ചൂട് കൂടിവരികയാണ്. നിങ്ങളെയും നിങ്ങളുടെ ചെടികളെയും ആരോഗ്യത്തോടെ നിലനിർത്താൻ തണുപ്പുള്ളപ്പോൾ തന്നെ ഭാരിച്ച ജോലികൾ ചെയ്യുക.,शेतातील काम: खूप उष्णता वाढत आहे. स्वतःला आणि तुमच्या झाडांना निरोगी ठेवण्यासाठी थंड असतानाच तुमचे जड काम करा.,ખેતરમાં કામ: ખૂબ ગરમી પડી રહી છે. ઠંડી હોય ત્યારે ભારે કામ કરો જેથી તમારી જાતને અને તમારા છોડને સ્વસ્થ રાખી શકાય.,মাঠের কাজ: খুব গরম পড়ছে। নিজেকে এবং আপনার গাছপালা সুস্থ রাখতে ঠান্ডা থাকতেই ভারী কাজ করুন।,ਖੇਤ ਦਾ ਕੰਮ: ਬਹੁਤ ਗਰਮੀ ਪੈ ਰਹੀ ਹੈ। ਆਪਣੇ ਆਪ ਨੂੰ ਅਤੇ ਆਪਣੇ ਪੌਦਿਆਂ ਨੂੰ ਸਿਹਤਮੰਦ ਰੱਖਣ ਲਈ ਠੰਡਾ ਹੋਣ ਤੱਕ ਆਪਣਾ ਭਾਰੀ ਕੰਮ ਕਰੋ।,فیلڈ ورک: یہ بہت گرم ہو رہا ہے۔ اپنے آپ کو اور اپنے پودوں کو صحت مند رکھنے کے لیے ٹھنڈا ہونے کے دوران اپنا بھاری کام کریں۔,खेतबारीको काम: धेरै गर्मी भइरहेको छ। आफू र आफ्ना बिरुवाहरूलाई स्वस्थ राख्न चिसो हुँदा नै आफ्नो भारी काम गर्नुहोस्।,କ୍ଷେତ କାମ: ବହୁତ ଗରମ ହେଉଛି। ନିଜକୁ ଏବଂ ଆପଣଙ୍କ ଗଛଗୁଡ଼ିକୁ ସୁସ୍ଥ ରଖିବା ପାଇଁ ଥଣ୍ଡା ଥିବା ସମୟରେ ଆପଣଙ୍କର କଠିନ କାମ କରନ୍ତୁ।,Avoid Today,alert
Extreme Heat,Balanced,Calm,Dry,irrigation,CAUTION,45,Irrigation Caution,WATERING: The ground is dry. Best to water in the early morning so the plants stay strong during the heat.,"ನೀರುಹಾಕುವುದು: ನೆಲ ಒಣಗಿದೆ. ಬೆಳಿಗ್ಗೆ ಬೇಗನೆ ನೀರು ಹಾಕುವುದು ಉತ್ತಮ, ಇದರಿಂದ ಸಸ್ಯಗಳು ಶಾಖದ ಸಮಯದಲ್ಲಿ ಬಲವಾಗಿರುತ್ತವೆ.",पानी देना: मिट्टी सूखी है। पौधों को गर्मी के दौरान स्वस्थ रखने के लिए सुबह जल्दी पानी देना सबसे अच्छा है।,"நீர்ப்பாசனம்: நிலம் வறண்டு உள்ளது. அதிகாலையில் தண்ணீர் பாய்ச்சுவது நல்லது, இதனால் வெப்பத்தின் போது தாவரங்கள் வலுவாக இருக்கும்.","నీరు త్రాగుట: నేల పొడిగా ఉంటుంది. ఉదయాన్నే నీరు పోయడం మంచిది, తద్వారా వేడి సమయంలో మొక్కలు బలంగా ఉంటాయి.","നനവ്: നിലം വരണ്ടതാണ്. അതിരാവിലെ നനയ്ക്കുന്നതാണ് നല്ലത്, അങ്ങനെ ചൂടിൽ ചെടികൾ ശക്തമായി നിലനിൽക്കും.",पाणी देणे: जमीन कोरडी आहे. सकाळी लवकर पाणी देणे चांगले जेणेकरून उष्णतेमध्ये झाडे मजबूत राहतील.,પાણી આપવું: જમીન સૂકી છે. ગરમી દરમિયાન છોડ મજબૂત રહે તે માટે વહેલી સવારે પાણી આપવું શ્રેષ્ઠ છે.,"জল দেওয়া: মাটি শুষ্ক। খুব ভোরে জল দেওয়া ভালো, যাতে গরমের সময় গাছপালা শক্তিশালী থাকে।",ਪਾਣੀ ਦੇਣਾ: ਜ਼ਮੀਨ ਸੁੱਕੀ ਹੈ। ਸਵੇਰੇ ਜਲਦੀ ਪਾਣੀ ਦੇਣਾ ਸਭ ਤੋਂ ਵਧੀਆ ਹੈ ਤਾਂ ਜੋ ਪੌਦੇ ਗਰਮੀ ਦੌਰਾਨ ਮਜ਼ਬੂਤ ​​ਰਹਿਣ।,پانی دینا: زمین خشک ہے۔ صبح سویرے پانی دینا بہتر ہے تاکہ گرمی کے دوران پودے مضبوط رہیں۔,पानी हाल्ने: जमिन सुख्खा छ। बिहान सबेरै पानी हाल्नु राम्रो हुन्छ ताकि गर्मीको समयमा बिरुवाहरू बलियो रहून्।,ପାଣି ଦେବା: ଜମି ଶୁଖିଲା ଅଛି। ଗରମ ସମୟରେ ଗଛଗୁଡ଼ିକ ଶକ୍ତିଶାଳୀ ରହିବା ପାଇଁ ସକାଳୁ ପାଣି ଦେବା ଭଲ।,Before 8 AM,droplet
Extreme Heat,Balanced,Calm,Dry,spraying,CAUTION,45,Spray With Caution,SPRAYING: The air is calm right now. Spray your crops now before the wind picks up and wastes your medicine.,ಸಿಂಪಡಣೆ: ಗಾಳಿ ಈಗ ಶಾಂತವಾಗಿದೆ. ಗಾಳಿ ಬೀಸಿ ನಿಮ್ಮ ಔಷಧ ವ್ಯರ್ಥವಾಗುವ ಮೊದಲು ನಿಮ್ಮ ಬೆಳೆಗಳಿಗೆ ಈಗಲೇ ಸಿಂಪಡಿಸಿ.,छिड़काव: इस समय हवा शांत है। हवा चलने और दवा बर्बाद होने से पहले अपनी फसलों पर छिड़काव करें।,தெளித்தல்: காற்று இப்போது அமைதியாக இருக்கிறது. காற்று வீசி உங்கள் மருந்தை வீணாக்கும் முன் உங்கள் பயிர்களுக்கு இப்போதே தெளிக்கவும்.,స్ప్రేయింగ్: ప్రస్తుతం గాలి ప్రశాంతంగా ఉంది. గాలి వీచి మీ ఔషధం వృధా అయ్యేలోపు మీ పంటలపై ఇప్పుడే పిచికారీ చేయండి.,സ്പ്രേയിംഗ്: ഇപ്പോൾ വായു ശാന്തമാണ്. കാറ്റ് വീശി നിങ്ങളുടെ മരുന്നുകൾ പാഴാക്കുന്നതിനുമുമ്പ് നിങ്ങളുടെ വിളകൾക്ക് ഇപ്പോൾ തന്നെ തളിക്കുക.,फवारणी: सध्या हवा शांत आहे. वारा येऊन तुमचे औषध वाया जाण्यापूर्वी आत्ताच तुमच्या पिकांवर फवारणी करा.,છંટકાવ: અત્યારે હવા શાંત છે. પવન ફૂંકાય અને તમારી દવા બગાડે તે પહેલાં હમણાં જ તમારા પાક પર છંટકાવ કરો.,স্প্রে করা: বাতাস এখন শান্ত। বাতাস বইতে শুরু করে এবং আপনার ওষুধ নষ্ট করার আগে এখনই আপনার ফসলে স্প্রে করুন।,ਛਿੜਕਾਅ: ਇਸ ਵੇਲੇ ਹਵਾ ਸ਼ਾਂਤ ਹੈ। ਹਵਾ ਚੱਲਣ ਅਤੇ ਤੁਹਾਡੀ ਦਵਾਈ ਬਰਬਾਦ ਹੋਣ ਤੋਂ ਪਹਿਲਾਂ ਆਪਣੀਆਂ ਫਸਲਾਂ 'ਤੇ ਹੁਣੇ ਛਿੜਕਾਅ ਕਰੋ।,چھڑکاؤ: اس وقت ہوا پرسکون ہے۔ اپنی فصلوں پر چھڑکاؤ اس سے پہلے کہ ہوا تیز ہو جائے اور آپ کی دوائی ضائع ہو جائے۔,छर्कने: अहिले हावा शान्त छ। हावा चल्नु र तपाईंको औषधि खेर जानु अघि नै आफ्नो बालीनालीमा छर्कनुहोस्।,ସିଞ୍ଚନ: ବର୍ତ୍ତମାନ ବାୟୁ ଶାନ୍ତ ଅଛି। ପବନ ବହିବା ଏବଂ ଔଷଧ ନଷ୍ଟ କରିବା ପୂର୍ବରୁ ଏବେ ଆପଣଙ୍କ ଫସଲରେ ସିଞ୍ଚନ କରନ୍ତୁ।,Before 10 AM,spray
Extreme Heat,Balanced,Calm,Dry,fungal_risk,CAUTION,45,Monitor Fungal Risk,DISEASE ALERT: It is very damp and warm. Check your leaves for rot and use protection to save your harvest.,ರೋಗ ಎಚ್ಚರಿಕೆ: ಇದು ತುಂಬಾ ತೇವ ಮತ್ತು ಬೆಚ್ಚಗಿರುತ್ತದೆ. ನಿಮ್ಮ ಎಲೆಗಳನ್ನು ಕೊಳೆತಕ್ಕಾಗಿ ಪರಿಶೀಲಿಸಿ ಮತ್ತು ನಿಮ್ಮ ಬೆಳೆಯನ್ನು ಉಳಿಸಲು ರಕ್ಷಣೆಯನ್ನು ಬಳಸಿ.,रोग चेतावनी: मौसम बहुत नम और गर्म है। पत्तियों में सड़न की जांच करें और अपनी फसल को बचाने के लिए सुरक्षात्मक उपाय करें।,"நோய் எச்சரிக்கை: இது மிகவும் ஈரப்பதமாகவும் சூடாகவும் இருக்கும். உங்கள் இலைகளில் அழுகல் இருக்கிறதா என்று சரிபார்த்து, உங்கள் அறுவடையை சேமிக்க பாதுகாப்பைப் பயன்படுத்துங்கள்.",వ్యాధి హెచ్చరిక: ఇది చాలా తడిగా మరియు వెచ్చగా ఉంటుంది. మీ ఆకులు తెగులు కోసం తనిఖీ చేయండి మరియు మీ పంటను కాపాడటానికి రక్షణను ఉపయోగించండి.,രോഗ മുന്നറിയിപ്പ്: ഇത് വളരെ ഈർപ്പമുള്ളതും ചൂടുള്ളതുമാണ്. നിങ്ങളുടെ ഇലകൾ അഴുകുന്നുണ്ടോ എന്ന് പരിശോധിച്ച് നിങ്ങളുടെ വിള സംരക്ഷിക്കാൻ സംരക്ഷണം ഉപയോഗിക്കുക.,रोगाचा इशारा: हे खूप ओलसर आणि उबदार आहे. तुमची पाने कुजली आहेत का ते तपासा आणि तुमचे पीक वाचवण्यासाठी संरक्षण वापरा.,રોગની ચેતવણી: તે ખૂબ જ ભેજવાળી અને ગરમ છે. તમારા પાંદડા સડી ગયા છે કે નહીં તે તપાસો અને તમારા પાકને બચાવવા માટે રક્ષણનો ઉપયોગ કરો.,রোগের সতর্কতা: এটি খুব স্যাঁতসেঁতে এবং উষ্ণ। আপনার পাতা পচে গেছে কিনা তা পরীক্ষা করুন এবং আপনার ফসল বাঁচাতে সুরক্ষা ব্যবস্থা ব্যবহার করুন।,ਬਿਮਾਰੀ ਦੀ ਚੇਤਾਵਨੀ: ਇਹ ਬਹੁਤ ਗਿੱਲਾ ਅਤੇ ਗਰਮ ਹੈ। ਆਪਣੇ ਪੱਤਿਆਂ ਦੀ ਸੜਨ ਦੀ ਜਾਂਚ ਕਰੋ ਅਤੇ ਆਪਣੀ ਫ਼ਸਲ ਨੂੰ ਬਚਾਉਣ ਲਈ ਸੁਰੱਖਿਆ ਦੀ ਵਰਤੋਂ ਕਰੋ।,بیماری کا انتباہ: یہ بہت نم اور گرم ہے۔ اپنے پتوں کو سڑنے کے لیے چیک کریں اور اپنی فصل کو بچانے کے لیے تحفظ کا استعمال کریں۔,रोगको चेतावनी: यो धेरै ओसिलो र न्यानो छ। आफ्नो पातहरू कुहिन जाँच गर्नुहोस् र आफ्नो बाली बचाउन सुरक्षा प्रयोग गर्नुहोस्।,ରୋଗ ସତର୍କତା: ଏହା ବହୁତ ଓଦା ଏବଂ ଉଷ୍ମ। ଆପଣଙ୍କ ପତ୍ର ପଚିଛି କି ନାହିଁ ଯାଞ୍ଚ କରନ୍ତୁ ଏବଂ ଆପଣଙ୍କ ଫସଲକୁ ବଞ୍ଚାଇବା ପାଇଁ ସୁରକ୍ଷା ବ୍ୟବହାର କରନ୍ତୁ।,,warning
Extreme Heat,Balanced,Calm,Dry,field_work,CAUTION,45,Limit Field Work Hours,FIELD WORK: It is getting very hot. Do your heavy work while it is still cool to keep yourself and your plants healthy.,ಕ್ಷೇತ್ರದ ಕೆಲಸ: ತುಂಬಾ ಬಿಸಿಯಾಗುತ್ತಿದೆ. ನಿಮ್ಮನ್ನು ಮತ್ತು ನಿಮ್ಮ ಸಸ್ಯಗಳನ್ನು ಆರೋಗ್ಯವಾಗಿಡಲು ತಂಪಾಗಿರುವಾಗಲೇ ನಿಮ್ಮ ಭಾರವಾದ ಕೆಲಸವನ್ನು ಮಾಡಿ.,"खेत का काम: बहुत गर्मी पड़ रही है। अपना भारी काम तब करें जब मौसम ठंडा हो, ताकि आप और आपके पौधे स्वस्थ रहें।","களப்பணி: மிகவும் சூடாகி வருகிறது. உங்களையும் உங்கள் தாவரங்களையும் ஆரோக்கியமாக வைத்திருக்க, குளிர்ச்சியாக இருக்கும்போதே உங்கள் கனமான வேலையைச் செய்யுங்கள்.",ఫీల్డ్ వర్క్: చాలా వేడిగా ఉంది. మిమ్మల్ని మరియు మీ మొక్కలను ఆరోగ్యంగా ఉంచుకోవడానికి చల్లగా ఉన్నప్పుడే మీ భారీ పని చేయండి.,വയലിലെ ജോലി: ചൂട് കൂടിവരികയാണ്. നിങ്ങളെയും നിങ്ങളുടെ ചെടികളെയും ആരോഗ്യത്തോടെ നിലനിർത്താൻ തണുപ്പുള്ളപ്പോൾ തന്നെ ഭാരിച്ച ജോലികൾ ചെയ്യുക.,शेतातील काम: खूप उष्णता वाढत आहे. स्वतःला आणि तुमच्या झाडांना निरोगी ठेवण्यासाठी थंड असतानाच तुमचे जड काम करा.,ખેતરમાં કામ: ખૂબ ગરમી પડી રહી છે. ઠંડી હોય ત્યારે ભારે કામ કરો જેથી તમારી જાતને અને તમારા છોડને સ્વસ્થ રાખી શકાય.,মাঠের কাজ: খুব গরম পড়ছে। নিজেকে এবং আপনার গাছপালা সুস্থ রাখতে ঠান্ডা থাকতেই ভারী কাজ করুন।,ਖੇਤ ਦਾ ਕੰਮ: ਬਹੁਤ ਗਰਮੀ ਪੈ ਰਹੀ ਹੈ। ਆਪਣੇ ਆਪ ਨੂੰ ਅਤੇ ਆਪਣੇ ਪੌਦਿਆਂ ਨੂੰ ਸਿਹਤਮੰਦ ਰੱਖਣ ਲਈ ਠੰਡਾ ਹੋਣ ਤੱਕ ਆਪਣਾ ਭਾਰੀ ਕੰਮ ਕਰੋ।,فیلڈ ورک: یہ بہت گرم ہو رہا ہے۔ اپنے آپ کو اور اپنے پودوں کو صحت مند رکھنے کے لیے ٹھنڈا ہونے کے دوران اپنا بھاری کام کریں۔,खेतबारीको काम: धेरै गर्मी भइरहेको छ। आफू र आफ्ना बिरुवाहरूलाई स्वस्थ राख्न चिसो हुँदा नै आफ्नो भारी काम गर्नुहोस्।,କ୍ଷେତ କାମ: ବହୁତ ଗରମ ହେଉଛି। ନିଜକୁ ଏବଂ ଆପଣଙ୍କ ଗଛଗୁଡ଼ିକୁ ସୁସ୍ଥ ରଖିବା ପାଇଁ ଥଣ୍ଡା ଥିବା ସମୟରେ ଆପଣଙ୍କର କଠିନ କାମ କରନ୍ତୁ।,Before 10 AM or After 5 PM,tractor
Extreme Heat,Balanced,Calm,Light Rain,irrigation,CAUTION,45,Irrigation Caution,WATERING: The ground is dry. Best to water in the early morning so the plants stay strong during the heat.,"ನೀರುಹಾಕುವುದು: ನೆಲ ಒಣಗಿದೆ. ಬೆಳಿಗ್ಗೆ ಬೇಗನೆ ನೀರು ಹಾಕುವುದು ಉತ್ತಮ, ಇದರಿಂದ ಸಸ್ಯಗಳು ಶಾಖದ ಸಮಯದಲ್ಲಿ ಬಲವಾಗಿರುತ್ತವೆ.",पानी देना: मिट्टी सूखी है। पौधों को गर्मी के दौरान स्वस्थ रखने के लिए सुबह जल्दी पानी देना सबसे अच्छा है।,"நீர்ப்பாசனம்: நிலம் வறண்டு உள்ளது. அதிகாலையில் தண்ணீர் பாய்ச்சுவது நல்லது, இதனால் வெப்பத்தின் போது தாவரங்கள் வலுவாக இருக்கும்.","నీరు త్రాగుట: నేల పొడిగా ఉంటుంది. ఉదయాన్నే నీరు పోయడం మంచిది, తద్వారా వేడి సమయంలో మొక్కలు బలంగా ఉంటాయి.","നനവ്: നിലം വരണ്ടതാണ്. അതിരാവിലെ നനയ്ക്കുന്നതാണ് നല്ലത്, അങ്ങനെ ചൂടിൽ ചെടികൾ ശക്തമായി നിലനിൽക്കും.",पाणी देणे: जमीन कोरडी आहे. सकाळी लवकर पाणी देणे चांगले जेणेकरून उष्णतेमध्ये झाडे मजबूत राहतील.,પાણી આપવું: જમીન સૂકી છે. ગરમી દરમિયાન છોડ મજબૂત રહે તે માટે વહેલી સવારે પાણી આપવું શ્રેષ્ઠ છે.,"জল দেওয়া: মাটি শুষ্ক। খুব ভোরে জল দেওয়া ভালো, যাতে গরমের সময় গাছপালা শক্তিশালী থাকে।",ਪਾਣੀ ਦੇਣਾ: ਜ਼ਮੀਨ ਸੁੱਕੀ ਹੈ। ਸਵੇਰੇ ਜਲਦੀ ਪਾਣੀ ਦੇਣਾ ਸਭ ਤੋਂ ਵਧੀਆ ਹੈ ਤਾਂ ਜੋ ਪੌਦੇ ਗਰਮੀ ਦੌਰਾਨ ਮਜ਼ਬੂਤ ​​ਰਹਿਣ।,پانی دینا: زمین خشک ہے۔ صبح سویرے پانی دینا بہتر ہے تاکہ گرمی کے دوران پودے مضبوط رہیں۔,पानी हाल्ने: जमिन सुख्खा छ। बिहान सबेरै पानी हाल्नु राम्रो हुन्छ ताकि गर्मीको समयमा बिरुवाहरू बलियो रहून्।,ପାଣି ଦେବା: ଜମି ଶୁଖିଲା ଅଛି। ଗରମ ସମୟରେ ଗଛଗୁଡ଼ିକ ଶକ୍ତିଶାଳୀ ରହିବା ପାଇଁ ସକାଳୁ ପାଣି ଦେବା ଭଲ।,Before 8 AM,droplet
Extreme Heat,Balanced,Calm,Light Rain,spraying,CAUTION,45,Spray With Caution,SPRAYING: The air is calm right now. Spray your crops now before the wind picks up and wastes your medicine.,ಸಿಂಪಡಣೆ: ಗಾಳಿ ಈಗ ಶಾಂತವಾಗಿದೆ. ಗಾಳಿ ಬೀಸಿ ನಿಮ್ಮ ಔಷಧ ವ್ಯರ್ಥವಾಗುವ ಮೊದಲು ನಿಮ್ಮ ಬೆಳೆಗಳಿಗೆ ಈಗಲೇ ಸಿಂಪಡಿಸಿ.,छिड़काव: इस समय हवा शांत है। हवा चलने और दवा बर्बाद होने से पहले अपनी फसलों पर छिड़काव करें।,தெளித்தல்: காற்று இப்போது அமைதியாக இருக்கிறது. காற்று வீசி உங்கள் மருந்தை வீணாக்கும் முன் உங்கள் பயிர்களுக்கு இப்போதே தெளிக்கவும்.,స్ప్రేయింగ్: ప్రస్తుతం గాలి ప్రశాంతంగా ఉంది. గాలి వీచి మీ ఔషధం వృధా అయ్యేలోపు మీ పంటలపై ఇప్పుడే పిచికారీ చేయండి.,സ്പ്രേയിംഗ്: ഇപ്പോൾ വായു ശാന്തമാണ്. കാറ്റ് വീശി നിങ്ങളുടെ മരുന്നുകൾ പാഴാക്കുന്നതിനുമുമ്പ് നിങ്ങളുടെ വിളകൾക്ക് ഇപ്പോൾ തന്നെ തളിക്കുക.,फवारणी: सध्या हवा शांत आहे. वारा येऊन तुमचे औषध वाया जाण्यापूर्वी आत्ताच तुमच्या पिकांवर फवारणी करा.,છંટકાવ: અત્યારે હવા શાંત છે. પવન ફૂંકાય અને તમારી દવા બગાડે તે પહેલાં હમણાં જ તમારા પાક પર છંટકાવ કરો.,স্প্রে করা: বাতাস এখন শান্ত। বাতাস বইতে শুরু করে এবং আপনার ওষুধ নষ্ট করার আগে এখনই আপনার ফসলে স্প্রে করুন।,ਛਿੜਕਾਅ: ਇਸ ਵੇਲੇ ਹਵਾ ਸ਼ਾਂਤ ਹੈ। ਹਵਾ ਚੱਲਣ ਅਤੇ ਤੁਹਾਡੀ ਦਵਾਈ ਬਰਬਾਦ ਹੋਣ ਤੋਂ ਪਹਿਲਾਂ ਆਪਣੀਆਂ ਫਸਲਾਂ 'ਤੇ ਹੁਣੇ ਛਿੜਕਾਅ ਕਰੋ।,چھڑکاؤ: اس وقت ہوا پرسکون ہے۔ اپنی فصلوں پر چھڑکاؤ اس سے پہلے کہ ہوا تیز ہو جائے اور آپ کی دوائی ضائع ہو جائے۔,छर्कने: अहिले हावा शान्त छ। हावा चल्नु र तपाईंको औषधि खेर जानु अघि नै आफ्नो बालीनालीमा छर्कनुहोस्।,ସିଞ୍ଚନ: ବର୍ତ୍ତମାନ ବାୟୁ ଶାନ୍ତ ଅଛି। ପବନ ବହିବା ଏବଂ ଔଷଧ ନଷ୍ଟ କରିବା ପୂର୍ବରୁ ଏବେ ଆପଣଙ୍କ ଫସଲରେ ସିଞ୍ଚନ କରନ୍ତୁ।,Before 10 AM,spray
Extreme Heat,Balanced,Calm,Light Rain,fungal_risk,CAUTION,45,Monitor Fungal Risk,DISEASE ALERT: It is very damp and warm. Check your leaves for rot and use protection to save your harvest.,ರೋಗ ಎಚ್ಚರಿಕೆ: ಇದು ತುಂಬಾ ತೇವ ಮತ್ತು ಬೆಚ್ಚಗಿರುತ್ತದೆ. ನಿಮ್ಮ ಎಲೆಗಳನ್ನು ಕೊಳೆತಕ್ಕಾಗಿ ಪರಿಶೀಲಿಸಿ ಮತ್ತು ನಿಮ್ಮ ಬೆಳೆಯನ್ನು ಉಳಿಸಲು ರಕ್ಷಣೆಯನ್ನು ಬಳಸಿ.,रोग चेतावनी: मौसम बहुत नम और गर्म है। पत्तियों में सड़न की जांच करें और अपनी फसल को बचाने के लिए सुरक्षात्मक उपाय करें।,"நோய் எச்சரிக்கை: இது மிகவும் ஈரப்பதமாகவும் சூடாகவும் இருக்கும். உங்கள் இலைகளில் அழுகல் இருக்கிறதா என்று சரிபார்த்து, உங்கள் அறுவடையை சேமிக்க பாதுகாப்பைப் பயன்படுத்துங்கள்.",వ్యాధి హెచ్చరిక: ఇది చాలా తడిగా మరియు వెచ్చగా ఉంటుంది. మీ ఆకులు తెగులు కోసం తనిఖీ చేయండి మరియు మీ పంటను కాపాడటానికి రక్షణను ఉపయోగించండి.,രോഗ മുന്നറിയിപ്പ്: ഇത് വളരെ ഈർപ്പമുള്ളതും ചൂടുള്ളതുമാണ്. നിങ്ങളുടെ ഇലകൾ അഴുകുന്നുണ്ടോ എന്ന് പരിശോധിച്ച് നിങ്ങളുടെ വിള സംരക്ഷിക്കാൻ സംരക്ഷണം ഉപയോഗിക്കുക.,रोगाचा इशारा: हे खूप ओलसर आणि उबदार आहे. तुमची पाने कुजली आहेत का ते तपासा आणि तुमचे पीक वाचवण्यासाठी संरक्षण वापरा.,રોગની ચેતવણી: તે ખૂબ જ ભેજવાળી અને ગરમ છે. તમારા પાંદડા સડી ગયા છે કે નહીં તે તપાસો અને તમારા પાકને બચાવવા માટે રક્ષણનો ઉપયોગ કરો.,রোগের সতর্কতা: এটি খুব স্যাঁতসেঁতে এবং উষ্ণ। আপনার পাতা পচে গেছে কিনা তা পরীক্ষা করুন এবং আপনার ফসল বাঁচাতে সুরক্ষা ব্যবস্থা ব্যবহার করুন।,ਬਿਮਾਰੀ ਦੀ ਚੇਤਾਵਨੀ: ਇਹ ਬਹੁਤ ਗਿੱਲਾ ਅਤੇ ਗਰਮ ਹੈ। ਆਪਣੇ ਪੱਤਿਆਂ ਦੀ ਸੜਨ ਦੀ ਜਾਂਚ ਕਰੋ ਅਤੇ ਆਪਣੀ ਫ਼ਸਲ ਨੂੰ ਬਚਾਉਣ ਲਈ ਸੁਰੱਖਿਆ ਦੀ ਵਰਤੋਂ ਕਰੋ।,بیماری کا انتباہ: یہ بہت نم اور گرم ہے۔ اپنے پتوں کو سڑنے کے لیے چیک کریں اور اپنی فصل کو بچانے کے لیے تحفظ کا استعمال کریں۔,रोगको चेतावनी: यो धेरै ओसिलो र न्यानो छ। आफ्नो पातहरू कुहिन जाँच गर्नुहोस् र आफ्नो बाली बचाउन सुरक्षा प्रयोग गर्नुहोस्।,ରୋଗ ସତର୍କତା: ଏହା ବହୁତ ଓଦା ଏବଂ ଉଷ୍ମ। ଆପଣଙ୍କ ପତ୍ର ପଚିଛି କି ନାହିଁ ଯାଞ୍ଚ କରନ୍ତୁ ଏବଂ ଆପଣଙ୍କ ଫସଲକୁ ବଞ୍ଚାଇବା ପାଇଁ ସୁରକ୍ଷା ବ୍ୟବହାର କରନ୍ତୁ।,,warning
Extreme Heat,Balanced,Calm,Light Rain,field_work,CAUTION,45,Limit Field Work Hours,FIELD WORK: It is getting very hot. Do your heavy work while it is still cool to keep yourself and your plants healthy.,ಕ್ಷೇತ್ರದ ಕೆಲಸ: ತುಂಬಾ ಬಿಸಿಯಾಗುತ್ತಿದೆ. ನಿಮ್ಮನ್ನು ಮತ್ತು ನಿಮ್ಮ ಸಸ್ಯಗಳನ್ನು ಆರೋಗ್ಯವಾಗಿಡಲು ತಂಪಾಗಿರುವಾಗಲೇ ನಿಮ್ಮ ಭಾರವಾದ ಕೆಲಸವನ್ನು ಮಾಡಿ.,"खेत का काम: बहुत गर्मी पड़ रही है। अपना भारी काम तब करें जब मौसम ठंडा हो, ताकि आप और आपके पौधे स्वस्थ रहें।","களப்பணி: மிகவும் சூடாகி வருகிறது. உங்களையும் உங்கள் தாவரங்களையும் ஆரோக்கியமாக வைத்திருக்க, குளிர்ச்சியாக இருக்கும்போதே உங்கள் கனமான வேலையைச் செய்யுங்கள்.",ఫీల్డ్ వర్క్: చాలా వేడిగా ఉంది. మిమ్మల్ని మరియు మీ మొక్కలను ఆరోగ్యంగా ఉంచుకోవడానికి చల్లగా ఉన్నప్పుడే మీ భారీ పని చేయండి.,വയലിലെ ജോലി: ചൂട് കൂടിവരികയാണ്. നിങ്ങളെയും നിങ്ങളുടെ ചെടികളെയും ആരോഗ്യത്തോടെ നിലനിർത്താൻ തണുപ്പുള്ളപ്പോൾ തന്നെ ഭാരിച്ച ജോലികൾ ചെയ്യുക.,शेतातील काम: खूप उष्णता वाढत आहे. स्वतःला आणि तुमच्या झाडांना निरोगी ठेवण्यासाठी थंड असतानाच तुमचे जड काम करा.,ખેતરમાં કામ: ખૂબ ગરમી પડી રહી છે. ઠંડી હોય ત્યારે ભારે કામ કરો જેથી તમારી જાતને અને તમારા છોડને સ્વસ્થ રાખી શકાય.,মাঠের কাজ: খুব গরম পড়ছে। নিজেকে এবং আপনার গাছপালা সুস্থ রাখতে ঠান্ডা থাকতেই ভারী কাজ করুন।,ਖੇਤ ਦਾ ਕੰਮ: ਬਹੁਤ ਗਰਮੀ ਪੈ ਰਹੀ ਹੈ। ਆਪਣੇ ਆਪ ਨੂੰ ਅਤੇ ਆਪਣੇ ਪੌਦਿਆਂ ਨੂੰ ਸਿਹਤਮੰਦ ਰੱਖਣ ਲਈ ਠੰਡਾ ਹੋਣ ਤੱਕ ਆਪਣਾ ਭਾਰੀ ਕੰਮ ਕਰੋ।,فیلڈ ورک: یہ بہت گرم ہو رہا ہے۔ اپنے آپ کو اور اپنے پودوں کو صحت مند رکھنے کے لیے ٹھنڈا ہونے کے دوران اپنا بھاری کام کریں۔,खेतबारीको काम: धेरै गर्मी भइरहेको छ। आफू र आफ्ना बिरुवाहरूलाई स्वस्थ राख्न चिसो हुँदा नै आफ्नो भारी काम गर्नुहोस्।,କ୍ଷେତ କାମ: ବହୁତ ଗରମ ହେଉଛି। ନିଜକୁ ଏବଂ ଆପଣଙ୍କ ଗଛଗୁଡ଼ିକୁ ସୁସ୍ଥ ରଖିବା ପାଇଁ ଥଣ୍ଡା ଥିବା ସମୟରେ ଆପଣଙ୍କର କଠିନ କାମ କରନ୍ତୁ।,Before 10 AM or After 5 PM,tractor
Extreme Heat,Balanced,Calm,Heavy Rain,irrigation,CAUTION,45,Irrigation Caution,WATERING: The ground is dry. Best to water in the early morning so the plants stay strong during the heat.,"ನೀರುಹಾಕುವುದು: ನೆಲ ಒಣಗಿದೆ. ಬೆಳಿಗ್ಗೆ ಬೇಗನೆ ನೀರು ಹಾಕುವುದು ಉತ್ತಮ, ಇದರಿಂದ ಸಸ್ಯಗಳು ಶಾಖದ ಸಮಯದಲ್ಲಿ ಬಲವಾಗಿರುತ್ತವೆ.",पानी देना: मिट्टी सूखी है। पौधों को गर्मी के दौरान स्वस्थ रखने के लिए सुबह जल्दी पानी देना सबसे अच्छा है।,"நீர்ப்பாசனம்: நிலம் வறண்டு உள்ளது. அதிகாலையில் தண்ணீர் பாய்ச்சுவது நல்லது, இதனால் வெப்பத்தின் போது தாவரங்கள் வலுவாக இருக்கும்.","నీరు త్రాగుట: నేల పొడిగా ఉంటుంది. ఉదయాన్నే నీరు పోయడం మంచిది, తద్వారా వేడి సమయంలో మొక్కలు బలంగా ఉంటాయి.","നനവ്: നിലം വരണ്ടതാണ്. അതിരാവിലെ നനയ്ക്കുന്നതാണ് നല്ലത്, അങ്ങനെ ചൂടിൽ ചെടികൾ ശക്തമായി നിലനിൽക്കും.",पाणी देणे: जमीन कोरडी आहे. सकाळी लवकर पाणी देणे चांगले जेणेकरून उष्णतेमध्ये झाडे मजबूत राहतील.,પાણી આપવું: જમીન સૂકી છે. ગરમી દરમિયાન છોડ મજબૂત રહે તે માટે વહેલી સવારે પાણી આપવું શ્રેષ્ઠ છે.,"জল দেওয়া: মাটি শুষ্ক। খুব ভোরে জল দেওয়া ভালো, যাতে গরমের সময় গাছপালা শক্তিশালী থাকে।",ਪਾਣੀ ਦੇਣਾ: ਜ਼ਮੀਨ ਸੁੱਕੀ ਹੈ। ਸਵੇਰੇ ਜਲਦੀ ਪਾਣੀ ਦੇਣਾ ਸਭ ਤੋਂ ਵਧੀਆ ਹੈ ਤਾਂ ਜੋ ਪੌਦੇ ਗਰਮੀ ਦੌਰਾਨ ਮਜ਼ਬੂਤ ​​ਰਹਿਣ।,پانی دینا: زمین خشک ہے۔ صبح سویرے پانی دینا بہتر ہے تاکہ گرمی کے دوران پودے مضبوط رہیں۔,पानी हाल्ने: जमिन सुख्खा छ। बिहान सबेरै पानी हाल्नु राम्रो हुन्छ ताकि गर्मीको समयमा बिरुवाहरू बलियो रहून्।,ପାଣି ଦେବା: ଜମି ଶୁଖିଲା ଅଛି। ଗରମ ସମୟରେ ଗଛଗୁଡ଼ିକ ଶକ୍ତିଶାଳୀ ରହିବା ପାଇଁ ସକାଳୁ ପାଣି ଦେବା ଭଲ।,Before 8 AM,droplet
Extreme Heat,Balanced,Calm,Heavy Rain,spraying,CAUTION,45,Spray With Caution,SPRAYING: The air is calm right now. Spray your crops now before the wind picks up and wastes your medicine.,ಸಿಂಪಡಣೆ: ಗಾಳಿ ಈಗ ಶಾಂತವಾಗಿದೆ. ಗಾಳಿ ಬೀಸಿ ನಿಮ್ಮ ಔಷಧ ವ್ಯರ್ಥವಾಗುವ ಮೊದಲು ನಿಮ್ಮ ಬೆಳೆಗಳಿಗೆ ಈಗಲೇ ಸಿಂಪಡಿಸಿ.,छिड़काव: इस समय हवा शांत है। हवा चलने और दवा बर्बाद होने से पहले अपनी फसलों पर छिड़काव करें।,தெளித்தல்: காற்று இப்போது அமைதியாக இருக்கிறது. காற்று வீசி உங்கள் மருந்தை வீணாக்கும் முன் உங்கள் பயிர்களுக்கு இப்போதே தெளிக்கவும்.,స్ప్రేయింగ్: ప్రస్తుతం గాలి ప్రశాంతంగా ఉంది. గాలి వీచి మీ ఔషధం వృధా అయ్యేలోపు మీ పంటలపై ఇప్పుడే పిచికారీ చేయండి.,സ്പ്രേയിംഗ്: ഇപ്പോൾ വായു ശാന്തമാണ്. കാറ്റ് വീശി നിങ്ങളുടെ മരുന്നുകൾ പാഴാക്കുന്നതിനുമുമ്പ് നിങ്ങളുടെ വിളകൾക്ക് ഇപ്പോൾ തന്നെ തളിക്കുക.,फवारणी: सध्या हवा शांत आहे. वारा येऊन तुमचे औषध वाया जाण्यापूर्वी आत्ताच तुमच्या पिकांवर फवारणी करा.,છંટકાવ: અત્યારે હવા શાંત છે. પવન ફૂંકાય અને તમારી દવા બગાડે તે પહેલાં હમણાં જ તમારા પાક પર છંટકાવ કરો.,স্প্রে করা: বাতাস এখন শান্ত। বাতাস বইতে শুরু করে এবং আপনার ওষুধ নষ্ট করার আগে এখনই আপনার ফসলে স্প্রে করুন।,ਛਿੜਕਾਅ: ਇਸ ਵੇਲੇ ਹਵਾ ਸ਼ਾਂਤ ਹੈ। ਹਵਾ ਚੱਲਣ ਅਤੇ ਤੁਹਾਡੀ ਦਵਾਈ ਬਰਬਾਦ ਹੋਣ ਤੋਂ ਪਹਿਲਾਂ ਆਪਣੀਆਂ ਫਸਲਾਂ 'ਤੇ ਹੁਣੇ ਛਿੜਕਾਅ ਕਰੋ।,چھڑکاؤ: اس وقت ہوا پرسکون ہے۔ اپنی فصلوں پر چھڑکاؤ اس سے پہلے کہ ہوا تیز ہو جائے اور آپ کی دوائی ضائع ہو جائے۔,छर्कने: अहिले हावा शान्त छ। हावा चल्नु र तपाईंको औषधि खेर जानु अघि नै आफ्नो बालीनालीमा छर्कनुहोस्।,ସିଞ୍ଚନ: ବର୍ତ୍ତମାନ ବାୟୁ ଶାନ୍ତ ଅଛି। ପବନ ବହିବା ଏବଂ ଔଷଧ ନଷ୍ଟ କରିବା ପୂର୍ବରୁ ଏବେ ଆପଣଙ୍କ ଫସଲରେ ସିଞ୍ଚନ କରନ୍ତୁ।,Before 10 AM,spray
Extreme Heat,Balanced,Calm,Heavy Rain,fungal_risk,CAUTION,45,Monitor Fungal Risk,DISEASE ALERT: It is very damp and warm. Check your leaves for rot and use protection to save your harvest.,ರೋಗ ಎಚ್ಚರಿಕೆ: ಇದು ತುಂಬಾ ತೇವ ಮತ್ತು ಬೆಚ್ಚಗಿರುತ್ತದೆ. ನಿಮ್ಮ ಎಲೆಗಳನ್ನು ಕೊಳೆತಕ್ಕಾಗಿ ಪರಿಶೀಲಿಸಿ ಮತ್ತು ನಿಮ್ಮ ಬೆಳೆಯನ್ನು ಉಳಿಸಲು ರಕ್ಷಣೆಯನ್ನು ಬಳಸಿ.,रोग चेतावनी: मौसम बहुत नम और गर्म है। पत्तियों में सड़न की जांच करें और अपनी फसल को बचाने के लिए सुरक्षात्मक उपाय करें।,"நோய் எச்சரிக்கை: இது மிகவும் ஈரப்பதமாகவும் சூடாகவும் இருக்கும். உங்கள் இலைகளில் அழுகல் இருக்கிறதா என்று சரிபார்த்து, உங்கள் அறுவடையை சேமிக்க பாதுகாப்பைப் பயன்படுத்துங்கள்.",వ్యాధి హెచ్చరిక: ఇది చాలా తడిగా మరియు వెచ్చగా ఉంటుంది. మీ ఆకులు తెగులు కోసం తనిఖీ చేయండి మరియు మీ పంటను కాపాడటానికి రక్షణను ఉపయోగించండి.,രോഗ മുന്നറിയിപ്പ്: ഇത് വളരെ ഈർപ്പമുള്ളതും ചൂടുള്ളതുമാണ്. നിങ്ങളുടെ ഇലകൾ അഴുകുന്നുണ്ടോ എന്ന് പരിശോധിച്ച് നിങ്ങളുടെ വിള സംരക്ഷിക്കാൻ സംരക്ഷണം ഉപയോഗിക്കുക.,रोगाचा इशारा: हे खूप ओलसर आणि उबदार आहे. तुमची पाने कुजली आहेत का ते तपासा आणि तुमचे पीक वाचवण्यासाठी संरक्षण वापरा.,રોગની ચેતવણી: તે ખૂબ જ ભેજવાળી અને ગરમ છે. તમારા પાંદડા સડી ગયા છે કે નહીં તે તપાસો અને તમારા પાકને બચાવવા માટે રક્ષણનો ઉપયોગ કરો.,রোগের সতর্কতা: এটি খুব স্যাঁতসেঁতে এবং উষ্ণ। আপনার পাতা পচে গেছে কিনা তা পরীক্ষা করুন এবং আপনার ফসল বাঁচাতে সুরক্ষা ব্যবস্থা ব্যবহার করুন।,ਬਿਮਾਰੀ ਦੀ ਚੇਤਾਵਨੀ: ਇਹ ਬਹੁਤ ਗਿੱਲਾ ਅਤੇ ਗਰਮ ਹੈ। ਆਪਣੇ ਪੱਤਿਆਂ ਦੀ ਸੜਨ ਦੀ ਜਾਂਚ ਕਰੋ ਅਤੇ ਆਪਣੀ ਫ਼ਸਲ ਨੂੰ ਬਚਾਉਣ ਲਈ ਸੁਰੱਖਿਆ ਦੀ ਵਰਤੋਂ ਕਰੋ।,بیماری کا انتباہ: یہ بہت نم اور گرم ہے۔ اپنے پتوں کو سڑنے کے لیے چیک کریں اور اپنی فصل کو بچانے کے لیے تحفظ کا استعمال کریں۔,रोगको चेतावनी: यो धेरै ओसिलो र न्यानो छ। आफ्नो पातहरू कुहिन जाँच गर्नुहोस् र आफ्नो बाली बचाउन सुरक्षा प्रयोग गर्नुहोस्।,ରୋଗ ସତର୍କତା: ଏହା ବହୁତ ଓଦା ଏବଂ ଉଷ୍ମ। ଆପଣଙ୍କ ପତ୍ର ପଚିଛି କି ନାହିଁ ଯାଞ୍ଚ କରନ୍ତୁ ଏବଂ ଆପଣଙ୍କ ଫସଲକୁ ବଞ୍ଚାଇବା ପାଇଁ ସୁରକ୍ଷା ବ୍ୟବହାର କରନ୍ତୁ।,,warning
Extreme Heat,Balanced,Calm,Heavy Rain,field_work,CAUTION,45,Limit Field Work Hours,FIELD WORK: It is getting very hot. Do your heavy work while it is still cool to keep yourself and your plants healthy.,ಕ್ಷೇತ್ರದ ಕೆಲಸ: ತುಂಬಾ ಬಿಸಿಯಾಗುತ್ತಿದೆ. ನಿಮ್ಮನ್ನು ಮತ್ತು ನಿಮ್ಮ ಸಸ್ಯಗಳನ್ನು ಆರೋಗ್ಯವಾಗಿಡಲು ತಂಪಾಗಿರುವಾಗಲೇ ನಿಮ್ಮ ಭಾರವಾದ ಕೆಲಸವನ್ನು ಮಾಡಿ.,"खेत का काम: बहुत गर्मी पड़ रही है। अपना भारी काम तब करें जब मौसम ठंडा हो, ताकि आप और आपके पौधे स्वस्थ रहें।","களப்பணி: மிகவும் சூடாகி வருகிறது. உங்களையும் உங்கள் தாவரங்களையும் ஆரோக்கியமாக வைத்திருக்க, குளிர்ச்சியாக இருக்கும்போதே உங்கள் கனமான வேலையைச் செய்யுங்கள்.",ఫీల్డ్ వర్క్: చాలా వేడిగా ఉంది. మిమ్మల్ని మరియు మీ మొక్కలను ఆరోగ్యంగా ఉంచుకోవడానికి చల్లగా ఉన్నప్పుడే మీ భారీ పని చేయండి.,വയലിലെ ജോലി: ചൂട് കൂടിവരികയാണ്. നിങ്ങളെയും നിങ്ങളുടെ ചെടികളെയും ആരോഗ്യത്തോടെ നിലനിർത്താൻ തണുപ്പുള്ളപ്പോൾ തന്നെ ഭാരിച്ച ജോലികൾ ചെയ്യുക.,शेतातील काम: खूप उष्णता वाढत आहे. स्वतःला आणि तुमच्या झाडांना निरोगी ठेवण्यासाठी थंड असतानाच तुमचे जड काम करा.,ખેતરમાં કામ: ખૂબ ગરમી પડી રહી છે. ઠંડી હોય ત્યારે ભારે કામ કરો જેથી તમારી જાતને અને તમારા છોડને સ્વસ્થ રાખી શકાય.,মাঠের কাজ: খুব গরম পড়ছে। নিজেকে এবং আপনার গাছপালা সুস্থ রাখতে ঠান্ডা থাকতেই ভারী কাজ করুন।,ਖੇਤ ਦਾ ਕੰਮ: ਬਹੁਤ ਗਰਮੀ ਪੈ ਰਹੀ ਹੈ। ਆਪਣੇ ਆਪ ਨੂੰ ਅਤੇ ਆਪਣੇ ਪੌਦਿਆਂ ਨੂੰ ਸਿਹਤਮੰਦ ਰੱਖਣ ਲਈ ਠੰਡਾ ਹੋਣ ਤੱਕ ਆਪਣਾ ਭਾਰੀ ਕੰਮ ਕਰੋ।,فیلڈ ورک: یہ بہت گرم ہو رہا ہے۔ اپنے آپ کو اور اپنے پودوں کو صحت مند رکھنے کے لیے ٹھنڈا ہونے کے دوران اپنا بھاری کام کریں۔,खेतबारीको काम: धेरै गर्मी भइरहेको छ। आफू र आफ्ना बिरुवाहरूलाई स्वस्थ राख्न चिसो हुँदा नै आफ्नो भारी काम गर्नुहोस्।,କ୍ଷେତ କାମ: ବହୁତ ଗରମ ହେଉଛି। ନିଜକୁ ଏବଂ ଆପଣଙ୍କ ଗଛଗୁଡ଼ିକୁ ସୁସ୍ଥ ରଖିବା ପାଇଁ ଥଣ୍ଡା ଥିବା ସମୟରେ ଆପଣଙ୍କର କଠିନ କାମ କରନ୍ତୁ।,Before 10 AM or After 5 PM,tractor
Extreme Heat,Balanced,Breezy,Dry,irrigation,CAUTION,45,Irrigation Caution,WATERING: The ground is dry. Best to water in the early morning so the plants stay strong during the heat.,"ನೀರುಹಾಕುವುದು: ನೆಲ ಒಣಗಿದೆ. ಬೆಳಿಗ್ಗೆ ಬೇಗನೆ ನೀರು ಹಾಕುವುದು ಉತ್ತಮ, ಇದರಿಂದ ಸಸ್ಯಗಳು ಶಾಖದ ಸಮಯದಲ್ಲಿ ಬಲವಾಗಿರುತ್ತವೆ.",पानी देना: मिट्टी सूखी है। पौधों को गर्मी के दौरान स्वस्थ रखने के लिए सुबह जल्दी पानी देना सबसे अच्छा है।,"நீர்ப்பாசனம்: நிலம் வறண்டு உள்ளது. அதிகாலையில் தண்ணீர் பாய்ச்சுவது நல்லது, இதனால் வெப்பத்தின் போது தாவரங்கள் வலுவாக இருக்கும்.","నీరు త్రాగుట: నేల పొడిగా ఉంటుంది. ఉదయాన్నే నీరు పోయడం మంచిది, తద్వారా వేడి సమయంలో మొక్కలు బలంగా ఉంటాయి.","നനവ്: നിലം വരണ്ടതാണ്. അതിരാവിലെ നനയ്ക്കുന്നതാണ് നല്ലത്, അങ്ങനെ ചൂടിൽ ചെടികൾ ശക്തമായി നിലനിൽക്കും.",पाणी देणे: जमीन कोरडी आहे. सकाळी लवकर पाणी देणे चांगले जेणेकरून उष्णतेमध्ये झाडे मजबूत राहतील.,પાણી આપવું: જમીન સૂકી છે. ગરમી દરમિયાન છોડ મજબૂત રહે તે માટે વહેલી સવારે પાણી આપવું શ્રેષ્ઠ છે.,"জল দেওয়া: মাটি শুষ্ক। খুব ভোরে জল দেওয়া ভালো, যাতে গরমের সময় গাছপালা শক্তিশালী থাকে।",ਪਾਣੀ ਦੇਣਾ: ਜ਼ਮੀਨ ਸੁੱਕੀ ਹੈ। ਸਵੇਰੇ ਜਲਦੀ ਪਾਣੀ ਦੇਣਾ ਸਭ ਤੋਂ ਵਧੀਆ ਹੈ ਤਾਂ ਜੋ ਪੌਦੇ ਗਰਮੀ ਦੌਰਾਨ ਮਜ਼ਬੂਤ ​​ਰਹਿਣ।,پانی دینا: زمین خشک ہے۔ صبح سویرے پانی دینا بہتر ہے تاکہ گرمی کے دوران پودے مضبوط رہیں۔,पानी हाल्ने: जमिन सुख्खा छ। बिहान सबेरै पानी हाल्नु राम्रो हुन्छ ताकि गर्मीको समयमा बिरुवाहरू बलियो रहून्।,ପାଣି ଦେବା: ଜମି ଶୁଖିଲା ଅଛି। ଗରମ ସମୟରେ ଗଛଗୁଡ଼ିକ ଶକ୍ତିଶାଳୀ ରହିବା ପାଇଁ ସକାଳୁ ପାଣି ଦେବା ଭଲ।,Before 8 AM,droplet
Extreme Heat,Balanced,Breezy,Dry,spraying,CAUTION,45,Spray With Caution,SPRAYING: The air is calm right now. Spray your crops now before the wind picks up and wastes your medicine.,ಸಿಂಪಡಣೆ: ಗಾಳಿ ಈಗ ಶಾಂತವಾಗಿದೆ. ಗಾಳಿ ಬೀಸಿ ನಿಮ್ಮ ಔಷಧ ವ್ಯರ್ಥವಾಗುವ ಮೊದಲು ನಿಮ್ಮ ಬೆಳೆಗಳಿಗೆ ಈಗಲೇ ಸಿಂಪಡಿಸಿ.,छिड़काव: इस समय हवा शांत है। हवा चलने और दवा बर्बाद होने से पहले अपनी फसलों पर छिड़काव करें।,தெளித்தல்: காற்று இப்போது அமைதியாக இருக்கிறது. காற்று வீசி உங்கள் மருந்தை வீணாக்கும் முன் உங்கள் பயிர்களுக்கு இப்போதே தெளிக்கவும்.,స్ప్రేయింగ్: ప్రస్తుతం గాలి ప్రశాంతంగా ఉంది. గాలి వీచి మీ ఔషధం వృధా అయ్యేలోపు మీ పంటలపై ఇప్పుడే పిచికారీ చేయండి.,സ്പ്രേയിംഗ്: ഇപ്പോൾ വായു ശാന്തമാണ്. കാറ്റ് വീശി നിങ്ങളുടെ മരുന്നുകൾ പാഴാക്കുന്നതിനുമുമ്പ് നിങ്ങളുടെ വിളകൾക്ക് ഇപ്പോൾ തന്നെ തളിക്കുക.,फवारणी: सध्या हवा शांत आहे. वारा येऊन तुमचे औषध वाया जाण्यापूर्वी आत्ताच तुमच्या पिकांवर फवारणी करा.,છંટકાવ: અત્યારે હવા શાંત છે. પવન ફૂંકાય અને તમારી દવા બગાડે તે પહેલાં હમણાં જ તમારા પાક પર છંટકાવ કરો.,স্প্রে করা: বাতাস এখন শান্ত। বাতাস বইতে শুরু করে এবং আপনার ওষুধ নষ্ট করার আগে এখনই আপনার ফসলে স্প্রে করুন।,ਛਿੜਕਾਅ: ਇਸ ਵੇਲੇ ਹਵਾ ਸ਼ਾਂਤ ਹੈ। ਹਵਾ ਚੱਲਣ ਅਤੇ ਤੁਹਾਡੀ ਦਵਾਈ ਬਰਬਾਦ ਹੋਣ ਤੋਂ ਪਹਿਲਾਂ ਆਪਣੀਆਂ ਫਸਲਾਂ 'ਤੇ ਹੁਣੇ ਛਿੜਕਾਅ ਕਰੋ।,چھڑکاؤ: اس وقت ہوا پرسکون ہے۔ اپنی فصلوں پر چھڑکاؤ اس سے پہلے کہ ہوا تیز ہو جائے اور آپ کی دوائی ضائع ہو جائے۔,छर्कने: अहिले हावा शान्त छ। हावा चल्नु र तपाईंको औषधि खेर जानु अघि नै आफ्नो बालीनालीमा छर्कनुहोस्।,ସିଞ୍ଚନ: ବର୍ତ୍ତମାନ ବାୟୁ ଶାନ୍ତ ଅଛି। ପବନ ବହିବା ଏବଂ ଔଷଧ ନଷ୍ଟ କରିବା ପୂର୍ବରୁ ଏବେ ଆପଣଙ୍କ ଫସଲରେ ସିଞ୍ଚନ କରନ୍ତୁ।,Before 10 AM,spray
Extreme Heat,Balanced,Breezy,Dry,fungal_risk,CAUTION,45,Monitor Fungal Risk,DISEASE ALERT: It is very damp and warm. Check your leaves for rot and use protection to save your harvest.,ರೋಗ ಎಚ್ಚರಿಕೆ: ಇದು ತುಂಬಾ ತೇವ ಮತ್ತು ಬೆಚ್ಚಗಿರುತ್ತದೆ. ನಿಮ್ಮ ಎಲೆಗಳನ್ನು ಕೊಳೆತಕ್ಕಾಗಿ ಪರಿಶೀಲಿಸಿ ಮತ್ತು ನಿಮ್ಮ ಬೆಳೆಯನ್ನು ಉಳಿಸಲು ರಕ್ಷಣೆಯನ್ನು ಬಳಸಿ.,रोग चेतावनी: मौसम बहुत नम और गर्म है। पत्तियों में सड़न की जांच करें और अपनी फसल को बचाने के लिए सुरक्षात्मक उपाय करें।,"நோய் எச்சரிக்கை: இது மிகவும் ஈரப்பதமாகவும் சூடாகவும் இருக்கும். உங்கள் இலைகளில் அழுகல் இருக்கிறதா என்று சரிபார்த்து, உங்கள் அறுவடையை சேமிக்க பாதுகாப்பைப் பயன்படுத்துங்கள்.",వ్యాధి హెచ్చరిక: ఇది చాలా తడిగా మరియు వెచ్చగా ఉంటుంది. మీ ఆకులు తెగులు కోసం తనిఖీ చేయండి మరియు మీ పంటను కాపాడటానికి రక్షణను ఉపయోగించండి.,രോഗ മുന്നറിയിപ്പ്: ഇത് വളരെ ഈർപ്പമുള്ളതും ചൂടുള്ളതുമാണ്. നിങ്ങളുടെ ഇലകൾ അഴുകുന്നുണ്ടോ എന്ന് പരിശോധിച്ച് നിങ്ങളുടെ വിള സംരക്ഷിക്കാൻ സംരക്ഷണം ഉപയോഗിക്കുക.,रोगाचा इशारा: हे खूप ओलसर आणि उबदार आहे. तुमची पाने कुजली आहेत का ते तपासा आणि तुमचे पीक वाचवण्यासाठी संरक्षण वापरा.,રોગની ચેતવણી: તે ખૂબ જ ભેજવાળી અને ગરમ છે. તમારા પાંદડા સડી ગયા છે કે નહીં તે તપાસો અને તમારા પાકને બચાવવા માટે રક્ષણનો ઉપયોગ કરો.,রোগের সতর্কতা: এটি খুব স্যাঁতসেঁতে এবং উষ্ণ। আপনার পাতা পচে গেছে কিনা তা পরীক্ষা করুন এবং আপনার ফসল বাঁচাতে সুরক্ষা ব্যবস্থা ব্যবহার করুন।,ਬਿਮਾਰੀ ਦੀ ਚੇਤਾਵਨੀ: ਇਹ ਬਹੁਤ ਗਿੱਲਾ ਅਤੇ ਗਰਮ ਹੈ। ਆਪਣੇ ਪੱਤਿਆਂ ਦੀ ਸੜਨ ਦੀ ਜਾਂਚ ਕਰੋ ਅਤੇ ਆਪਣੀ ਫ਼ਸਲ ਨੂੰ ਬਚਾਉਣ ਲਈ ਸੁਰੱਖਿਆ ਦੀ ਵਰਤੋਂ ਕਰੋ।,بیماری کا انتباہ: یہ بہت نم اور گرم ہے۔ اپنے پتوں کو سڑنے کے لیے چیک کریں اور اپنی فصل کو بچانے کے لیے تحفظ کا استعمال کریں۔,रोगको चेतावनी: यो धेरै ओसिलो र न्यानो छ। आफ्नो पातहरू कुहिन जाँच गर्नुहोस् र आफ्नो बाली बचाउन सुरक्षा प्रयोग गर्नुहोस्।,ରୋଗ ସତର୍କତା: ଏହା ବହୁତ ଓଦା ଏବଂ ଉଷ୍ମ। ଆପଣଙ୍କ ପତ୍ର ପଚିଛି କି ନାହିଁ ଯାଞ୍ଚ କରନ୍ତୁ ଏବଂ ଆପଣଙ୍କ ଫସଲକୁ ବଞ୍ଚାଇବା ପାଇଁ ସୁରକ୍ଷା ବ୍ୟବହାର କରନ୍ତୁ।,,warning
Extreme Heat,Balanced,Breezy,Dry,field_work,CAUTION,45,Limit Field Work Hours,FIELD WORK: It is getting very hot. Do your heavy work while it is still cool to keep yourself and your plants healthy.,ಕ್ಷೇತ್ರದ ಕೆಲಸ: ತುಂಬಾ ಬಿಸಿಯಾಗುತ್ತಿದೆ. ನಿಮ್ಮನ್ನು ಮತ್ತು ನಿಮ್ಮ ಸಸ್ಯಗಳನ್ನು ಆರೋಗ್ಯವಾಗಿಡಲು ತಂಪಾಗಿರುವಾಗಲೇ ನಿಮ್ಮ ಭಾರವಾದ ಕೆಲಸವನ್ನು ಮಾಡಿ.,"खेत का काम: बहुत गर्मी पड़ रही है। अपना भारी काम तब करें जब मौसम ठंडा हो, ताकि आप और आपके पौधे स्वस्थ रहें।","களப்பணி: மிகவும் சூடாகி வருகிறது. உங்களையும் உங்கள் தாவரங்களையும் ஆரோக்கியமாக வைத்திருக்க, குளிர்ச்சியாக இருக்கும்போதே உங்கள் கனமான வேலையைச் செய்யுங்கள்.",ఫీల్డ్ వర్క్: చాలా వేడిగా ఉంది. మిమ్మల్ని మరియు మీ మొక్కలను ఆరోగ్యంగా ఉంచుకోవడానికి చల్లగా ఉన్నప్పుడే మీ భారీ పని చేయండి.,വയലിലെ ജോലി: ചൂട് കൂടിവരികയാണ്. നിങ്ങളെയും നിങ്ങളുടെ ചെടികളെയും ആരോഗ്യത്തോടെ നിലനിർത്താൻ തണുപ്പുള്ളപ്പോൾ തന്നെ ഭാരിച്ച ജോലികൾ ചെയ്യുക.,शेतातील काम: खूप उष्णता वाढत आहे. स्वतःला आणि तुमच्या झाडांना निरोगी ठेवण्यासाठी थंड असतानाच तुमचे जड काम करा.,ખેતરમાં કામ: ખૂબ ગરમી પડી રહી છે. ઠંડી હોય ત્યારે ભારે કામ કરો જેથી તમારી જાતને અને તમારા છોડને સ્વસ્થ રાખી શકાય.,মাঠের কাজ: খুব গরম পড়ছে। নিজেকে এবং আপনার গাছপালা সুস্থ রাখতে ঠান্ডা থাকতেই ভারী কাজ করুন।,ਖੇਤ ਦਾ ਕੰਮ: ਬਹੁਤ ਗਰਮੀ ਪੈ ਰਹੀ ਹੈ। ਆਪਣੇ ਆਪ ਨੂੰ ਅਤੇ ਆਪਣੇ ਪੌਦਿਆਂ ਨੂੰ ਸਿਹਤਮੰਦ ਰੱਖਣ ਲਈ ਠੰਡਾ ਹੋਣ ਤੱਕ ਆਪਣਾ ਭਾਰੀ ਕੰਮ ਕਰੋ।,فیلڈ ورک: یہ بہت گرم ہو رہا ہے۔ اپنے آپ کو اور اپنے پودوں کو صحت مند رکھنے کے لیے ٹھنڈا ہونے کے دوران اپنا بھاری کام کریں۔,खेतबारीको काम: धेरै गर्मी भइरहेको छ। आफू र आफ्ना बिरुवाहरूलाई स्वस्थ राख्न चिसो हुँदा नै आफ्नो भारी काम गर्नुहोस्।,କ୍ଷେତ କାମ: ବହୁତ ଗରମ ହେଉଛି। ନିଜକୁ ଏବଂ ଆପଣଙ୍କ ଗଛଗୁଡ଼ିକୁ ସୁସ୍ଥ ରଖିବା ପାଇଁ ଥଣ୍ଡା ଥିବା ସମୟରେ ଆପଣଙ୍କର କଠିନ କାମ କରନ୍ତୁ।,Before 10 AM or After 5 PM,tractor
Extreme Heat,Balanced,Breezy,Light Rain,irrigation,CAUTION,45,Irrigation Caution,WATERING: The ground is dry. Best to water in the early morning so the plants stay strong during the heat.,"ನೀರುಹಾಕುವುದು: ನೆಲ ಒಣಗಿದೆ. ಬೆಳಿಗ್ಗೆ ಬೇಗನೆ ನೀರು ಹಾಕುವುದು ಉತ್ತಮ, ಇದರಿಂದ ಸಸ್ಯಗಳು ಶಾಖದ ಸಮಯದಲ್ಲಿ ಬಲವಾಗಿರುತ್ತವೆ.",पानी देना: मिट्टी सूखी है। पौधों को गर्मी के दौरान स्वस्थ रखने के लिए सुबह जल्दी पानी देना सबसे अच्छा है।,"நீர்ப்பாசனம்: நிலம் வறண்டு உள்ளது. அதிகாலையில் தண்ணீர் பாய்ச்சுவது நல்லது, இதனால் வெப்பத்தின் போது தாவரங்கள் வலுவாக இருக்கும்.","నీరు త్రాగుట: నేల పొడిగా ఉంటుంది. ఉదయాన్నే నీరు పోయడం మంచిది, తద్వారా వేడి సమయంలో మొక్కలు బలంగా ఉంటాయి.","നനവ്: നിലം വരണ്ടതാണ്. അതിരാവിലെ നനയ്ക്കുന്നതാണ് നല്ലത്, അങ്ങനെ ചൂടിൽ ചെടികൾ ശക്തമായി നിലനിൽക്കും.",पाणी देणे: जमीन कोरडी आहे. सकाळी लवकर पाणी देणे चांगले जेणेकरून उष्णतेमध्ये झाडे मजबूत राहतील.,પાણી આપવું: જમીન સૂકી છે. ગરમી દરમિયાન છોડ મજબૂત રહે તે માટે વહેલી સવારે પાણી આપવું શ્રેષ્ઠ છે.,"জল দেওয়া: মাটি শুষ্ক। খুব ভোরে জল দেওয়া ভালো, যাতে গরমের সময় গাছপালা শক্তিশালী থাকে।",ਪਾਣੀ ਦੇਣਾ: ਜ਼ਮੀਨ ਸੁੱਕੀ ਹੈ। ਸਵੇਰੇ ਜਲਦੀ ਪਾਣੀ ਦੇਣਾ ਸਭ ਤੋਂ ਵਧੀਆ ਹੈ ਤਾਂ ਜੋ ਪੌਦੇ ਗਰਮੀ ਦੌਰਾਨ ਮਜ਼ਬੂਤ ​​ਰਹਿਣ।,پانی دینا: زمین خشک ہے۔ صبح سویرے پانی دینا بہتر ہے تاکہ گرمی کے دوران پودے مضبوط رہیں۔,पानी हाल्ने: जमिन सुख्खा छ। बिहान सबेरै पानी हाल्नु राम्रो हुन्छ ताकि गर्मीको समयमा बिरुवाहरू बलियो रहून्।,ପାଣି ଦେବା: ଜମି ଶୁଖିଲା ଅଛି। ଗରମ ସମୟରେ ଗଛଗୁଡ଼ିକ ଶକ୍ତିଶାଳୀ ରହିବା ପାଇଁ ସକାଳୁ ପାଣି ଦେବା ଭଲ।,Before 8 AM,droplet
Extreme Heat,Balanced,Breezy,Light Rain,spraying,CAUTION,45,Spray With Caution,SPRAYING: The air is calm right now. Spray your crops now before the wind picks up and wastes your medicine.,ಸಿಂಪಡಣೆ: ಗಾಳಿ ಈಗ ಶಾಂತವಾಗಿದೆ. ಗಾಳಿ ಬೀಸಿ ನಿಮ್ಮ ಔಷಧ ವ್ಯರ್ಥವಾಗುವ ಮೊದಲು ನಿಮ್ಮ ಬೆಳೆಗಳಿಗೆ ಈಗಲೇ ಸಿಂಪಡಿಸಿ.,छिड़काव: इस समय हवा शांत है। हवा चलने और दवा बर्बाद होने से पहले अपनी फसलों पर छिड़काव करें।,தெளித்தல்: காற்று இப்போது அமைதியாக இருக்கிறது. காற்று வீசி உங்கள் மருந்தை வீணாக்கும் முன் உங்கள் பயிர்களுக்கு இப்போதே தெளிக்கவும்.,స్ప్రేయింగ్: ప్రస్తుతం గాలి ప్రశాంతంగా ఉంది. గాలి వీచి మీ ఔషధం వృధా అయ్యేలోపు మీ పంటలపై ఇప్పుడే పిచికారీ చేయండి.,സ്പ്രേയിംഗ്: ഇപ്പോൾ വായു ശാന്തമാണ്. കാറ്റ് വീശി നിങ്ങളുടെ മരുന്നുകൾ പാഴാക്കുന്നതിനുമുമ്പ് നിങ്ങളുടെ വിളകൾക്ക് ഇപ്പോൾ തന്നെ തളിക്കുക.,फवारणी: सध्या हवा शांत आहे. वारा येऊन तुमचे औषध वाया जाण्यापूर्वी आत्ताच तुमच्या पिकांवर फवारणी करा.,છંટકાવ: અત્યારે હવા શાંત છે. પવન ફૂંકાય અને તમારી દવા બગાડે તે પહેલાં હમણાં જ તમારા પાક પર છંટકાવ કરો.,স্প্রে করা: বাতাস এখন শান্ত। বাতাস বইতে শুরু করে এবং আপনার ওষুধ নষ্ট করার আগে এখনই আপনার ফসলে স্প্রে করুন।,ਛਿੜਕਾਅ: ਇਸ ਵੇਲੇ ਹਵਾ ਸ਼ਾਂਤ ਹੈ। ਹਵਾ ਚੱਲਣ ਅਤੇ ਤੁਹਾਡੀ ਦਵਾਈ ਬਰਬਾਦ ਹੋਣ ਤੋਂ ਪਹਿਲਾਂ ਆਪਣੀਆਂ ਫਸਲਾਂ 'ਤੇ ਹੁਣੇ ਛਿੜਕਾਅ ਕਰੋ।,چھڑکاؤ: اس وقت ہوا پرسکون ہے۔ اپنی فصلوں پر چھڑکاؤ اس سے پہلے کہ ہوا تیز ہو جائے اور آپ کی دوائی ضائع ہو جائے۔,छर्कने: अहिले हावा शान्त छ। हावा चल्नु र तपाईंको औषधि खेर जानु अघि नै आफ्नो बालीनालीमा छर्कनुहोस्।,ସିଞ୍ଚନ: ବର୍ତ୍ତମାନ ବାୟୁ ଶାନ୍ତ ଅଛି। ପବନ ବହିବା ଏବଂ ଔଷଧ ନଷ୍ଟ କରିବା ପୂର୍ବରୁ ଏବେ ଆପଣଙ୍କ ଫସଲରେ ସିଞ୍ଚନ କରନ୍ତୁ।,Before 10 AM,spray
Extreme Heat,Balanced,Breezy,Light Rain,fungal_risk,CAUTION,45,Monitor Fungal Risk,DISEASE ALERT: It is very damp and warm. Check your leaves for rot and use protection to save your harvest.,ರೋಗ ಎಚ್ಚರಿಕೆ: ಇದು ತುಂಬಾ ತೇವ ಮತ್ತು ಬೆಚ್ಚಗಿರುತ್ತದೆ. ನಿಮ್ಮ ಎಲೆಗಳನ್ನು ಕೊಳೆತಕ್ಕಾಗಿ ಪರಿಶೀಲಿಸಿ ಮತ್ತು ನಿಮ್ಮ ಬೆಳೆಯನ್ನು ಉಳಿಸಲು ರಕ್ಷಣೆಯನ್ನು ಬಳಸಿ.,रोग चेतावनी: मौसम बहुत नम और गर्म है। पत्तियों में सड़न की जांच करें और अपनी फसल को बचाने के लिए सुरक्षात्मक उपाय करें।,"நோய் எச்சரிக்கை: இது மிகவும் ஈரப்பதமாகவும் சூடாகவும் இருக்கும். உங்கள் இலைகளில் அழுகல் இருக்கிறதா என்று சரிபார்த்து, உங்கள் அறுவடையை சேமிக்க பாதுகாப்பைப் பயன்படுத்துங்கள்.",వ్యాధి హెచ్చరిక: ఇది చాలా తడిగా మరియు వెచ్చగా ఉంటుంది. మీ ఆకులు తెగులు కోసం తనిఖీ చేయండి మరియు మీ పంటను కాపాడటానికి రక్షణను ఉపయోగించండి.,രോഗ മുന്നറിയിപ്പ്: ഇത് വളരെ ഈർപ്പമുള്ളതും ചൂടുള്ളതുമാണ്. നിങ്ങളുടെ ഇലകൾ അഴുകുന്നുണ്ടോ എന്ന് പരിശോധിച്ച് നിങ്ങളുടെ വിള സംരക്ഷിക്കാൻ സംരക്ഷണം ഉപയോഗിക്കുക.,रोगाचा इशारा: हे खूप ओलसर आणि उबदार आहे. तुमची पाने कुजली आहेत का ते तपासा आणि तुमचे पीक वाचवण्यासाठी संरक्षण वापरा.,રોગની ચેતવણી: તે ખૂબ જ ભેજવાળી અને ગરમ છે. તમારા પાંદડા સડી ગયા છે કે નહીં તે તપાસો અને તમારા પાકને બચાવવા માટે રક્ષણનો ઉપયોગ કરો.,রোগের সতর্কতা: এটি খুব স্যাঁতসেঁতে এবং উষ্ণ। আপনার পাতা পচে গেছে কিনা তা পরীক্ষা করুন এবং আপনার ফসল বাঁচাতে সুরক্ষা ব্যবস্থা ব্যবহার করুন।,ਬਿਮਾਰੀ ਦੀ ਚੇਤਾਵਨੀ: ਇਹ ਬਹੁਤ ਗਿੱਲਾ ਅਤੇ ਗਰਮ ਹੈ। ਆਪਣੇ ਪੱਤਿਆਂ ਦੀ ਸੜਨ ਦੀ ਜਾਂਚ ਕਰੋ ਅਤੇ ਆਪਣੀ ਫ਼ਸਲ ਨੂੰ ਬਚਾਉਣ ਲਈ ਸੁਰੱਖਿਆ ਦੀ ਵਰਤੋਂ ਕਰੋ।,بیماری کا انتباہ: یہ بہت نم اور گرم ہے۔ اپنے پتوں کو سڑنے کے لیے چیک کریں اور اپنی فصل کو بچانے کے لیے تحفظ کا استعمال کریں۔,रोगको चेतावनी: यो धेरै ओसिलो र न्यानो छ। आफ्नो पातहरू कुहिन जाँच गर्नुहोस् र आफ्नो बाली बचाउन सुरक्षा प्रयोग गर्नुहोस्।,ରୋଗ ସତର୍କତା: ଏହା ବହୁତ ଓଦା ଏବଂ ଉଷ୍ମ। ଆପଣଙ୍କ ପତ୍ର ପଚିଛି କି ନାହିଁ ଯାଞ୍ଚ କରନ୍ତୁ ଏବଂ ଆପଣଙ୍କ ଫସଲକୁ ବଞ୍ଚାଇବା ପାଇଁ ସୁରକ୍ଷା ବ୍ୟବହାର କରନ୍ତୁ।,,warning
Extreme Heat,Balanced,Breezy,Light Rain,field_work,CAUTION,45,Limit Field Work Hours,FIELD WORK: It is getting very hot. Do your heavy work while it is still cool to keep yourself and your plants healthy.,ಕ್ಷೇತ್ರದ ಕೆಲಸ: ತುಂಬಾ ಬಿಸಿಯಾಗುತ್ತಿದೆ. ನಿಮ್ಮನ್ನು ಮತ್ತು ನಿಮ್ಮ ಸಸ್ಯಗಳನ್ನು ಆರೋಗ್ಯವಾಗಿಡಲು ತಂಪಾಗಿರುವಾಗಲೇ ನಿಮ್ಮ ಭಾರವಾದ ಕೆಲಸವನ್ನು ಮಾಡಿ.,"खेत का काम: बहुत गर्मी पड़ रही है। अपना भारी काम तब करें जब मौसम ठंडा हो, ताकि आप और आपके पौधे स्वस्थ रहें।","களப்பணி: மிகவும் சூடாகி வருகிறது. உங்களையும் உங்கள் தாவரங்களையும் ஆரோக்கியமாக வைத்திருக்க, குளிர்ச்சியாக இருக்கும்போதே உங்கள் கனமான வேலையைச் செய்யுங்கள்.",ఫీల్డ్ వర్క్: చాలా వేడిగా ఉంది. మిమ్మల్ని మరియు మీ మొక్కలను ఆరోగ్యంగా ఉంచుకోవడానికి చల్లగా ఉన్నప్పుడే మీ భారీ పని చేయండి.,വയലിലെ ജോലി: ചൂട് കൂടിവരികയാണ്. നിങ്ങളെയും നിങ്ങളുടെ ചെടികളെയും ആരോഗ്യത്തോടെ നിലനിർത്താൻ തണുപ്പുള്ളപ്പോൾ തന്നെ ഭാരിച്ച ജോലികൾ ചെയ്യുക.,शेतातील काम: खूप उष्णता वाढत आहे. स्वतःला आणि तुमच्या झाडांना निरोगी ठेवण्यासाठी थंड असतानाच तुमचे जड काम करा.,ખેતરમાં કામ: ખૂબ ગરમી પડી રહી છે. ઠંડી હોય ત્યારે ભારે કામ કરો જેથી તમારી જાતને અને તમારા છોડને સ્વસ્થ રાખી શકાય.,মাঠের কাজ: খুব গরম পড়ছে। নিজেকে এবং আপনার গাছপালা সুস্থ রাখতে ঠান্ডা থাকতেই ভারী কাজ করুন।,ਖੇਤ ਦਾ ਕੰਮ: ਬਹੁਤ ਗਰਮੀ ਪੈ ਰਹੀ ਹੈ। ਆਪਣੇ ਆਪ ਨੂੰ ਅਤੇ ਆਪਣੇ ਪੌਦਿਆਂ ਨੂੰ ਸਿਹਤਮੰਦ ਰੱਖਣ ਲਈ ਠੰਡਾ ਹੋਣ ਤੱਕ ਆਪਣਾ ਭਾਰੀ ਕੰਮ ਕਰੋ।,فیلڈ ورک: یہ بہت گرم ہو رہا ہے۔ اپنے آپ کو اور اپنے پودوں کو صحت مند رکھنے کے لیے ٹھنڈا ہونے کے دوران اپنا بھاری کام کریں۔,खेतबारीको काम: धेरै गर्मी भइरहेको छ। आफू र आफ्ना बिरुवाहरूलाई स्वस्थ राख्न चिसो हुँदा नै आफ्नो भारी काम गर्नुहोस्।,କ୍ଷେତ କାମ: ବହୁତ ଗରମ ହେଉଛି। ନିଜକୁ ଏବଂ ଆପଣଙ୍କ ଗଛଗୁଡ଼ିକୁ ସୁସ୍ଥ ରଖିବା ପାଇଁ ଥଣ୍ଡା ଥିବା ସମୟରେ ଆପଣଙ୍କର କଠିନ କାମ କରନ୍ତୁ।,Before 10 AM or After 5 PM,tractor
Extreme Heat,Balanced,Breezy,Heavy Rain,irrigation,CAUTION,45,Irrigation Caution,WATERING: The ground is dry. Best to water in the early morning so the plants stay strong during the heat.,"ನೀರುಹಾಕುವುದು: ನೆಲ ಒಣಗಿದೆ. ಬೆಳಿಗ್ಗೆ ಬೇಗನೆ ನೀರು ಹಾಕುವುದು ಉತ್ತಮ, ಇದರಿಂದ ಸಸ್ಯಗಳು ಶಾಖದ ಸಮಯದಲ್ಲಿ ಬಲವಾಗಿರುತ್ತವೆ.",पानी देना: मिट्टी सूखी है। पौधों को गर्मी के दौरान स्वस्थ रखने के लिए सुबह जल्दी पानी देना सबसे अच्छा है।,"நீர்ப்பாசனம்: நிலம் வறண்டு உள்ளது. அதிகாலையில் தண்ணீர் பாய்ச்சுவது நல்லது, இதனால் வெப்பத்தின் போது தாவரங்கள் வலுவாக இருக்கும்.","నీరు త్రాగుట: నేల పొడిగా ఉంటుంది. ఉదయాన్నే నీరు పోయడం మంచిది, తద్వారా వేడి సమయంలో మొక్కలు బలంగా ఉంటాయి.","നനവ്: നിലം വരണ്ടതാണ്. അതിരാവിലെ നനയ്ക്കുന്നതാണ് നല്ലത്, അങ്ങനെ ചൂടിൽ ചെടികൾ ശക്തമായി നിലനിൽക്കും.",पाणी देणे: जमीन कोरडी आहे. सकाळी लवकर पाणी देणे चांगले जेणेकरून उष्णतेमध्ये झाडे मजबूत राहतील.,પાણી આપવું: જમીન સૂકી છે. ગરમી દરમિયાન છોડ મજબૂત રહે તે માટે વહેલી સવારે પાણી આપવું શ્રેષ્ઠ છે.,"জল দেওয়া: মাটি শুষ্ক। খুব ভোরে জল দেওয়া ভালো, যাতে গরমের সময় গাছপালা শক্তিশালী থাকে।",ਪਾਣੀ ਦੇਣਾ: ਜ਼ਮੀਨ ਸੁੱਕੀ ਹੈ। ਸਵੇਰੇ ਜਲਦੀ ਪਾਣੀ ਦੇਣਾ ਸਭ ਤੋਂ ਵਧੀਆ ਹੈ ਤਾਂ ਜੋ ਪੌਦੇ ਗਰਮੀ ਦੌਰਾਨ ਮਜ਼ਬੂਤ ​​ਰਹਿਣ।,پانی دینا: زمین خشک ہے۔ صبح سویرے پانی دینا بہتر ہے تاکہ گرمی کے دوران پودے مضبوط رہیں۔,पानी हाल्ने: जमिन सुख्खा छ। बिहान सबेरै पानी हाल्नु राम्रो हुन्छ ताकि गर्मीको समयमा बिरुवाहरू बलियो रहून्।,ପାଣି ଦେବା: ଜମି ଶୁଖିଲା ଅଛି। ଗରମ ସମୟରେ ଗଛଗୁଡ଼ିକ ଶକ୍ତିଶାଳୀ ରହିବା ପାଇଁ ସକାଳୁ ପାଣି ଦେବା ଭଲ।,Before 8 AM,droplet
Extreme Heat,Balanced,Breezy,Heavy Rain,spraying,CAUTION,45,Spray With Caution,SPRAYING: The air is calm right now. Spray your crops now before the wind picks up and wastes your medicine.,ಸಿಂಪಡಣೆ: ಗಾಳಿ ಈಗ ಶಾಂತವಾಗಿದೆ. ಗಾಳಿ ಬೀಸಿ ನಿಮ್ಮ ಔಷಧ ವ್ಯರ್ಥವಾಗುವ ಮೊದಲು ನಿಮ್ಮ ಬೆಳೆಗಳಿಗೆ ಈಗಲೇ ಸಿಂಪಡಿಸಿ.,छिड़काव: इस समय हवा शांत है। हवा चलने और दवा बर्बाद होने से पहले अपनी फसलों पर छिड़काव करें।,தெளித்தல்: காற்று இப்போது அமைதியாக இருக்கிறது. காற்று வீசி உங்கள் மருந்தை வீணாக்கும் முன் உங்கள் பயிர்களுக்கு இப்போதே தெளிக்கவும்.,స్ప్రేయింగ్: ప్రస్తుతం గాలి ప్రశాంతంగా ఉంది. గాలి వీచి మీ ఔషధం వృధా అయ్యేలోపు మీ పంటలపై ఇప్పుడే పిచికారీ చేయండి.,സ്പ്രേയിംഗ്: ഇപ്പോൾ വായു ശാന്തമാണ്. കാറ്റ് വീശി നിങ്ങളുടെ മരുന്നുകൾ പാഴാക്കുന്നതിനുമുമ്പ് നിങ്ങളുടെ വിളകൾക്ക് ഇപ്പോൾ തന്നെ തളിക്കുക.,फवारणी: सध्या हवा शांत आहे. वारा येऊन तुमचे औषध वाया जाण्यापूर्वी आत्ताच तुमच्या पिकांवर फवारणी करा.,છંટકાવ: અત્યારે હવા શાંત છે. પવન ફૂંકાય અને તમારી દવા બગાડે તે પહેલાં હમણાં જ તમારા પાક પર છંટકાવ કરો.,স্প্রে করা: বাতাস এখন শান্ত। বাতাস বইতে শুরু করে এবং আপনার ওষুধ নষ্ট করার আগে এখনই আপনার ফসলে স্প্রে করুন।,ਛਿੜਕਾਅ: ਇਸ ਵੇਲੇ ਹਵਾ ਸ਼ਾਂਤ ਹੈ। ਹਵਾ ਚੱਲਣ ਅਤੇ ਤੁਹਾਡੀ ਦਵਾਈ ਬਰਬਾਦ ਹੋਣ ਤੋਂ ਪਹਿਲਾਂ ਆਪਣੀਆਂ ਫਸਲਾਂ 'ਤੇ ਹੁਣੇ ਛਿੜਕਾਅ ਕਰੋ।,چھڑکاؤ: اس وقت ہوا پرسکون ہے۔ اپنی فصلوں پر چھڑکاؤ اس سے پہلے کہ ہوا تیز ہو جائے اور آپ کی دوائی ضائع ہو جائے۔,छर्कने: अहिले हावा शान्त छ। हावा चल्नु र तपाईंको औषधि खेर जानु अघि नै आफ्नो बालीनालीमा छर्कनुहोस्।,ସିଞ୍ଚନ: ବର୍ତ୍ତମାନ ବାୟୁ ଶାନ୍ତ ଅଛି। ପବନ ବହିବା ଏବଂ ଔଷଧ ନଷ୍ଟ କରିବା ପୂର୍ବରୁ ଏବେ ଆପଣଙ୍କ ଫସଲରେ ସିଞ୍ଚନ କରନ୍ତୁ।,Before 10 AM,spray
Extreme Heat,Balanced,Breezy,Heavy Rain,fungal_risk,CAUTION,45,Monitor Fungal Risk,DISEASE ALERT: It is very damp and warm. Check your leaves for rot and use protection to save your harvest.,ರೋಗ ಎಚ್ಚರಿಕೆ: ಇದು ತುಂಬಾ ತೇವ ಮತ್ತು ಬೆಚ್ಚಗಿರುತ್ತದೆ. ನಿಮ್ಮ ಎಲೆಗಳನ್ನು ಕೊಳೆತಕ್ಕಾಗಿ ಪರಿಶೀಲಿಸಿ ಮತ್ತು ನಿಮ್ಮ ಬೆಳೆಯನ್ನು ಉಳಿಸಲು ರಕ್ಷಣೆಯನ್ನು ಬಳಸಿ.,रोग चेतावनी: मौसम बहुत नम और गर्म है। पत्तियों में सड़न की जांच करें और अपनी फसल को बचाने के लिए सुरक्षात्मक उपाय करें।,"நோய் எச்சரிக்கை: இது மிகவும் ஈரப்பதமாகவும் சூடாகவும் இருக்கும். உங்கள் இலைகளில் அழுகல் இருக்கிறதா என்று சரிபார்த்து, உங்கள் அறுவடையை சேமிக்க பாதுகாப்பைப் பயன்படுத்துங்கள்.",వ్యాధి హెచ్చరిక: ఇది చాలా తడిగా మరియు వెచ్చగా ఉంటుంది. మీ ఆకులు తెగులు కోసం తనిఖీ చేయండి మరియు మీ పంటను కాపాడటానికి రక్షణను ఉపయోగించండి.,രോഗ മുന്നറിയിപ്പ്: ഇത് വളരെ ഈർപ്പമുള്ളതും ചൂടുള്ളതുമാണ്. നിങ്ങളുടെ ഇലകൾ അഴുകുന്നുണ്ടോ എന്ന് പരിശോധിച്ച് നിങ്ങളുടെ വിള സംരക്ഷിക്കാൻ സംരക്ഷണം ഉപയോഗിക്കുക.,रोगाचा इशारा: हे खूप ओलसर आणि उबदार आहे. तुमची पाने कुजली आहेत का ते तपासा आणि तुमचे पीक वाचवण्यासाठी संरक्षण वापरा.,રોગની ચેતવણી: તે ખૂબ જ ભેજવાળી અને ગરમ છે. તમારા પાંદડા સડી ગયા છે કે નહીં તે તપાસો અને તમારા પાકને બચાવવા માટે રક્ષણનો ઉપયોગ કરો.,রোগের সতর্কতা: এটি খুব স্যাঁতসেঁতে এবং উষ্ণ। আপনার পাতা পচে গেছে কিনা তা পরীক্ষা করুন এবং আপনার ফসল বাঁচাতে সুরক্ষা ব্যবস্থা ব্যবহার করুন।,ਬਿਮਾਰੀ ਦੀ ਚੇਤਾਵਨੀ: ਇਹ ਬਹੁਤ ਗਿੱਲਾ ਅਤੇ ਗਰਮ ਹੈ। ਆਪਣੇ ਪੱਤਿਆਂ ਦੀ ਸੜਨ ਦੀ ਜਾਂਚ ਕਰੋ ਅਤੇ ਆਪਣੀ ਫ਼ਸਲ ਨੂੰ ਬਚਾਉਣ ਲਈ ਸੁਰੱਖਿਆ ਦੀ ਵਰਤੋਂ ਕਰੋ।,بیماری کا انتباہ: یہ بہت نم اور گرم ہے۔ اپنے پتوں کو سڑنے کے لیے چیک کریں اور اپنی فصل کو بچانے کے لیے تحفظ کا استعمال کریں۔,रोगको चेतावनी: यो धेरै ओसिलो र न्यानो छ। आफ्नो पातहरू कुहिन जाँच गर्नुहोस् र आफ्नो बाली बचाउन सुरक्षा प्रयोग गर्नुहोस्।,ରୋଗ ସତର୍କତା: ଏହା ବହୁତ ଓଦା ଏବଂ ଉଷ୍ମ। ଆପଣଙ୍କ ପତ୍ର ପଚିଛି କି ନାହିଁ ଯାଞ୍ଚ କରନ୍ତୁ ଏବଂ ଆପଣଙ୍କ ଫସଲକୁ ବଞ୍ଚାଇବା ପାଇଁ ସୁରକ୍ଷା ବ୍ୟବହାର କରନ୍ତୁ।,,warning
Extreme Heat,Balanced,Breezy,Heavy Rain,field_work,CAUTION,45,Limit Field Work Hours,FIELD WORK: It is getting very hot. Do your heavy work while it is still cool to keep yourself and your plants healthy.,ಕ್ಷೇತ್ರದ ಕೆಲಸ: ತುಂಬಾ ಬಿಸಿಯಾಗುತ್ತಿದೆ. ನಿಮ್ಮನ್ನು ಮತ್ತು ನಿಮ್ಮ ಸಸ್ಯಗಳನ್ನು ಆರೋಗ್ಯವಾಗಿಡಲು ತಂಪಾಗಿರುವಾಗಲೇ ನಿಮ್ಮ ಭಾರವಾದ ಕೆಲಸವನ್ನು ಮಾಡಿ.,"खेत का काम: बहुत गर्मी पड़ रही है। अपना भारी काम तब करें जब मौसम ठंडा हो, ताकि आप और आपके पौधे स्वस्थ रहें।","களப்பணி: மிகவும் சூடாகி வருகிறது. உங்களையும் உங்கள் தாவரங்களையும் ஆரோக்கியமாக வைத்திருக்க, குளிர்ச்சியாக இருக்கும்போதே உங்கள் கனமான வேலையைச் செய்யுங்கள்.",ఫీల్డ్ వర్క్: చాలా వేడిగా ఉంది. మిమ్మల్ని మరియు మీ మొక్కలను ఆరోగ్యంగా ఉంచుకోవడానికి చల్లగా ఉన్నప్పుడే మీ భారీ పని చేయండి.,വയലിലെ ജോലി: ചൂട് കൂടിവരികയാണ്. നിങ്ങളെയും നിങ്ങളുടെ ചെടികളെയും ആരോഗ്യത്തോടെ നിലനിർത്താൻ തണുപ്പുള്ളപ്പോൾ തന്നെ ഭാരിച്ച ജോലികൾ ചെയ്യുക.,शेतातील काम: खूप उष्णता वाढत आहे. स्वतःला आणि तुमच्या झाडांना निरोगी ठेवण्यासाठी थंड असतानाच तुमचे जड काम करा.,ખેતરમાં કામ: ખૂબ ગરમી પડી રહી છે. ઠંડી હોય ત્યારે ભારે કામ કરો જેથી તમારી જાતને અને તમારા છોડને સ્વસ્થ રાખી શકાય.,মাঠের কাজ: খুব গরম পড়ছে। নিজেকে এবং আপনার গাছপালা সুস্থ রাখতে ঠান্ডা থাকতেই ভারী কাজ করুন।,ਖੇਤ ਦਾ ਕੰਮ: ਬਹੁਤ ਗਰਮੀ ਪੈ ਰਹੀ ਹੈ। ਆਪਣੇ ਆਪ ਨੂੰ ਅਤੇ ਆਪਣੇ ਪੌਦਿਆਂ ਨੂੰ ਸਿਹਤਮੰਦ ਰੱਖਣ ਲਈ ਠੰਡਾ ਹੋਣ ਤੱਕ ਆਪਣਾ ਭਾਰੀ ਕੰਮ ਕਰੋ।,فیلڈ ورک: یہ بہت گرم ہو رہا ہے۔ اپنے آپ کو اور اپنے پودوں کو صحت مند رکھنے کے لیے ٹھنڈا ہونے کے دوران اپنا بھاری کام کریں۔,खेतबारीको काम: धेरै गर्मी भइरहेको छ। आफू र आफ्ना बिरुवाहरूलाई स्वस्थ राख्न चिसो हुँदा नै आफ्नो भारी काम गर्नुहोस्।,କ୍ଷେତ କାମ: ବହୁତ ଗରମ ହେଉଛି। ନିଜକୁ ଏବଂ ଆପଣଙ୍କ ଗଛଗୁଡ଼ିକୁ ସୁସ୍ଥ ରଖିବା ପାଇଁ ଥଣ୍ଡା ଥିବା ସମୟରେ ଆପଣଙ୍କର କଠିନ କାମ କରନ୍ତୁ।,Before 10 AM or After 5 PM,tractor
Extreme Heat,Balanced,Strong Gusts,Dry,irrigation,URGENT,80,Stop Irrigation Now,WATERING: The ground is dry. Best to water in the early morning so the plants stay strong during the heat.,"ನೀರುಹಾಕುವುದು: ನೆಲ ಒಣಗಿದೆ. ಬೆಳಿಗ್ಗೆ ಬೇಗನೆ ನೀರು ಹಾಕುವುದು ಉತ್ತಮ, ಇದರಿಂದ ಸಸ್ಯಗಳು ಶಾಖದ ಸಮಯದಲ್ಲಿ ಬಲವಾಗಿರುತ್ತವೆ.",पानी देना: मिट्टी सूखी है। पौधों को गर्मी के दौरान स्वस्थ रखने के लिए सुबह जल्दी पानी देना सबसे अच्छा है।,"நீர்ப்பாசனம்: நிலம் வறண்டு உள்ளது. அதிகாலையில் தண்ணீர் பாய்ச்சுவது நல்லது, இதனால் வெப்பத்தின் போது தாவரங்கள் வலுவாக இருக்கும்.","నీరు త్రాగుట: నేల పొడిగా ఉంటుంది. ఉదయాన్నే నీరు పోయడం మంచిది, తద్వారా వేడి సమయంలో మొక్కలు బలంగా ఉంటాయి.","നനവ്: നിലം വരണ്ടതാണ്. അതിരാവിലെ നനയ്ക്കുന്നതാണ് നല്ലത്, അങ്ങനെ ചൂടിൽ ചെടികൾ ശക്തമായി നിലനിൽക്കും.",पाणी देणे: जमीन कोरडी आहे. सकाळी लवकर पाणी देणे चांगले जेणेकरून उष्णतेमध्ये झाडे मजबूत राहतील.,પાણી આપવું: જમીન સૂકી છે. ગરમી દરમિયાન છોડ મજબૂત રહે તે માટે વહેલી સવારે પાણી આપવું શ્રેષ્ઠ છે.,"জল দেওয়া: মাটি শুষ্ক। খুব ভোরে জল দেওয়া ভালো, যাতে গরমের সময় গাছপালা শক্তিশালী থাকে।",ਪਾਣੀ ਦੇਣਾ: ਜ਼ਮੀਨ ਸੁੱਕੀ ਹੈ। ਸਵੇਰੇ ਜਲਦੀ ਪਾਣੀ ਦੇਣਾ ਸਭ ਤੋਂ ਵਧੀਆ ਹੈ ਤਾਂ ਜੋ ਪੌਦੇ ਗਰਮੀ ਦੌਰਾਨ ਮਜ਼ਬੂਤ ​​ਰਹਿਣ।,پانی دینا: زمین خشک ہے۔ صبح سویرے پانی دینا بہتر ہے تاکہ گرمی کے دوران پودے مضبوط رہیں۔,पानी हाल्ने: जमिन सुख्खा छ। बिहान सबेरै पानी हाल्नु राम्रो हुन्छ ताकि गर्मीको समयमा बिरुवाहरू बलियो रहून्।,ପାଣି ଦେବା: ଜମି ଶୁଖିଲା ଅଛି। ଗରମ ସମୟରେ ଗଛଗୁଡ଼ିକ ଶକ୍ତିଶାଳୀ ରହିବା ପାଇଁ ସକାଳୁ ପାଣି ଦେବା ଭଲ।,Avoid Today,droplet
Extreme Heat,Balanced,Strong Gusts,Dry,spraying,URGENT,80,Avoid Spraying Today,SPRAYING: The air is calm right now. Spray your crops now before the wind picks up and wastes your medicine.,ಸಿಂಪಡಣೆ: ಗಾಳಿ ಈಗ ಶಾಂತವಾಗಿದೆ. ಗಾಳಿ ಬೀಸಿ ನಿಮ್ಮ ಔಷಧ ವ್ಯರ್ಥವಾಗುವ ಮೊದಲು ನಿಮ್ಮ ಬೆಳೆಗಳಿಗೆ ಈಗಲೇ ಸಿಂಪಡಿಸಿ.,छिड़काव: इस समय हवा शांत है। हवा चलने और दवा बर्बाद होने से पहले अपनी फसलों पर छिड़काव करें।,தெளித்தல்: காற்று இப்போது அமைதியாக இருக்கிறது. காற்று வீசி உங்கள் மருந்தை வீணாக்கும் முன் உங்கள் பயிர்களுக்கு இப்போதே தெளிக்கவும்.,స్ప్రేయింగ్: ప్రస్తుతం గాలి ప్రశాంతంగా ఉంది. గాలి వీచి మీ ఔషధం వృధా అయ్యేలోపు మీ పంటలపై ఇప్పుడే పిచికారీ చేయండి.,സ്പ്രേയിംഗ്: ഇപ്പോൾ വായു ശാന്തമാണ്. കാറ്റ് വീശി നിങ്ങളുടെ മരുന്നുകൾ പാഴാക്കുന്നതിനുമുമ്പ് നിങ്ങളുടെ വിളകൾക്ക് ഇപ്പോൾ തന്നെ തളിക്കുക.,फवारणी: सध्या हवा शांत आहे. वारा येऊन तुमचे औषध वाया जाण्यापूर्वी आत्ताच तुमच्या पिकांवर फवारणी करा.,છંટકાવ: અત્યારે હવા શાંત છે. પવન ફૂંકાય અને તમારી દવા બગાડે તે પહેલાં હમણાં જ તમારા પાક પર છંટકાવ કરો.,স্প্রে করা: বাতাস এখন শান্ত। বাতাস বইতে শুরু করে এবং আপনার ওষুধ নষ্ট করার আগে এখনই আপনার ফসলে স্প্রে করুন।,ਛਿੜਕਾਅ: ਇਸ ਵੇਲੇ ਹਵਾ ਸ਼ਾਂਤ ਹੈ। ਹਵਾ ਚੱਲਣ ਅਤੇ ਤੁਹਾਡੀ ਦਵਾਈ ਬਰਬਾਦ ਹੋਣ ਤੋਂ ਪਹਿਲਾਂ ਆਪਣੀਆਂ ਫਸਲਾਂ 'ਤੇ ਹੁਣੇ ਛਿੜਕਾਅ ਕਰੋ।,چھڑکاؤ: اس وقت ہوا پرسکون ہے۔ اپنی فصلوں پر چھڑکاؤ اس سے پہلے کہ ہوا تیز ہو جائے اور آپ کی دوائی ضائع ہو جائے۔,छर्कने: अहिले हावा शान्त छ। हावा चल्नु र तपाईंको औषधि खेर जानु अघि नै आफ्नो बालीनालीमा छर्कनुहोस्।,ସିଞ୍ଚନ: ବର୍ତ୍ତମାନ ବାୟୁ ଶାନ୍ତ ଅଛି। ପବନ ବହିବା ଏବଂ ଔଷଧ ନଷ୍ଟ କରିବା ପୂର୍ବରୁ ଏବେ ଆପଣଙ୍କ ଫସଲରେ ସିଞ୍ଚନ କରନ୍ତୁ।,Avoid Today,spray
Extreme Heat,Balanced,Strong Gusts,Dry,fungal_risk,URGENT,80,High Fungal Alert,DISEASE ALERT: It is very damp and warm. Check your leaves for rot and use protection to save your harvest.,ರೋಗ ಎಚ್ಚರಿಕೆ: ಇದು ತುಂಬಾ ತೇವ ಮತ್ತು ಬೆಚ್ಚಗಿರುತ್ತದೆ. ನಿಮ್ಮ ಎಲೆಗಳನ್ನು ಕೊಳೆತಕ್ಕಾಗಿ ಪರಿಶೀಲಿಸಿ ಮತ್ತು ನಿಮ್ಮ ಬೆಳೆಯನ್ನು ಉಳಿಸಲು ರಕ್ಷಣೆಯನ್ನು ಬಳಸಿ.,रोग चेतावनी: मौसम बहुत नम और गर्म है। पत्तियों में सड़न की जांच करें और अपनी फसल को बचाने के लिए सुरक्षात्मक उपाय करें।,"நோய் எச்சரிக்கை: இது மிகவும் ஈரப்பதமாகவும் சூடாகவும் இருக்கும். உங்கள் இலைகளில் அழுகல் இருக்கிறதா என்று சரிபார்த்து, உங்கள் அறுவடையை சேமிக்க பாதுகாப்பைப் பயன்படுத்துங்கள்.",వ్యాధి హెచ్చరిక: ఇది చాలా తడిగా మరియు వెచ్చగా ఉంటుంది. మీ ఆకులు తెగులు కోసం తనిఖీ చేయండి మరియు మీ పంటను కాపాడటానికి రక్షణను ఉపయోగించండి.,രോഗ മുന്നറിയിപ്പ്: ഇത് വളരെ ഈർപ്പമുള്ളതും ചൂടുള്ളതുമാണ്. നിങ്ങളുടെ ഇലകൾ അഴുകുന്നുണ്ടോ എന്ന് പരിശോധിച്ച് നിങ്ങളുടെ വിള സംരക്ഷിക്കാൻ സംരക്ഷണം ഉപയോഗിക്കുക.,रोगाचा इशारा: हे खूप ओलसर आणि उबदार आहे. तुमची पाने कुजली आहेत का ते तपासा आणि तुमचे पीक वाचवण्यासाठी संरक्षण वापरा.,રોગની ચેતવણી: તે ખૂબ જ ભેજવાળી અને ગરમ છે. તમારા પાંદડા સડી ગયા છે કે નહીં તે તપાસો અને તમારા પાકને બચાવવા માટે રક્ષણનો ઉપયોગ કરો.,রোগের সতর্কতা: এটি খুব স্যাঁতসেঁতে এবং উষ্ণ। আপনার পাতা পচে গেছে কিনা তা পরীক্ষা করুন এবং আপনার ফসল বাঁচাতে সুরক্ষা ব্যবস্থা ব্যবহার করুন।,ਬਿਮਾਰੀ ਦੀ ਚੇਤਾਵਨੀ: ਇਹ ਬਹੁਤ ਗਿੱਲਾ ਅਤੇ ਗਰਮ ਹੈ। ਆਪਣੇ ਪੱਤਿਆਂ ਦੀ ਸੜਨ ਦੀ ਜਾਂਚ ਕਰੋ ਅਤੇ ਆਪਣੀ ਫ਼ਸਲ ਨੂੰ ਬਚਾਉਣ ਲਈ ਸੁਰੱਖਿਆ ਦੀ ਵਰਤੋਂ ਕਰੋ।,بیماری کا انتباہ: یہ بہت نم اور گرم ہے۔ اپنے پتوں کو سڑنے کے لیے چیک کریں اور اپنی فصل کو بچانے کے لیے تحفظ کا استعمال کریں۔,रोगको चेतावनी: यो धेरै ओसिलो र न्यानो छ। आफ्नो पातहरू कुहिन जाँच गर्नुहोस् र आफ्नो बाली बचाउन सुरक्षा प्रयोग गर्नुहोस्।,ରୋଗ ସତର୍କତା: ଏହା ବହୁତ ଓଦା ଏବଂ ଉଷ୍ମ। ଆପଣଙ୍କ ପତ୍ର ପଚିଛି କି ନାହିଁ ଯାଞ୍ଚ କରନ୍ତୁ ଏବଂ ଆପଣଙ୍କ ଫସଲକୁ ବଞ୍ଚାଇବା ପାଇଁ ସୁରକ୍ଷା ବ୍ୟବହାର କରନ୍ତୁ।,,warning
Extreme Heat,Balanced,Strong Gusts,Dry,field_work,URGENT,80,Stop Field Work Now,FIELD WORK: It is getting very hot. Do your heavy work while it is still cool to keep yourself and your plants healthy.,ಕ್ಷೇತ್ರದ ಕೆಲಸ: ತುಂಬಾ ಬಿಸಿಯಾಗುತ್ತಿದೆ. ನಿಮ್ಮನ್ನು ಮತ್ತು ನಿಮ್ಮ ಸಸ್ಯಗಳನ್ನು ಆರೋಗ್ಯವಾಗಿಡಲು ತಂಪಾಗಿರುವಾಗಲೇ ನಿಮ್ಮ ಭಾರವಾದ ಕೆಲಸವನ್ನು ಮಾಡಿ.,"खेत का काम: बहुत गर्मी पड़ रही है। अपना भारी काम तब करें जब मौसम ठंडा हो, ताकि आप और आपके पौधे स्वस्थ रहें।","களப்பணி: மிகவும் சூடாகி வருகிறது. உங்களையும் உங்கள் தாவரங்களையும் ஆரோக்கியமாக வைத்திருக்க, குளிர்ச்சியாக இருக்கும்போதே உங்கள் கனமான வேலையைச் செய்யுங்கள்.",ఫీల్డ్ వర్క్: చాలా వేడిగా ఉంది. మిమ్మల్ని మరియు మీ మొక్కలను ఆరోగ్యంగా ఉంచుకోవడానికి చల్లగా ఉన్నప్పుడే మీ భారీ పని చేయండి.,വയലിലെ ജോലി: ചൂട് കൂടിവരികയാണ്. നിങ്ങളെയും നിങ്ങളുടെ ചെടികളെയും ആരോഗ്യത്തോടെ നിലനിർത്താൻ തണുപ്പുള്ളപ്പോൾ തന്നെ ഭാരിച്ച ജോലികൾ ചെയ്യുക.,शेतातील काम: खूप उष्णता वाढत आहे. स्वतःला आणि तुमच्या झाडांना निरोगी ठेवण्यासाठी थंड असतानाच तुमचे जड काम करा.,ખેતરમાં કામ: ખૂબ ગરમી પડી રહી છે. ઠંડી હોય ત્યારે ભારે કામ કરો જેથી તમારી જાતને અને તમારા છોડને સ્વસ્થ રાખી શકાય.,মাঠের কাজ: খুব গরম পড়ছে। নিজেকে এবং আপনার গাছপালা সুস্থ রাখতে ঠান্ডা থাকতেই ভারী কাজ করুন।,ਖੇਤ ਦਾ ਕੰਮ: ਬਹੁਤ ਗਰਮੀ ਪੈ ਰਹੀ ਹੈ। ਆਪਣੇ ਆਪ ਨੂੰ ਅਤੇ ਆਪਣੇ ਪੌਦਿਆਂ ਨੂੰ ਸਿਹਤਮੰਦ ਰੱਖਣ ਲਈ ਠੰਡਾ ਹੋਣ ਤੱਕ ਆਪਣਾ ਭਾਰੀ ਕੰਮ ਕਰੋ।,فیلڈ ورک: یہ بہت گرم ہو رہا ہے۔ اپنے آپ کو اور اپنے پودوں کو صحت مند رکھنے کے لیے ٹھنڈا ہونے کے دوران اپنا بھاری کام کریں۔,खेतबारीको काम: धेरै गर्मी भइरहेको छ। आफू र आफ्ना बिरुवाहरूलाई स्वस्थ राख्न चिसो हुँदा नै आफ्नो भारी काम गर्नुहोस्।,କ୍ଷେତ କାମ: ବହୁତ ଗରମ ହେଉଛି। ନିଜକୁ ଏବଂ ଆପଣଙ୍କ ଗଛଗୁଡ଼ିକୁ ସୁସ୍ଥ ରଖିବା ପାଇଁ ଥଣ୍ଡା ଥିବା ସମୟରେ ଆପଣଙ୍କର କଠିନ କାମ କରନ୍ତୁ।,Avoid Today,alert
Extreme Heat,Balanced,Strong Gusts,Light Rain,irrigation,URGENT,80,Stop Irrigation Now,WATERING: The ground is dry. Best to water in the early morning so the plants stay strong during the heat.,"ನೀರುಹಾಕುವುದು: ನೆಲ ಒಣಗಿದೆ. ಬೆಳಿಗ್ಗೆ ಬೇಗನೆ ನೀರು ಹಾಕುವುದು ಉತ್ತಮ, ಇದರಿಂದ ಸಸ್ಯಗಳು ಶಾಖದ ಸಮಯದಲ್ಲಿ ಬಲವಾಗಿರುತ್ತವೆ.",पानी देना: मिट्टी सूखी है। पौधों को गर्मी के दौरान स्वस्थ रखने के लिए सुबह जल्दी पानी देना सबसे अच्छा है।,"நீர்ப்பாசனம்: நிலம் வறண்டு உள்ளது. அதிகாலையில் தண்ணீர் பாய்ச்சுவது நல்லது, இதனால் வெப்பத்தின் போது தாவரங்கள் வலுவாக இருக்கும்.","నీరు త్రాగుట: నేల పొడిగా ఉంటుంది. ఉదయాన్నే నీరు పోయడం మంచిది, తద్వారా వేడి సమయంలో మొక్కలు బలంగా ఉంటాయి.","നനവ്: നിലം വരണ്ടതാണ്. അതിരാവിലെ നനയ്ക്കുന്നതാണ് നല്ലത്, അങ്ങനെ ചൂടിൽ ചെടികൾ ശക്തമായി നിലനിൽക്കും.",पाणी देणे: जमीन कोरडी आहे. सकाळी लवकर पाणी देणे चांगले जेणेकरून उष्णतेमध्ये झाडे मजबूत राहतील.,પાણી આપવું: જમીન સૂકી છે. ગરમી દરમિયાન છોડ મજબૂત રહે તે માટે વહેલી સવારે પાણી આપવું શ્રેષ્ઠ છે.,"জল দেওয়া: মাটি শুষ্ক। খুব ভোরে জল দেওয়া ভালো, যাতে গরমের সময় গাছপালা শক্তিশালী থাকে।",ਪਾਣੀ ਦੇਣਾ: ਜ਼ਮੀਨ ਸੁੱਕੀ ਹੈ। ਸਵੇਰੇ ਜਲਦੀ ਪਾਣੀ ਦੇਣਾ ਸਭ ਤੋਂ ਵਧੀਆ ਹੈ ਤਾਂ ਜੋ ਪੌਦੇ ਗਰਮੀ ਦੌਰਾਨ ਮਜ਼ਬੂਤ ​​ਰਹਿਣ।,پانی دینا: زمین خشک ہے۔ صبح سویرے پانی دینا بہتر ہے تاکہ گرمی کے دوران پودے مضبوط رہیں۔,पानी हाल्ने: जमिन सुख्खा छ। बिहान सबेरै पानी हाल्नु राम्रो हुन्छ ताकि गर्मीको समयमा बिरुवाहरू बलियो रहून्।,ପାଣି ଦେବା: ଜମି ଶୁଖିଲା ଅଛି। ଗରମ ସମୟରେ ଗଛଗୁଡ଼ିକ ଶକ୍ତିଶାଳୀ ରହିବା ପାଇଁ ସକାଳୁ ପାଣି ଦେବା ଭଲ।,Avoid Today,droplet
Extreme Heat,Balanced,Strong Gusts,Light Rain,spraying,URGENT,80,Avoid Spraying Today,SPRAYING: The air is calm right now. Spray your crops now before the wind picks up and wastes your medicine.,ಸಿಂಪಡಣೆ: ಗಾಳಿ ಈಗ ಶಾಂತವಾಗಿದೆ. ಗಾಳಿ ಬೀಸಿ ನಿಮ್ಮ ಔಷಧ ವ್ಯರ್ಥವಾಗುವ ಮೊದಲು ನಿಮ್ಮ ಬೆಳೆಗಳಿಗೆ ಈಗಲೇ ಸಿಂಪಡಿಸಿ.,छिड़काव: इस समय हवा शांत है। हवा चलने और दवा बर्बाद होने से पहले अपनी फसलों पर छिड़काव करें।,தெளித்தல்: காற்று இப்போது அமைதியாக இருக்கிறது. காற்று வீசி உங்கள் மருந்தை வீணாக்கும் முன் உங்கள் பயிர்களுக்கு இப்போதே தெளிக்கவும்.,స్ప్రేయింగ్: ప్రస్తుతం గాలి ప్రశాంతంగా ఉంది. గాలి వీచి మీ ఔషధం వృధా అయ్యేలోపు మీ పంటలపై ఇప్పుడే పిచికారీ చేయండి.,സ്പ്രേയിംഗ്: ഇപ്പോൾ വായു ശാന്തമാണ്. കാറ്റ് വീശി നിങ്ങളുടെ മരുന്നുകൾ പാഴാക്കുന്നതിനുമുമ്പ് നിങ്ങളുടെ വിളകൾക്ക് ഇപ്പോൾ തന്നെ തളിക്കുക.,फवारणी: सध्या हवा शांत आहे. वारा येऊन तुमचे औषध वाया जाण्यापूर्वी आत्ताच तुमच्या पिकांवर फवारणी करा.,છંટકાવ: અત્યારે હવા શાંત છે. પવન ફૂંકાય અને તમારી દવા બગાડે તે પહેલાં હમણાં જ તમારા પાક પર છંટકાવ કરો.,স্প্রে করা: বাতাস এখন শান্ত। বাতাস বইতে শুরু করে এবং আপনার ওষুধ নষ্ট করার আগে এখনই আপনার ফসলে স্প্রে করুন।,ਛਿੜਕਾਅ: ਇਸ ਵੇਲੇ ਹਵਾ ਸ਼ਾਂਤ ਹੈ। ਹਵਾ ਚੱਲਣ ਅਤੇ ਤੁਹਾਡੀ ਦਵਾਈ ਬਰਬਾਦ ਹੋਣ ਤੋਂ ਪਹਿਲਾਂ ਆਪਣੀਆਂ ਫਸਲਾਂ 'ਤੇ ਹੁਣੇ ਛਿੜਕਾਅ ਕਰੋ।,چھڑکاؤ: اس وقت ہوا پرسکون ہے۔ اپنی فصلوں پر چھڑکاؤ اس سے پہلے کہ ہوا تیز ہو جائے اور آپ کی دوائی ضائع ہو جائے۔,छर्कने: अहिले हावा शान्त छ। हावा चल्नु र तपाईंको औषधि खेर जानु अघि नै आफ्नो बालीनालीमा छर्कनुहोस्।,ସିଞ୍ଚନ: ବର୍ତ୍ତମାନ ବାୟୁ ଶାନ୍ତ ଅଛି। ପବନ ବହିବା ଏବଂ ଔଷଧ ନଷ୍ଟ କରିବା ପୂର୍ବରୁ ଏବେ ଆପଣଙ୍କ ଫସଲରେ ସିଞ୍ଚନ କରନ୍ତୁ।,Avoid Today,spray
Extreme Heat,Balanced,Strong Gusts,Light Rain,fungal_risk,URGENT,80,High Fungal Alert,DISEASE ALERT: It is very damp and warm. Check your leaves for rot and use protection to save your harvest.,ರೋಗ ಎಚ್ಚರಿಕೆ: ಇದು ತುಂಬಾ ತೇವ ಮತ್ತು ಬೆಚ್ಚಗಿರುತ್ತದೆ. ನಿಮ್ಮ ಎಲೆಗಳನ್ನು ಕೊಳೆತಕ್ಕಾಗಿ ಪರಿಶೀಲಿಸಿ ಮತ್ತು ನಿಮ್ಮ ಬೆಳೆಯನ್ನು ಉಳಿಸಲು ರಕ್ಷಣೆಯನ್ನು ಬಳಸಿ.,रोग चेतावनी: मौसम बहुत नम और गर्म है। पत्तियों में सड़न की जांच करें और अपनी फसल को बचाने के लिए सुरक्षात्मक उपाय करें।,"நோய் எச்சரிக்கை: இது மிகவும் ஈரப்பதமாகவும் சூடாகவும் இருக்கும். உங்கள் இலைகளில் அழுகல் இருக்கிறதா என்று சரிபார்த்து, உங்கள் அறுவடையை சேமிக்க பாதுகாப்பைப் பயன்படுத்துங்கள்.",వ్యాధి హెచ్చరిక: ఇది చాలా తడిగా మరియు వెచ్చగా ఉంటుంది. మీ ఆకులు తెగులు కోసం తనిఖీ చేయండి మరియు మీ పంటను కాపాడటానికి రక్షణను ఉపయోగించండి.,രോഗ മുന്നറിയിപ്പ്: ഇത് വളരെ ഈർപ്പമുള്ളതും ചൂടുള്ളതുമാണ്. നിങ്ങളുടെ ഇലകൾ അഴുകുന്നുണ്ടോ എന്ന് പരിശോധിച്ച് നിങ്ങളുടെ വിള സംരക്ഷിക്കാൻ സംരക്ഷണം ഉപയോഗിക്കുക.,रोगाचा इशारा: हे खूप ओलसर आणि उबदार आहे. तुमची पाने कुजली आहेत का ते तपासा आणि तुमचे पीक वाचवण्यासाठी संरक्षण वापरा.,રોગની ચેતવણી: તે ખૂબ જ ભેજવાળી અને ગરમ છે. તમારા પાંદડા સડી ગયા છે કે નહીં તે તપાસો અને તમારા પાકને બચાવવા માટે રક્ષણનો ઉપયોગ કરો.,রোগের সতর্কতা: এটি খুব স্যাঁতসেঁতে এবং উষ্ণ। আপনার পাতা পচে গেছে কিনা তা পরীক্ষা করুন এবং আপনার ফসল বাঁচাতে সুরক্ষা ব্যবস্থা ব্যবহার করুন।,ਬਿਮਾਰੀ ਦੀ ਚੇਤਾਵਨੀ: ਇਹ ਬਹੁਤ ਗਿੱਲਾ ਅਤੇ ਗਰਮ ਹੈ। ਆਪਣੇ ਪੱਤਿਆਂ ਦੀ ਸੜਨ ਦੀ ਜਾਂਚ ਕਰੋ ਅਤੇ ਆਪਣੀ ਫ਼ਸਲ ਨੂੰ ਬਚਾਉਣ ਲਈ ਸੁਰੱਖਿਆ ਦੀ ਵਰਤੋਂ ਕਰੋ।,بیماری کا انتباہ: یہ بہت نم اور گرم ہے۔ اپنے پتوں کو سڑنے کے لیے چیک کریں اور اپنی فصل کو بچانے کے لیے تحفظ کا استعمال کریں۔,रोगको चेतावनी: यो धेरै ओसिलो र न्यानो छ। आफ्नो पातहरू कुहिन जाँच गर्नुहोस् र आफ्नो बाली बचाउन सुरक्षा प्रयोग गर्नुहोस्।,ରୋଗ ସତର୍କତା: ଏହା ବହୁତ ଓଦା ଏବଂ ଉଷ୍ମ। ଆପଣଙ୍କ ପତ୍ର ପଚିଛି କି ନାହିଁ ଯାଞ୍ଚ କରନ୍ତୁ ଏବଂ ଆପଣଙ୍କ ଫସଲକୁ ବଞ୍ଚାଇବା ପାଇଁ ସୁରକ୍ଷା ବ୍ୟବହାର କରନ୍ତୁ।,,warning
Extreme Heat,Balanced,Strong Gusts,Light Rain,field_work,URGENT,80,Stop Field Work Now,FIELD WORK: It is getting very hot. Do your heavy work while it is still cool to keep yourself and your plants healthy.,ಕ್ಷೇತ್ರದ ಕೆಲಸ: ತುಂಬಾ ಬಿಸಿಯಾಗುತ್ತಿದೆ. ನಿಮ್ಮನ್ನು ಮತ್ತು ನಿಮ್ಮ ಸಸ್ಯಗಳನ್ನು ಆರೋಗ್ಯವಾಗಿಡಲು ತಂಪಾಗಿರುವಾಗಲೇ ನಿಮ್ಮ ಭಾರವಾದ ಕೆಲಸವನ್ನು ಮಾಡಿ.,"खेत का काम: बहुत गर्मी पड़ रही है। अपना भारी काम तब करें जब मौसम ठंडा हो, ताकि आप और आपके पौधे स्वस्थ रहें।","களப்பணி: மிகவும் சூடாகி வருகிறது. உங்களையும் உங்கள் தாவரங்களையும் ஆரோக்கியமாக வைத்திருக்க, குளிர்ச்சியாக இருக்கும்போதே உங்கள் கனமான வேலையைச் செய்யுங்கள்.",ఫీల్డ్ వర్క్: చాలా వేడిగా ఉంది. మిమ్మల్ని మరియు మీ మొక్కలను ఆరోగ్యంగా ఉంచుకోవడానికి చల్లగా ఉన్నప్పుడే మీ భారీ పని చేయండి.,വയലിലെ ജോലി: ചൂട് കൂടിവരികയാണ്. നിങ്ങളെയും നിങ്ങളുടെ ചെടികളെയും ആരോഗ്യത്തോടെ നിലനിർത്താൻ തണുപ്പുള്ളപ്പോൾ തന്നെ ഭാരിച്ച ജോലികൾ ചെയ്യുക.,शेतातील काम: खूप उष्णता वाढत आहे. स्वतःला आणि तुमच्या झाडांना निरोगी ठेवण्यासाठी थंड असतानाच तुमचे जड काम करा.,ખેતરમાં કામ: ખૂબ ગરમી પડી રહી છે. ઠંડી હોય ત્યારે ભારે કામ કરો જેથી તમારી જાતને અને તમારા છોડને સ્વસ્થ રાખી શકાય.,মাঠের কাজ: খুব গরম পড়ছে। নিজেকে এবং আপনার গাছপালা সুস্থ রাখতে ঠান্ডা থাকতেই ভারী কাজ করুন।,ਖੇਤ ਦਾ ਕੰਮ: ਬਹੁਤ ਗਰਮੀ ਪੈ ਰਹੀ ਹੈ। ਆਪਣੇ ਆਪ ਨੂੰ ਅਤੇ ਆਪਣੇ ਪੌਦਿਆਂ ਨੂੰ ਸਿਹਤਮੰਦ ਰੱਖਣ ਲਈ ਠੰਡਾ ਹੋਣ ਤੱਕ ਆਪਣਾ ਭਾਰੀ ਕੰਮ ਕਰੋ।,فیلڈ ورک: یہ بہت گرم ہو رہا ہے۔ اپنے آپ کو اور اپنے پودوں کو صحت مند رکھنے کے لیے ٹھنڈا ہونے کے دوران اپنا بھاری کام کریں۔,खेतबारीको काम: धेरै गर्मी भइरहेको छ। आफू र आफ्ना बिरुवाहरूलाई स्वस्थ राख्न चिसो हुँदा नै आफ्नो भारी काम गर्नुहोस्।,କ୍ଷେତ କାମ: ବହୁତ ଗରମ ହେଉଛି। ନିଜକୁ ଏବଂ ଆପଣଙ୍କ ଗଛଗୁଡ଼ିକୁ ସୁସ୍ଥ ରଖିବା ପାଇଁ ଥଣ୍ଡା ଥିବା ସମୟରେ ଆପଣଙ୍କର କଠିନ କାମ କରନ୍ତୁ।,Avoid Today,alert
Extreme Heat,Balanced,Strong Gusts,Heavy Rain,irrigation,URGENT,80,Stop Irrigation Now,WATERING: The ground is dry. Best to water in the early morning so the plants stay strong during the heat.,"ನೀರುಹಾಕುವುದು: ನೆಲ ಒಣಗಿದೆ. ಬೆಳಿಗ್ಗೆ ಬೇಗನೆ ನೀರು ಹಾಕುವುದು ಉತ್ತಮ, ಇದರಿಂದ ಸಸ್ಯಗಳು ಶಾಖದ ಸಮಯದಲ್ಲಿ ಬಲವಾಗಿರುತ್ತವೆ.",पानी देना: मिट्टी सूखी है। पौधों को गर्मी के दौरान स्वस्थ रखने के लिए सुबह जल्दी पानी देना सबसे अच्छा है।,"நீர்ப்பாசனம்: நிலம் வறண்டு உள்ளது. அதிகாலையில் தண்ணீர் பாய்ச்சுவது நல்லது, இதனால் வெப்பத்தின் போது தாவரங்கள் வலுவாக இருக்கும்.","నీరు త్రాగుట: నేల పొడిగా ఉంటుంది. ఉదయాన్నే నీరు పోయడం మంచిది, తద్వారా వేడి సమయంలో మొక్కలు బలంగా ఉంటాయి.","നനവ്: നിലം വരണ്ടതാണ്. അതിരാവിലെ നനയ്ക്കുന്നതാണ് നല്ലത്, അങ്ങനെ ചൂടിൽ ചെടികൾ ശക്തമായി നിലനിൽക്കും.",पाणी देणे: जमीन कोरडी आहे. सकाळी लवकर पाणी देणे चांगले जेणेकरून उष्णतेमध्ये झाडे मजबूत राहतील.,પાણી આપવું: જમીન સૂકી છે. ગરમી દરમિયાન છોડ મજબૂત રહે તે માટે વહેલી સવારે પાણી આપવું શ્રેષ્ઠ છે.,"জল দেওয়া: মাটি শুষ্ক। খুব ভোরে জল দেওয়া ভালো, যাতে গরমের সময় গাছপালা শক্তিশালী থাকে।",ਪਾਣੀ ਦੇਣਾ: ਜ਼ਮੀਨ ਸੁੱਕੀ ਹੈ। ਸਵੇਰੇ ਜਲਦੀ ਪਾਣੀ ਦੇਣਾ ਸਭ ਤੋਂ ਵਧੀਆ ਹੈ ਤਾਂ ਜੋ ਪੌਦੇ ਗਰਮੀ ਦੌਰਾਨ ਮਜ਼ਬੂਤ ​​ਰਹਿਣ।,پانی دینا: زمین خشک ہے۔ صبح سویرے پانی دینا بہتر ہے تاکہ گرمی کے دوران پودے مضبوط رہیں۔,पानी हाल्ने: जमिन सुख्खा छ। बिहान सबेरै पानी हाल्नु राम्रो हुन्छ ताकि गर्मीको समयमा बिरुवाहरू बलियो रहून्।,ପାଣି ଦେବା: ଜମି ଶୁଖିଲା ଅଛି। ଗରମ ସମୟରେ ଗଛଗୁଡ଼ିକ ଶକ୍ତିଶାଳୀ ରହିବା ପାଇଁ ସକାଳୁ ପାଣି ଦେବା ଭଲ।,Avoid Today,droplet
Extreme Heat,Balanced,Strong Gusts,Heavy Rain,spraying,URGENT,80,Avoid Spraying Today,SPRAYING: The air is calm right now. Spray your crops now before the wind picks up and wastes your medicine.,ಸಿಂಪಡಣೆ: ಗಾಳಿ ಈಗ ಶಾಂತವಾಗಿದೆ. ಗಾಳಿ ಬೀಸಿ ನಿಮ್ಮ ಔಷಧ ವ್ಯರ್ಥವಾಗುವ ಮೊದಲು ನಿಮ್ಮ ಬೆಳೆಗಳಿಗೆ ಈಗಲೇ ಸಿಂಪಡಿಸಿ.,छिड़काव: इस समय हवा शांत है। हवा चलने और दवा बर्बाद होने से पहले अपनी फसलों पर छिड़काव करें।,தெளித்தல்: காற்று இப்போது அமைதியாக இருக்கிறது. காற்று வீசி உங்கள் மருந்தை வீணாக்கும் முன் உங்கள் பயிர்களுக்கு இப்போதே தெளிக்கவும்.,స్ప్రేయింగ్: ప్రస్తుతం గాలి ప్రశాంతంగా ఉంది. గాలి వీచి మీ ఔషధం వృధా అయ్యేలోపు మీ పంటలపై ఇప్పుడే పిచికారీ చేయండి.,സ്പ്രേയിംഗ്: ഇപ്പോൾ വായു ശാന്തമാണ്. കാറ്റ് വീശി നിങ്ങളുടെ മരുന്നുകൾ പാഴാക്കുന്നതിനുമുമ്പ് നിങ്ങളുടെ വിളകൾക്ക് ഇപ്പോൾ തന്നെ തളിക്കുക.,फवारणी: सध्या हवा शांत आहे. वारा येऊन तुमचे औषध वाया जाण्यापूर्वी आत्ताच तुमच्या पिकांवर फवारणी करा.,છંટકાવ: અત્યારે હવા શાંત છે. પવન ફૂંકાય અને તમારી દવા બગાડે તે પહેલાં હમણાં જ તમારા પાક પર છંટકાવ કરો.,স্প্রে করা: বাতাস এখন শান্ত। বাতাস বইতে শুরু করে এবং আপনার ওষুধ নষ্ট করার আগে এখনই আপনার ফসলে স্প্রে করুন।,ਛਿੜਕਾਅ: ਇਸ ਵੇਲੇ ਹਵਾ ਸ਼ਾਂਤ ਹੈ। ਹਵਾ ਚੱਲਣ ਅਤੇ ਤੁਹਾਡੀ ਦਵਾਈ ਬਰਬਾਦ ਹੋਣ ਤੋਂ ਪਹਿਲਾਂ ਆਪਣੀਆਂ ਫਸਲਾਂ 'ਤੇ ਹੁਣੇ ਛਿੜਕਾਅ ਕਰੋ।,چھڑکاؤ: اس وقت ہوا پرسکون ہے۔ اپنی فصلوں پر چھڑکاؤ اس سے پہلے کہ ہوا تیز ہو جائے اور آپ کی دوائی ضائع ہو جائے۔,छर्कने: अहिले हावा शान्त छ। हावा चल्नु र तपाईंको औषधि खेर जानु अघि नै आफ्नो बालीनालीमा छर्कनुहोस्।,ସିଞ୍ଚନ: ବର୍ତ୍ତମାନ ବାୟୁ ଶାନ୍ତ ଅଛି। ପବନ ବହିବା ଏବଂ ଔଷଧ ନଷ୍ଟ କରିବା ପୂର୍ବରୁ ଏବେ ଆପଣଙ୍କ ଫସଲରେ ସିଞ୍ଚନ କରନ୍ତୁ।,Avoid Today,spray
Extreme Heat,Balanced,Strong Gusts,Heavy Rain,fungal_risk,URGENT,80,High Fungal Alert,DISEASE ALERT: It is very damp and warm. Check your leaves for rot and use protection to save your harvest.,ರೋಗ ಎಚ್ಚರಿಕೆ: ಇದು ತುಂಬಾ ತೇವ ಮತ್ತು ಬೆಚ್ಚಗಿರುತ್ತದೆ. ನಿಮ್ಮ ಎಲೆಗಳನ್ನು ಕೊಳೆತಕ್ಕಾಗಿ ಪರಿಶೀಲಿಸಿ ಮತ್ತು ನಿಮ್ಮ ಬೆಳೆಯನ್ನು ಉಳಿಸಲು ರಕ್ಷಣೆಯನ್ನು ಬಳಸಿ.,रोग चेतावनी: मौसम बहुत नम और गर्म है। पत्तियों में सड़न की जांच करें और अपनी फसल को बचाने के लिए सुरक्षात्मक उपाय करें।,"நோய் எச்சரிக்கை: இது மிகவும் ஈரப்பதமாகவும் சூடாகவும் இருக்கும். உங்கள் இலைகளில் அழுகல் இருக்கிறதா என்று சரிபார்த்து, உங்கள் அறுவடையை சேமிக்க பாதுகாப்பைப் பயன்படுத்துங்கள்.",వ్యాధి హెచ్చరిక: ఇది చాలా తడిగా మరియు వెచ్చగా ఉంటుంది. మీ ఆకులు తెగులు కోసం తనిఖీ చేయండి మరియు మీ పంటను కాపాడటానికి రక్షణను ఉపయోగించండి.,രോഗ മുന്നറിയിപ്പ്: ഇത് വളരെ ഈർപ്പമുള്ളതും ചൂടുള്ളതുമാണ്. നിങ്ങളുടെ ഇലകൾ അഴുകുന്നുണ്ടോ എന്ന് പരിശോധിച്ച് നിങ്ങളുടെ വിള സംരക്ഷിക്കാൻ സംരക്ഷണം ഉപയോഗിക്കുക.,रोगाचा इशारा: हे खूप ओलसर आणि उबदार आहे. तुमची पाने कुजली आहेत का ते तपासा आणि तुमचे पीक वाचवण्यासाठी संरक्षण वापरा.,રોગની ચેતવણી: તે ખૂબ જ ભેજવાળી અને ગરમ છે. તમારા પાંદડા સડી ગયા છે કે નહીં તે તપાસો અને તમારા પાકને બચાવવા માટે રક્ષણનો ઉપયોગ કરો.,রোগের সতর্কতা: এটি খুব স্যাঁতসেঁতে এবং উষ্ণ। আপনার পাতা পচে গেছে কিনা তা পরীক্ষা করুন এবং আপনার ফসল বাঁচাতে সুরক্ষা ব্যবস্থা ব্যবহার করুন।,ਬਿਮਾਰੀ ਦੀ ਚੇਤਾਵਨੀ: ਇਹ ਬਹੁਤ ਗਿੱਲਾ ਅਤੇ ਗਰਮ ਹੈ। ਆਪਣੇ ਪੱਤਿਆਂ ਦੀ ਸੜਨ ਦੀ ਜਾਂਚ ਕਰੋ ਅਤੇ ਆਪਣੀ ਫ਼ਸਲ ਨੂੰ ਬਚਾਉਣ ਲਈ ਸੁਰੱਖਿਆ ਦੀ ਵਰਤੋਂ ਕਰੋ।,بیماری کا انتباہ: یہ بہت نم اور گرم ہے۔ اپنے پتوں کو سڑنے کے لیے چیک کریں اور اپنی فصل کو بچانے کے لیے تحفظ کا استعمال کریں۔,रोगको चेतावनी: यो धेरै ओसिलो र न्यानो छ। आफ्नो पातहरू कुहिन जाँच गर्नुहोस् र आफ्नो बाली बचाउन सुरक्षा प्रयोग गर्नुहोस्।,ରୋଗ ସତର୍କତା: ଏହା ବହୁତ ଓଦା ଏବଂ ଉଷ୍ମ। ଆପଣଙ୍କ ପତ୍ର ପଚିଛି କି ନାହିଁ ଯାଞ୍ଚ କରନ୍ତୁ ଏବଂ ଆପଣଙ୍କ ଫସଲକୁ ବଞ୍ଚାଇବା ପାଇଁ ସୁରକ୍ଷା ବ୍ୟବହାର କରନ୍ତୁ।,,warning
Extreme Heat,Balanced,Strong Gusts,Heavy Rain,field_work,URGENT,80,Stop Field Work Now,FIELD WORK: It is getting very hot. Do your heavy work while it is still cool to keep yourself and your plants healthy.,ಕ್ಷೇತ್ರದ ಕೆಲಸ: ತುಂಬಾ ಬಿಸಿಯಾಗುತ್ತಿದೆ. ನಿಮ್ಮನ್ನು ಮತ್ತು ನಿಮ್ಮ ಸಸ್ಯಗಳನ್ನು ಆರೋಗ್ಯವಾಗಿಡಲು ತಂಪಾಗಿರುವಾಗಲೇ ನಿಮ್ಮ ಭಾರವಾದ ಕೆಲಸವನ್ನು ಮಾಡಿ.,"खेत का काम: बहुत गर्मी पड़ रही है। अपना भारी काम तब करें जब मौसम ठंडा हो, ताकि आप और आपके पौधे स्वस्थ रहें।","களப்பணி: மிகவும் சூடாகி வருகிறது. உங்களையும் உங்கள் தாவரங்களையும் ஆரோக்கியமாக வைத்திருக்க, குளிர்ச்சியாக இருக்கும்போதே உங்கள் கனமான வேலையைச் செய்யுங்கள்.",ఫీల్డ్ వర్క్: చాలా వేడిగా ఉంది. మిమ్మల్ని మరియు మీ మొక్కలను ఆరోగ్యంగా ఉంచుకోవడానికి చల్లగా ఉన్నప్పుడే మీ భారీ పని చేయండి.,വയലിലെ ജോലി: ചൂട് കൂടിവരികയാണ്. നിങ്ങളെയും നിങ്ങളുടെ ചെടികളെയും ആരോഗ്യത്തോടെ നിലനിർത്താൻ തണുപ്പുള്ളപ്പോൾ തന്നെ ഭാരിച്ച ജോലികൾ ചെയ്യുക.,शेतातील काम: खूप उष्णता वाढत आहे. स्वतःला आणि तुमच्या झाडांना निरोगी ठेवण्यासाठी थंड असतानाच तुमचे जड काम करा.,ખેતરમાં કામ: ખૂબ ગરમી પડી રહી છે. ઠંડી હોય ત્યારે ભારે કામ કરો જેથી તમારી જાતને અને તમારા છોડને સ્વસ્થ રાખી શકાય.,মাঠের কাজ: খুব গরম পড়ছে। নিজেকে এবং আপনার গাছপালা সুস্থ রাখতে ঠান্ডা থাকতেই ভারী কাজ করুন।,ਖੇਤ ਦਾ ਕੰਮ: ਬਹੁਤ ਗਰਮੀ ਪੈ ਰਹੀ ਹੈ। ਆਪਣੇ ਆਪ ਨੂੰ ਅਤੇ ਆਪਣੇ ਪੌਦਿਆਂ ਨੂੰ ਸਿਹਤਮੰਦ ਰੱਖਣ ਲਈ ਠੰਡਾ ਹੋਣ ਤੱਕ ਆਪਣਾ ਭਾਰੀ ਕੰਮ ਕਰੋ।,فیلڈ ورک: یہ بہت گرم ہو رہا ہے۔ اپنے آپ کو اور اپنے پودوں کو صحت مند رکھنے کے لیے ٹھنڈا ہونے کے دوران اپنا بھاری کام کریں۔,खेतबारीको काम: धेरै गर्मी भइरहेको छ। आफू र आफ्ना बिरुवाहरूलाई स्वस्थ राख्न चिसो हुँदा नै आफ्नो भारी काम गर्नुहोस्।,କ୍ଷେତ କାମ: ବହୁତ ଗରମ ହେଉଛି। ନିଜକୁ ଏବଂ ଆପଣଙ୍କ ଗଛଗୁଡ଼ିକୁ ସୁସ୍ଥ ରଖିବା ପାଇଁ ଥଣ୍ଡା ଥିବା ସମୟରେ ଆପଣଙ୍କର କଠିନ କାମ କରନ୍ତୁ।,Avoid Today,alert
Extreme Heat,Humid,Calm,Dry,irrigation,CAUTION,45,Irrigation Caution,WATERING: The ground is dry. Best to water in the early morning so the plants stay strong during the heat.,"ನೀರುಹಾಕುವುದು: ನೆಲ ಒಣಗಿದೆ. ಬೆಳಿಗ್ಗೆ ಬೇಗನೆ ನೀರು ಹಾಕುವುದು ಉತ್ತಮ, ಇದರಿಂದ ಸಸ್ಯಗಳು ಶಾಖದ ಸಮಯದಲ್ಲಿ ಬಲವಾಗಿರುತ್ತವೆ.",पानी देना: मिट्टी सूखी है। पौधों को गर्मी के दौरान स्वस्थ रखने के लिए सुबह जल्दी पानी देना सबसे अच्छा है।,"நீர்ப்பாசனம்: நிலம் வறண்டு உள்ளது. அதிகாலையில் தண்ணீர் பாய்ச்சுவது நல்லது, இதனால் வெப்பத்தின் போது தாவரங்கள் வலுவாக இருக்கும்.","నీరు త్రాగుట: నేల పొడిగా ఉంటుంది. ఉదయాన్నే నీరు పోయడం మంచిది, తద్వారా వేడి సమయంలో మొక్కలు బలంగా ఉంటాయి.","നനവ്: നിലം വരണ്ടതാണ്. അതിരാവിലെ നനയ്ക്കുന്നതാണ് നല്ലത്, അങ്ങനെ ചൂടിൽ ചെടികൾ ശക്തമായി നിലനിൽക്കും.",पाणी देणे: जमीन कोरडी आहे. सकाळी लवकर पाणी देणे चांगले जेणेकरून उष्णतेमध्ये झाडे मजबूत राहतील.,પાણી આપવું: જમીન સૂકી છે. ગરમી દરમિયાન છોડ મજબૂત રહે તે માટે વહેલી સવારે પાણી આપવું શ્રેષ્ઠ છે.,"জল দেওয়া: মাটি শুষ্ক। খুব ভোরে জল দেওয়া ভালো, যাতে গরমের সময় গাছপালা শক্তিশালী থাকে।",ਪਾਣੀ ਦੇਣਾ: ਜ਼ਮੀਨ ਸੁੱਕੀ ਹੈ। ਸਵੇਰੇ ਜਲਦੀ ਪਾਣੀ ਦੇਣਾ ਸਭ ਤੋਂ ਵਧੀਆ ਹੈ ਤਾਂ ਜੋ ਪੌਦੇ ਗਰਮੀ ਦੌਰਾਨ ਮਜ਼ਬੂਤ ​​ਰਹਿਣ।,پانی دینا: زمین خشک ہے۔ صبح سویرے پانی دینا بہتر ہے تاکہ گرمی کے دوران پودے مضبوط رہیں۔,पानी हाल्ने: जमिन सुख्खा छ। बिहान सबेरै पानी हाल्नु राम्रो हुन्छ ताकि गर्मीको समयमा बिरुवाहरू बलियो रहून्।,ପାଣି ଦେବା: ଜମି ଶୁଖିଲା ଅଛି। ଗରମ ସମୟରେ ଗଛଗୁଡ଼ିକ ଶକ୍ତିଶାଳୀ ରହିବା ପାଇଁ ସକାଳୁ ପାଣି ଦେବା ଭଲ।,Before 8 AM,droplet
Extreme Heat,Humid,Calm,Dry,spraying,CAUTION,45,Spray With Caution,SPRAYING: The air is calm right now. Spray your crops now before the wind picks up and wastes your medicine.,ಸಿಂಪಡಣೆ: ಗಾಳಿ ಈಗ ಶಾಂತವಾಗಿದೆ. ಗಾಳಿ ಬೀಸಿ ನಿಮ್ಮ ಔಷಧ ವ್ಯರ್ಥವಾಗುವ ಮೊದಲು ನಿಮ್ಮ ಬೆಳೆಗಳಿಗೆ ಈಗಲೇ ಸಿಂಪಡಿಸಿ.,छिड़काव: इस समय हवा शांत है। हवा चलने और दवा बर्बाद होने से पहले अपनी फसलों पर छिड़काव करें।,தெளித்தல்: காற்று இப்போது அமைதியாக இருக்கிறது. காற்று வீசி உங்கள் மருந்தை வீணாக்கும் முன் உங்கள் பயிர்களுக்கு இப்போதே தெளிக்கவும்.,స్ప్రేయింగ్: ప్రస్తుతం గాలి ప్రశాంతంగా ఉంది. గాలి వీచి మీ ఔషధం వృధా అయ్యేలోపు మీ పంటలపై ఇప్పుడే పిచికారీ చేయండి.,സ്പ്രേയിംഗ്: ഇപ്പോൾ വായു ശാന്തമാണ്. കാറ്റ് വീശി നിങ്ങളുടെ മരുന്നുകൾ പാഴാക്കുന്നതിനുമുമ്പ് നിങ്ങളുടെ വിളകൾക്ക് ഇപ്പോൾ തന്നെ തളിക്കുക.,फवारणी: सध्या हवा शांत आहे. वारा येऊन तुमचे औषध वाया जाण्यापूर्वी आत्ताच तुमच्या पिकांवर फवारणी करा.,છંટકાવ: અત્યારે હવા શાંત છે. પવન ફૂંકાય અને તમારી દવા બગાડે તે પહેલાં હમણાં જ તમારા પાક પર છંટકાવ કરો.,স্প্রে করা: বাতাস এখন শান্ত। বাতাস বইতে শুরু করে এবং আপনার ওষুধ নষ্ট করার আগে এখনই আপনার ফসলে স্প্রে করুন।,ਛਿੜਕਾਅ: ਇਸ ਵੇਲੇ ਹਵਾ ਸ਼ਾਂਤ ਹੈ। ਹਵਾ ਚੱਲਣ ਅਤੇ ਤੁਹਾਡੀ ਦਵਾਈ ਬਰਬਾਦ ਹੋਣ ਤੋਂ ਪਹਿਲਾਂ ਆਪਣੀਆਂ ਫਸਲਾਂ 'ਤੇ ਹੁਣੇ ਛਿੜਕਾਅ ਕਰੋ।,چھڑکاؤ: اس وقت ہوا پرسکون ہے۔ اپنی فصلوں پر چھڑکاؤ اس سے پہلے کہ ہوا تیز ہو جائے اور آپ کی دوائی ضائع ہو جائے۔,छर्कने: अहिले हावा शान्त छ। हावा चल्नु र तपाईंको औषधि खेर जानु अघि नै आफ्नो बालीनालीमा छर्कनुहोस्।,ସିଞ୍ଚନ: ବର୍ତ୍ତମାନ ବାୟୁ ଶାନ୍ତ ଅଛି। ପବନ ବହିବା ଏବଂ ଔଷଧ ନଷ୍ଟ କରିବା ପୂର୍ବରୁ ଏବେ ଆପଣଙ୍କ ଫସଲରେ ସିଞ୍ଚନ କରନ୍ତୁ।,Before 10 AM,spray
Extreme Heat,Humid,Calm,Dry,fungal_risk,CAUTION,45,Monitor Fungal Risk,DISEASE ALERT: It is very damp and warm. Check your leaves for rot and use protection to save your harvest.,ರೋಗ ಎಚ್ಚರಿಕೆ: ಇದು ತುಂಬಾ ತೇವ ಮತ್ತು ಬೆಚ್ಚಗಿರುತ್ತದೆ. ನಿಮ್ಮ ಎಲೆಗಳನ್ನು ಕೊಳೆತಕ್ಕಾಗಿ ಪರಿಶೀಲಿಸಿ ಮತ್ತು ನಿಮ್ಮ ಬೆಳೆಯನ್ನು ಉಳಿಸಲು ರಕ್ಷಣೆಯನ್ನು ಬಳಸಿ.,रोग चेतावनी: मौसम बहुत नम और गर्म है। पत्तियों में सड़न की जांच करें और अपनी फसल को बचाने के लिए सुरक्षात्मक उपाय करें।,"நோய் எச்சரிக்கை: இது மிகவும் ஈரப்பதமாகவும் சூடாகவும் இருக்கும். உங்கள் இலைகளில் அழுகல் இருக்கிறதா என்று சரிபார்த்து, உங்கள் அறுவடையை சேமிக்க பாதுகாப்பைப் பயன்படுத்துங்கள்.",వ్యాధి హెచ్చరిక: ఇది చాలా తడిగా మరియు వెచ్చగా ఉంటుంది. మీ ఆకులు తెగులు కోసం తనిఖీ చేయండి మరియు మీ పంటను కాపాడటానికి రక్షణను ఉపయోగించండి.,രോഗ മുന്നറിയിപ്പ്: ഇത് വളരെ ഈർപ്പമുള്ളതും ചൂടുള്ളതുമാണ്. നിങ്ങളുടെ ഇലകൾ അഴുകുന്നുണ്ടോ എന്ന് പരിശോധിച്ച് നിങ്ങളുടെ വിള സംരക്ഷിക്കാൻ സംരക്ഷണം ഉപയോഗിക്കുക.,रोगाचा इशारा: हे खूप ओलसर आणि उबदार आहे. तुमची पाने कुजली आहेत का ते तपासा आणि तुमचे पीक वाचवण्यासाठी संरक्षण वापरा.,રોગની ચેતવણી: તે ખૂબ જ ભેજવાળી અને ગરમ છે. તમારા પાંદડા સડી ગયા છે કે નહીં તે તપાસો અને તમારા પાકને બચાવવા માટે રક્ષણનો ઉપયોગ કરો.,রোগের সতর্কতা: এটি খুব স্যাঁতসেঁতে এবং উষ্ণ। আপনার পাতা পচে গেছে কিনা তা পরীক্ষা করুন এবং আপনার ফসল বাঁচাতে সুরক্ষা ব্যবস্থা ব্যবহার করুন।,ਬਿਮਾਰੀ ਦੀ ਚੇਤਾਵਨੀ: ਇਹ ਬਹੁਤ ਗਿੱਲਾ ਅਤੇ ਗਰਮ ਹੈ। ਆਪਣੇ ਪੱਤਿਆਂ ਦੀ ਸੜਨ ਦੀ ਜਾਂਚ ਕਰੋ ਅਤੇ ਆਪਣੀ ਫ਼ਸਲ ਨੂੰ ਬਚਾਉਣ ਲਈ ਸੁਰੱਖਿਆ ਦੀ ਵਰਤੋਂ ਕਰੋ।,بیماری کا انتباہ: یہ بہت نم اور گرم ہے۔ اپنے پتوں کو سڑنے کے لیے چیک کریں اور اپنی فصل کو بچانے کے لیے تحفظ کا استعمال کریں۔,रोगको चेतावनी: यो धेरै ओसिलो र न्यानो छ। आफ्नो पातहरू कुहिन जाँच गर्नुहोस् र आफ्नो बाली बचाउन सुरक्षा प्रयोग गर्नुहोस्।,ରୋଗ ସତର୍କତା: ଏହା ବହୁତ ଓଦା ଏବଂ ଉଷ୍ମ। ଆପଣଙ୍କ ପତ୍ର ପଚିଛି କି ନାହିଁ ଯାଞ୍ଚ କରନ୍ତୁ ଏବଂ ଆପଣଙ୍କ ଫସଲକୁ ବଞ୍ଚାଇବା ପାଇଁ ସୁରକ୍ଷା ବ୍ୟବହାର କରନ୍ତୁ।,,warning
Extreme Heat,Humid,Calm,Dry,field_work,CAUTION,45,Limit Field Work Hours,FIELD WORK: It is getting very hot. Do your heavy work while it is still cool to keep yourself and your plants healthy.,ಕ್ಷೇತ್ರದ ಕೆಲಸ: ತುಂಬಾ ಬಿಸಿಯಾಗುತ್ತಿದೆ. ನಿಮ್ಮನ್ನು ಮತ್ತು ನಿಮ್ಮ ಸಸ್ಯಗಳನ್ನು ಆರೋಗ್ಯವಾಗಿಡಲು ತಂಪಾಗಿರುವಾಗಲೇ ನಿಮ್ಮ ಭಾರವಾದ ಕೆಲಸವನ್ನು ಮಾಡಿ.,"खेत का काम: बहुत गर्मी पड़ रही है। अपना भारी काम तब करें जब मौसम ठंडा हो, ताकि आप और आपके पौधे स्वस्थ रहें।","களப்பணி: மிகவும் சூடாகி வருகிறது. உங்களையும் உங்கள் தாவரங்களையும் ஆரோக்கியமாக வைத்திருக்க, குளிர்ச்சியாக இருக்கும்போதே உங்கள் கனமான வேலையைச் செய்யுங்கள்.",ఫీల్డ్ వర్క్: చాలా వేడిగా ఉంది. మిమ్మల్ని మరియు మీ మొక్కలను ఆరోగ్యంగా ఉంచుకోవడానికి చల్లగా ఉన్నప్పుడే మీ భారీ పని చేయండి.,വയലിലെ ജോലി: ചൂട് കൂടിവരികയാണ്. നിങ്ങളെയും നിങ്ങളുടെ ചെടികളെയും ആരോഗ്യത്തോടെ നിലനിർത്താൻ തണുപ്പുള്ളപ്പോൾ തന്നെ ഭാരിച്ച ജോലികൾ ചെയ്യുക.,शेतातील काम: खूप उष्णता वाढत आहे. स्वतःला आणि तुमच्या झाडांना निरोगी ठेवण्यासाठी थंड असतानाच तुमचे जड काम करा.,ખેતરમાં કામ: ખૂબ ગરમી પડી રહી છે. ઠંડી હોય ત્યારે ભારે કામ કરો જેથી તમારી જાતને અને તમારા છોડને સ્વસ્થ રાખી શકાય.,মাঠের কাজ: খুব গরম পড়ছে। নিজেকে এবং আপনার গাছপালা সুস্থ রাখতে ঠান্ডা থাকতেই ভারী কাজ করুন।,ਖੇਤ ਦਾ ਕੰਮ: ਬਹੁਤ ਗਰਮੀ ਪੈ ਰਹੀ ਹੈ। ਆਪਣੇ ਆਪ ਨੂੰ ਅਤੇ ਆਪਣੇ ਪੌਦਿਆਂ ਨੂੰ ਸਿਹਤਮੰਦ ਰੱਖਣ ਲਈ ਠੰਡਾ ਹੋਣ ਤੱਕ ਆਪਣਾ ਭਾਰੀ ਕੰਮ ਕਰੋ।,فیلڈ ورک: یہ بہت گرم ہو رہا ہے۔ اپنے آپ کو اور اپنے پودوں کو صحت مند رکھنے کے لیے ٹھنڈا ہونے کے دوران اپنا بھاری کام کریں۔,खेतबारीको काम: धेरै गर्मी भइरहेको छ। आफू र आफ्ना बिरुवाहरूलाई स्वस्थ राख्न चिसो हुँदा नै आफ्नो भारी काम गर्नुहोस्।,କ୍ଷେତ କାମ: ବହୁତ ଗରମ ହେଉଛି। ନିଜକୁ ଏବଂ ଆପଣଙ୍କ ଗଛଗୁଡ଼ିକୁ ସୁସ୍ଥ ରଖିବା ପାଇଁ ଥଣ୍ଡା ଥିବା ସମୟରେ ଆପଣଙ୍କର କଠିନ କାମ କରନ୍ତୁ।,Before 10 AM or After 5 PM,tractor
Extreme Heat,Humid,Calm,Light Rain,irrigation,CAUTION,45,Irrigation Caution,WATERING: The ground is dry. Best to water in the early morning so the plants stay strong during the heat.,"ನೀರುಹಾಕುವುದು: ನೆಲ ಒಣಗಿದೆ. ಬೆಳಿಗ್ಗೆ ಬೇಗನೆ ನೀರು ಹಾಕುವುದು ಉತ್ತಮ, ಇದರಿಂದ ಸಸ್ಯಗಳು ಶಾಖದ ಸಮಯದಲ್ಲಿ ಬಲವಾಗಿರುತ್ತವೆ.",पानी देना: मिट्टी सूखी है। पौधों को गर्मी के दौरान स्वस्थ रखने के लिए सुबह जल्दी पानी देना सबसे अच्छा है।,"நீர்ப்பாசனம்: நிலம் வறண்டு உள்ளது. அதிகாலையில் தண்ணீர் பாய்ச்சுவது நல்லது, இதனால் வெப்பத்தின் போது தாவரங்கள் வலுவாக இருக்கும்.","నీరు త్రాగుట: నేల పొడిగా ఉంటుంది. ఉదయాన్నే నీరు పోయడం మంచిది, తద్వారా వేడి సమయంలో మొక్కలు బలంగా ఉంటాయి.","നനവ്: നിലം വരണ്ടതാണ്. അതിരാവിലെ നനയ്ക്കുന്നതാണ് നല്ലത്, അങ്ങനെ ചൂടിൽ ചെടികൾ ശക്തമായി നിലനിൽക്കും.",पाणी देणे: जमीन कोरडी आहे. सकाळी लवकर पाणी देणे चांगले जेणेकरून उष्णतेमध्ये झाडे मजबूत राहतील.,પાણી આપવું: જમીન સૂકી છે. ગરમી દરમિયાન છોડ મજબૂત રહે તે માટે વહેલી સવારે પાણી આપવું શ્રેષ્ઠ છે.,"জল দেওয়া: মাটি শুষ্ক। খুব ভোরে জল দেওয়া ভালো, যাতে গরমের সময় গাছপালা শক্তিশালী থাকে।",ਪਾਣੀ ਦੇਣਾ: ਜ਼ਮੀਨ ਸੁੱਕੀ ਹੈ। ਸਵੇਰੇ ਜਲਦੀ ਪਾਣੀ ਦੇਣਾ ਸਭ ਤੋਂ ਵਧੀਆ ਹੈ ਤਾਂ ਜੋ ਪੌਦੇ ਗਰਮੀ ਦੌਰਾਨ ਮਜ਼ਬੂਤ ​​ਰਹਿਣ।,پانی دینا: زمین خشک ہے۔ صبح سویرے پانی دینا بہتر ہے تاکہ گرمی کے دوران پودے مضبوط رہیں۔,पानी हाल्ने: जमिन सुख्खा छ। बिहान सबेरै पानी हाल्नु राम्रो हुन्छ ताकि गर्मीको समयमा बिरुवाहरू बलियो रहून्।,ପାଣି ଦେବା: ଜମି ଶୁଖିଲା ଅଛି। ଗରମ ସମୟରେ ଗଛଗୁଡ଼ିକ ଶକ୍ତିଶାଳୀ ରହିବା ପାଇଁ ସକାଳୁ ପାଣି ଦେବା ଭଲ।,Before 8 AM,droplet
Extreme Heat,Humid,Calm,Light Rain,spraying,CAUTION,45,Spray With Caution,SPRAYING: The air is calm right now. Spray your crops now before the wind picks up and wastes your medicine.,ಸಿಂಪಡಣೆ: ಗಾಳಿ ಈಗ ಶಾಂತವಾಗಿದೆ. ಗಾಳಿ ಬೀಸಿ ನಿಮ್ಮ ಔಷಧ ವ್ಯರ್ಥವಾಗುವ ಮೊದಲು ನಿಮ್ಮ ಬೆಳೆಗಳಿಗೆ ಈಗಲೇ ಸಿಂಪಡಿಸಿ.,छिड़काव: इस समय हवा शांत है। हवा चलने और दवा बर्बाद होने से पहले अपनी फसलों पर छिड़काव करें।,தெளித்தல்: காற்று இப்போது அமைதியாக இருக்கிறது. காற்று வீசி உங்கள் மருந்தை வீணாக்கும் முன் உங்கள் பயிர்களுக்கு இப்போதே தெளிக்கவும்.,స్ప్రేయింగ్: ప్రస్తుతం గాలి ప్రశాంతంగా ఉంది. గాలి వీచి మీ ఔషధం వృధా అయ్యేలోపు మీ పంటలపై ఇప్పుడే పిచికారీ చేయండి.,സ്പ്രേയിംഗ്: ഇപ്പോൾ വായു ശാന്തമാണ്. കാറ്റ് വീശി നിങ്ങളുടെ മരുന്നുകൾ പാഴാക്കുന്നതിനുമുമ്പ് നിങ്ങളുടെ വിളകൾക്ക് ഇപ്പോൾ തന്നെ തളിക്കുക.,फवारणी: सध्या हवा शांत आहे. वारा येऊन तुमचे औषध वाया जाण्यापूर्वी आत्ताच तुमच्या पिकांवर फवारणी करा.,છંટકાવ: અત્યારે હવા શાંત છે. પવન ફૂંકાય અને તમારી દવા બગાડે તે પહેલાં હમણાં જ તમારા પાક પર છંટકાવ કરો.,স্প্রে করা: বাতাস এখন শান্ত। বাতাস বইতে শুরু করে এবং আপনার ওষুধ নষ্ট করার আগে এখনই আপনার ফসলে স্প্রে করুন।,ਛਿੜਕਾਅ: ਇਸ ਵੇਲੇ ਹਵਾ ਸ਼ਾਂਤ ਹੈ। ਹਵਾ ਚੱਲਣ ਅਤੇ ਤੁਹਾਡੀ ਦਵਾਈ ਬਰਬਾਦ ਹੋਣ ਤੋਂ ਪਹਿਲਾਂ ਆਪਣੀਆਂ ਫਸਲਾਂ 'ਤੇ ਹੁਣੇ ਛਿੜਕਾਅ ਕਰੋ।,چھڑکاؤ: اس وقت ہوا پرسکون ہے۔ اپنی فصلوں پر چھڑکاؤ اس سے پہلے کہ ہوا تیز ہو جائے اور آپ کی دوائی ضائع ہو جائے۔,छर्कने: अहिले हावा शान्त छ। हावा चल्नु र तपाईंको औषधि खेर जानु अघि नै आफ्नो बालीनालीमा छर्कनुहोस्।,ସିଞ୍ଚନ: ବର୍ତ୍ତମାନ ବାୟୁ ଶାନ୍ତ ଅଛି। ପବନ ବହିବା ଏବଂ ଔଷଧ ନଷ୍ଟ କରିବା ପୂର୍ବରୁ ଏବେ ଆପଣଙ୍କ ଫସଲରେ ସିଞ୍ଚନ କରନ୍ତୁ।,Before 10 AM,spray
Extreme Heat,Humid,Calm,Light Rain,fungal_risk,CAUTION,45,Monitor Fungal Risk,DISEASE ALERT: It is very damp and warm. Check your leaves for rot and use protection to save your harvest.,ರೋಗ ಎಚ್ಚರಿಕೆ: ಇದು ತುಂಬಾ ತೇವ ಮತ್ತು ಬೆಚ್ಚಗಿರುತ್ತದೆ. ನಿಮ್ಮ ಎಲೆಗಳನ್ನು ಕೊಳೆತಕ್ಕಾಗಿ ಪರಿಶೀಲಿಸಿ ಮತ್ತು ನಿಮ್ಮ ಬೆಳೆಯನ್ನು ಉಳಿಸಲು ರಕ್ಷಣೆಯನ್ನು ಬಳಸಿ.,रोग चेतावनी: मौसम बहुत नम और गर्म है। पत्तियों में सड़न की जांच करें और अपनी फसल को बचाने के लिए सुरक्षात्मक उपाय करें।,"நோய் எச்சரிக்கை: இது மிகவும் ஈரப்பதமாகவும் சூடாகவும் இருக்கும். உங்கள் இலைகளில் அழுகல் இருக்கிறதா என்று சரிபார்த்து, உங்கள் அறுவடையை சேமிக்க பாதுகாப்பைப் பயன்படுத்துங்கள்.",వ్యాధి హెచ్చరిక: ఇది చాలా తడిగా మరియు వెచ్చగా ఉంటుంది. మీ ఆకులు తెగులు కోసం తనిఖీ చేయండి మరియు మీ పంటను కాపాడటానికి రక్షణను ఉపయోగించండి.,രോഗ മുന്നറിയിപ്പ്: ഇത് വളരെ ഈർപ്പമുള്ളതും ചൂടുള്ളതുമാണ്. നിങ്ങളുടെ ഇലകൾ അഴുകുന്നുണ്ടോ എന്ന് പരിശോധിച്ച് നിങ്ങളുടെ വിള സംരക്ഷിക്കാൻ സംരക്ഷണം ഉപയോഗിക്കുക.,रोगाचा इशारा: हे खूप ओलसर आणि उबदार आहे. तुमची पाने कुजली आहेत का ते तपासा आणि तुमचे पीक वाचवण्यासाठी संरक्षण वापरा.,રોગની ચેતવણી: તે ખૂબ જ ભેજવાળી અને ગરમ છે. તમારા પાંદડા સડી ગયા છે કે નહીં તે તપાસો અને તમારા પાકને બચાવવા માટે રક્ષણનો ઉપયોગ કરો.,রোগের সতর্কতা: এটি খুব স্যাঁতসেঁতে এবং উষ্ণ। আপনার পাতা পচে গেছে কিনা তা পরীক্ষা করুন এবং আপনার ফসল বাঁচাতে সুরক্ষা ব্যবস্থা ব্যবহার করুন।,ਬਿਮਾਰੀ ਦੀ ਚੇਤਾਵਨੀ: ਇਹ ਬਹੁਤ ਗਿੱਲਾ ਅਤੇ ਗਰਮ ਹੈ। ਆਪਣੇ ਪੱਤਿਆਂ ਦੀ ਸੜਨ ਦੀ ਜਾਂਚ ਕਰੋ ਅਤੇ ਆਪਣੀ ਫ਼ਸਲ ਨੂੰ ਬਚਾਉਣ ਲਈ ਸੁਰੱਖਿਆ ਦੀ ਵਰਤੋਂ ਕਰੋ।,بیماری کا انتباہ: یہ بہت نم اور گرم ہے۔ اپنے پتوں کو سڑنے کے لیے چیک کریں اور اپنی فصل کو بچانے کے لیے تحفظ کا استعمال کریں۔,रोगको चेतावनी: यो धेरै ओसिलो र न्यानो छ। आफ्नो पातहरू कुहिन जाँच गर्नुहोस् र आफ्नो बाली बचाउन सुरक्षा प्रयोग गर्नुहोस्।,ରୋଗ ସତର୍କତା: ଏହା ବହୁତ ଓଦା ଏବଂ ଉଷ୍ମ। ଆପଣଙ୍କ ପତ୍ର ପଚିଛି କି ନାହିଁ ଯାଞ୍ଚ କରନ୍ତୁ ଏବଂ ଆପଣଙ୍କ ଫସଲକୁ ବଞ୍ଚାଇବା ପାଇଁ ସୁରକ୍ଷା ବ୍ୟବହାର କରନ୍ତୁ।,,warning
Extreme Heat,Humid,Calm,Light Rain,field_work,CAUTION,45,Limit Field Work Hours,FIELD WORK: It is getting very hot. Do your heavy work while it is still cool to keep yourself and your plants healthy.,ಕ್ಷೇತ್ರದ ಕೆಲಸ: ತುಂಬಾ ಬಿಸಿಯಾಗುತ್ತಿದೆ. ನಿಮ್ಮನ್ನು ಮತ್ತು ನಿಮ್ಮ ಸಸ್ಯಗಳನ್ನು ಆರೋಗ್ಯವಾಗಿಡಲು ತಂಪಾಗಿರುವಾಗಲೇ ನಿಮ್ಮ ಭಾರವಾದ ಕೆಲಸವನ್ನು ಮಾಡಿ.,"खेत का काम: बहुत गर्मी पड़ रही है। अपना भारी काम तब करें जब मौसम ठंडा हो, ताकि आप और आपके पौधे स्वस्थ रहें।","களப்பணி: மிகவும் சூடாகி வருகிறது. உங்களையும் உங்கள் தாவரங்களையும் ஆரோக்கியமாக வைத்திருக்க, குளிர்ச்சியாக இருக்கும்போதே உங்கள் கனமான வேலையைச் செய்யுங்கள்.",ఫీల్డ్ వర్క్: చాలా వేడిగా ఉంది. మిమ్మల్ని మరియు మీ మొక్కలను ఆరోగ్యంగా ఉంచుకోవడానికి చల్లగా ఉన్నప్పుడే మీ భారీ పని చేయండి.,വയലിലെ ജോലി: ചൂട് കൂടിവരികയാണ്. നിങ്ങളെയും നിങ്ങളുടെ ചെടികളെയും ആരോഗ്യത്തോടെ നിലനിർത്താൻ തണുപ്പുള്ളപ്പോൾ തന്നെ ഭാരിച്ച ജോലികൾ ചെയ്യുക.,शेतातील काम: खूप उष्णता वाढत आहे. स्वतःला आणि तुमच्या झाडांना निरोगी ठेवण्यासाठी थंड असतानाच तुमचे जड काम करा.,ખેતરમાં કામ: ખૂબ ગરમી પડી રહી છે. ઠંડી હોય ત્યારે ભારે કામ કરો જેથી તમારી જાતને અને તમારા છોડને સ્વસ્થ રાખી શકાય.,মাঠের কাজ: খুব গরম পড়ছে। নিজেকে এবং আপনার গাছপালা সুস্থ রাখতে ঠান্ডা থাকতেই ভারী কাজ করুন।,ਖੇਤ ਦਾ ਕੰਮ: ਬਹੁਤ ਗਰਮੀ ਪੈ ਰਹੀ ਹੈ। ਆਪਣੇ ਆਪ ਨੂੰ ਅਤੇ ਆਪਣੇ ਪੌਦਿਆਂ ਨੂੰ ਸਿਹਤਮੰਦ ਰੱਖਣ ਲਈ ਠੰਡਾ ਹੋਣ ਤੱਕ ਆਪਣਾ ਭਾਰੀ ਕੰਮ ਕਰੋ।,فیلڈ ورک: یہ بہت گرم ہو رہا ہے۔ اپنے آپ کو اور اپنے پودوں کو صحت مند رکھنے کے لیے ٹھنڈا ہونے کے دوران اپنا بھاری کام کریں۔,खेतबारीको काम: धेरै गर्मी भइरहेको छ। आफू र आफ्ना बिरुवाहरूलाई स्वस्थ राख्न चिसो हुँदा नै आफ्नो भारी काम गर्नुहोस्।,କ୍ଷେତ କାମ: ବହୁତ ଗରମ ହେଉଛି। ନିଜକୁ ଏବଂ ଆପଣଙ୍କ ଗଛଗୁଡ଼ିକୁ ସୁସ୍ଥ ରଖିବା ପାଇଁ ଥଣ୍ଡା ଥିବା ସମୟରେ ଆପଣଙ୍କର କଠିନ କାମ କରନ୍ତୁ।,Before 10 AM or After 5 PM,tractor
Extreme Heat,Humid,Calm,Heavy Rain,irrigation,CAUTION,45,Irrigation Caution,WATERING: The ground is dry. Best to water in the early morning so the plants stay strong during the heat.,"ನೀರುಹಾಕುವುದು: ನೆಲ ಒಣಗಿದೆ. ಬೆಳಿಗ್ಗೆ ಬೇಗನೆ ನೀರು ಹಾಕುವುದು ಉತ್ತಮ, ಇದರಿಂದ ಸಸ್ಯಗಳು ಶಾಖದ ಸಮಯದಲ್ಲಿ ಬಲವಾಗಿರುತ್ತವೆ.",पानी देना: मिट्टी सूखी है। पौधों को गर्मी के दौरान स्वस्थ रखने के लिए सुबह जल्दी पानी देना सबसे अच्छा है।,"நீர்ப்பாசனம்: நிலம் வறண்டு உள்ளது. அதிகாலையில் தண்ணீர் பாய்ச்சுவது நல்லது, இதனால் வெப்பத்தின் போது தாவரங்கள் வலுவாக இருக்கும்.","నీరు త్రాగుట: నేల పొడిగా ఉంటుంది. ఉదయాన్నే నీరు పోయడం మంచిది, తద్వారా వేడి సమయంలో మొక్కలు బలంగా ఉంటాయి.","നനവ്: നിലം വരണ്ടതാണ്. അതിരാവിലെ നനയ്ക്കുന്നതാണ് നല്ലത്, അങ്ങനെ ചൂടിൽ ചെടികൾ ശക്തമായി നിലനിൽക്കും.",पाणी देणे: जमीन कोरडी आहे. सकाळी लवकर पाणी देणे चांगले जेणेकरून उष्णतेमध्ये झाडे मजबूत राहतील.,પાણી આપવું: જમીન સૂકી છે. ગરમી દરમિયાન છોડ મજબૂત રહે તે માટે વહેલી સવારે પાણી આપવું શ્રેષ્ઠ છે.,"জল দেওয়া: মাটি শুষ্ক। খুব ভোরে জল দেওয়া ভালো, যাতে গরমের সময় গাছপালা শক্তিশালী থাকে।",ਪਾਣੀ ਦੇਣਾ: ਜ਼ਮੀਨ ਸੁੱਕੀ ਹੈ। ਸਵੇਰੇ ਜਲਦੀ ਪਾਣੀ ਦੇਣਾ ਸਭ ਤੋਂ ਵਧੀਆ ਹੈ ਤਾਂ ਜੋ ਪੌਦੇ ਗਰਮੀ ਦੌਰਾਨ ਮਜ਼ਬੂਤ ​​ਰਹਿਣ।,پانی دینا: زمین خشک ہے۔ صبح سویرے پانی دینا بہتر ہے تاکہ گرمی کے دوران پودے مضبوط رہیں۔,पानी हाल्ने: जमिन सुख्खा छ। बिहान सबेरै पानी हाल्नु राम्रो हुन्छ ताकि गर्मीको समयमा बिरुवाहरू बलियो रहून्।,ପାଣି ଦେବା: ଜମି ଶୁଖିଲା ଅଛି। ଗରମ ସମୟରେ ଗଛଗୁଡ଼ିକ ଶକ୍ତିଶାଳୀ ରହିବା ପାଇଁ ସକାଳୁ ପାଣି ଦେବା ଭଲ।,Before 8 AM,droplet
Extreme Heat,Humid,Calm,Heavy Rain,spraying,CAUTION,45,Spray With Caution,SPRAYING: The air is calm right now. Spray your crops now before the wind picks up and wastes your medicine.,ಸಿಂಪಡಣೆ: ಗಾಳಿ ಈಗ ಶಾಂತವಾಗಿದೆ. ಗಾಳಿ ಬೀಸಿ ನಿಮ್ಮ ಔಷಧ ವ್ಯರ್ಥವಾಗುವ ಮೊದಲು ನಿಮ್ಮ ಬೆಳೆಗಳಿಗೆ ಈಗಲೇ ಸಿಂಪಡಿಸಿ.,छिड़काव: इस समय हवा शांत है। हवा चलने और दवा बर्बाद होने से पहले अपनी फसलों पर छिड़काव करें।,தெளித்தல்: காற்று இப்போது அமைதியாக இருக்கிறது. காற்று வீசி உங்கள் மருந்தை வீணாக்கும் முன் உங்கள் பயிர்களுக்கு இப்போதே தெளிக்கவும்.,స్ప్రేయింగ్: ప్రస్తుతం గాలి ప్రశాంతంగా ఉంది. గాలి వీచి మీ ఔషధం వృధా అయ్యేలోపు మీ పంటలపై ఇప్పుడే పిచికారీ చేయండి.,സ്പ്രേയിംഗ്: ഇപ്പോൾ വായു ശാന്തമാണ്. കാറ്റ് വീശി നിങ്ങളുടെ മരുന്നുകൾ പാഴാക്കുന്നതിനുമുമ്പ് നിങ്ങളുടെ വിളകൾക്ക് ഇപ്പോൾ തന്നെ തളിക്കുക.,फवारणी: सध्या हवा शांत आहे. वारा येऊन तुमचे औषध वाया जाण्यापूर्वी आत्ताच तुमच्या पिकांवर फवारणी करा.,છંટકાવ: અત્યારે હવા શાંત છે. પવન ફૂંકાય અને તમારી દવા બગાડે તે પહેલાં હમણાં જ તમારા પાક પર છંટકાવ કરો.,স্প্রে করা: বাতাস এখন শান্ত। বাতাস বইতে শুরু করে এবং আপনার ওষুধ নষ্ট করার আগে এখনই আপনার ফসলে স্প্রে করুন।,ਛਿੜਕਾਅ: ਇਸ ਵੇਲੇ ਹਵਾ ਸ਼ਾਂਤ ਹੈ। ਹਵਾ ਚੱਲਣ ਅਤੇ ਤੁਹਾਡੀ ਦਵਾਈ ਬਰਬਾਦ ਹੋਣ ਤੋਂ ਪਹਿਲਾਂ ਆਪਣੀਆਂ ਫਸਲਾਂ 'ਤੇ ਹੁਣੇ ਛਿੜਕਾਅ ਕਰੋ।,چھڑکاؤ: اس وقت ہوا پرسکون ہے۔ اپنی فصلوں پر چھڑکاؤ اس سے پہلے کہ ہوا تیز ہو جائے اور آپ کی دوائی ضائع ہو جائے۔,छर्कने: अहिले हावा शान्त छ। हावा चल्नु र तपाईंको औषधि खेर जानु अघि नै आफ्नो बालीनालीमा छर्कनुहोस्।,ସିଞ୍ଚନ: ବର୍ତ୍ତମାନ ବାୟୁ ଶାନ୍ତ ଅଛି। ପବନ ବହିବା ଏବଂ ଔଷଧ ନଷ୍ଟ କରିବା ପୂର୍ବରୁ ଏବେ ଆପଣଙ୍କ ଫସଲରେ ସିଞ୍ଚନ କରନ୍ତୁ।,Before 10 AM,spray
Extreme Heat,Humid,Calm,Heavy Rain,fungal_risk,CAUTION,45,Monitor Fungal Risk,DISEASE ALERT: It is very damp and warm. Check your leaves for rot and use protection to save your harvest.,ರೋಗ ಎಚ್ಚರಿಕೆ: ಇದು ತುಂಬಾ ತೇವ ಮತ್ತು ಬೆಚ್ಚಗಿರುತ್ತದೆ. ನಿಮ್ಮ ಎಲೆಗಳನ್ನು ಕೊಳೆತಕ್ಕಾಗಿ ಪರಿಶೀಲಿಸಿ ಮತ್ತು ನಿಮ್ಮ ಬೆಳೆಯನ್ನು ಉಳಿಸಲು ರಕ್ಷಣೆಯನ್ನು ಬಳಸಿ.,रोग चेतावनी: मौसम बहुत नम और गर्म है। पत्तियों में सड़न की जांच करें और अपनी फसल को बचाने के लिए सुरक्षात्मक उपाय करें।,"நோய் எச்சரிக்கை: இது மிகவும் ஈரப்பதமாகவும் சூடாகவும் இருக்கும். உங்கள் இலைகளில் அழுகல் இருக்கிறதா என்று சரிபார்த்து, உங்கள் அறுவடையை சேமிக்க பாதுகாப்பைப் பயன்படுத்துங்கள்.",వ్యాధి హెచ్చరిక: ఇది చాలా తడిగా మరియు వెచ్చగా ఉంటుంది. మీ ఆకులు తెగులు కోసం తనిఖీ చేయండి మరియు మీ పంటను కాపాడటానికి రక్షణను ఉపయోగించండి.,രോഗ മുന്നറിയിപ്പ്: ഇത് വളരെ ഈർപ്പമുള്ളതും ചൂടുള്ളതുമാണ്. നിങ്ങളുടെ ഇലകൾ അഴുകുന്നുണ്ടോ എന്ന് പരിശോധിച്ച് നിങ്ങളുടെ വിള സംരക്ഷിക്കാൻ സംരക്ഷണം ഉപയോഗിക്കുക.,रोगाचा इशारा: हे खूप ओलसर आणि उबदार आहे. तुमची पाने कुजली आहेत का ते तपासा आणि तुमचे पीक वाचवण्यासाठी संरक्षण वापरा.,રોગની ચેતવણી: તે ખૂબ જ ભેજવાળી અને ગરમ છે. તમારા પાંદડા સડી ગયા છે કે નહીં તે તપાસો અને તમારા પાકને બચાવવા માટે રક્ષણનો ઉપયોગ કરો.,রোগের সতর্কতা: এটি খুব স্যাঁতসেঁতে এবং উষ্ণ। আপনার পাতা পচে গেছে কিনা তা পরীক্ষা করুন এবং আপনার ফসল বাঁচাতে সুরক্ষা ব্যবস্থা ব্যবহার করুন।,ਬਿਮਾਰੀ ਦੀ ਚੇਤਾਵਨੀ: ਇਹ ਬਹੁਤ ਗਿੱਲਾ ਅਤੇ ਗਰਮ ਹੈ। ਆਪਣੇ ਪੱਤਿਆਂ ਦੀ ਸੜਨ ਦੀ ਜਾਂਚ ਕਰੋ ਅਤੇ ਆਪਣੀ ਫ਼ਸਲ ਨੂੰ ਬਚਾਉਣ ਲਈ ਸੁਰੱਖਿਆ ਦੀ ਵਰਤੋਂ ਕਰੋ।,بیماری کا انتباہ: یہ بہت نم اور گرم ہے۔ اپنے پتوں کو سڑنے کے لیے چیک کریں اور اپنی فصل کو بچانے کے لیے تحفظ کا استعمال کریں۔,रोगको चेतावनी: यो धेरै ओसिलो र न्यानो छ। आफ्नो पातहरू कुहिन जाँच गर्नुहोस् र आफ्नो बाली बचाउन सुरक्षा प्रयोग गर्नुहोस्।,ରୋଗ ସତର୍କତା: ଏହା ବହୁତ ଓଦା ଏବଂ ଉଷ୍ମ। ଆପଣଙ୍କ ପତ୍ର ପଚିଛି କି ନାହିଁ ଯାଞ୍ଚ କରନ୍ତୁ ଏବଂ ଆପଣଙ୍କ ଫସଲକୁ ବଞ୍ଚାଇବା ପାଇଁ ସୁରକ୍ଷା ବ୍ୟବହାର କରନ୍ତୁ।,,warning
Extreme Heat,Humid,Calm,Heavy Rain,field_work,CAUTION,45,Limit Field Work Hours,FIELD WORK: It is getting very hot. Do your heavy work while it is still cool to keep yourself and your plants healthy.,ಕ್ಷೇತ್ರದ ಕೆಲಸ: ತುಂಬಾ ಬಿಸಿಯಾಗುತ್ತಿದೆ. ನಿಮ್ಮನ್ನು ಮತ್ತು ನಿಮ್ಮ ಸಸ್ಯಗಳನ್ನು ಆರೋಗ್ಯವಾಗಿಡಲು ತಂಪಾಗಿರುವಾಗಲೇ ನಿಮ್ಮ ಭಾರವಾದ ಕೆಲಸವನ್ನು ಮಾಡಿ.,"खेत का काम: बहुत गर्मी पड़ रही है। अपना भारी काम तब करें जब मौसम ठंडा हो, ताकि आप और आपके पौधे स्वस्थ रहें।","களப்பணி: மிகவும் சூடாகி வருகிறது. உங்களையும் உங்கள் தாவரங்களையும் ஆரோக்கியமாக வைத்திருக்க, குளிர்ச்சியாக இருக்கும்போதே உங்கள் கனமான வேலையைச் செய்யுங்கள்.",ఫీల్డ్ వర్క్: చాలా వేడిగా ఉంది. మిమ్మల్ని మరియు మీ మొక్కలను ఆరోగ్యంగా ఉంచుకోవడానికి చల్లగా ఉన్నప్పుడే మీ భారీ పని చేయండి.,വയലിലെ ജോലി: ചൂട് കൂടിവരികയാണ്. നിങ്ങളെയും നിങ്ങളുടെ ചെടികളെയും ആരോഗ്യത്തോടെ നിലനിർത്താൻ തണുപ്പുള്ളപ്പോൾ തന്നെ ഭാരിച്ച ജോലികൾ ചെയ്യുക.,शेतातील काम: खूप उष्णता वाढत आहे. स्वतःला आणि तुमच्या झाडांना निरोगी ठेवण्यासाठी थंड असतानाच तुमचे जड काम करा.,ખેતરમાં કામ: ખૂબ ગરમી પડી રહી છે. ઠંડી હોય ત્યારે ભારે કામ કરો જેથી તમારી જાતને અને તમારા છોડને સ્વસ્થ રાખી શકાય.,মাঠের কাজ: খুব গরম পড়ছে। নিজেকে এবং আপনার গাছপালা সুস্থ রাখতে ঠান্ডা থাকতেই ভারী কাজ করুন।,ਖੇਤ ਦਾ ਕੰਮ: ਬਹੁਤ ਗਰਮੀ ਪੈ ਰਹੀ ਹੈ। ਆਪਣੇ ਆਪ ਨੂੰ ਅਤੇ ਆਪਣੇ ਪੌਦਿਆਂ ਨੂੰ ਸਿਹਤਮੰਦ ਰੱਖਣ ਲਈ ਠੰਡਾ ਹੋਣ ਤੱਕ ਆਪਣਾ ਭਾਰੀ ਕੰਮ ਕਰੋ।,فیلڈ ورک: یہ بہت گرم ہو رہا ہے۔ اپنے آپ کو اور اپنے پودوں کو صحت مند رکھنے کے لیے ٹھنڈا ہونے کے دوران اپنا بھاری کام کریں۔,खेतबारीको काम: धेरै गर्मी भइरहेको छ। आफू र आफ्ना बिरुवाहरूलाई स्वस्थ राख्न चिसो हुँदा नै आफ्नो भारी काम गर्नुहोस्।,କ୍ଷେତ କାମ: ବହୁତ ଗରମ ହେଉଛି। ନିଜକୁ ଏବଂ ଆପଣଙ୍କ ଗଛଗୁଡ଼ିକୁ ସୁସ୍ଥ ରଖିବା ପାଇଁ ଥଣ୍ଡା ଥିବା ସମୟରେ ଆପଣଙ୍କର କଠିନ କାମ କରନ୍ତୁ।,Before 10 AM or After 5 PM,tractor
Extreme Heat,Humid,Breezy,Dry,irrigation,URGENT,80,Stop Irrigation Now,WATERING: The ground is dry. Best to water in the early morning so the plants stay strong during the heat.,"ನೀರುಹಾಕುವುದು: ನೆಲ ಒಣಗಿದೆ. ಬೆಳಿಗ್ಗೆ ಬೇಗನೆ ನೀರು ಹಾಕುವುದು ಉತ್ತಮ, ಇದರಿಂದ ಸಸ್ಯಗಳು ಶಾಖದ ಸಮಯದಲ್ಲಿ ಬಲವಾಗಿರುತ್ತವೆ.",पानी देना: मिट्टी सूखी है। पौधों को गर्मी के दौरान स्वस्थ रखने के लिए सुबह जल्दी पानी देना सबसे अच्छा है।,"நீர்ப்பாசனம்: நிலம் வறண்டு உள்ளது. அதிகாலையில் தண்ணீர் பாய்ச்சுவது நல்லது, இதனால் வெப்பத்தின் போது தாவரங்கள் வலுவாக இருக்கும்.","నీరు త్రాగుట: నేల పొడిగా ఉంటుంది. ఉదయాన్నే నీరు పోయడం మంచిది, తద్వారా వేడి సమయంలో మొక్కలు బలంగా ఉంటాయి.","നനവ്: നിലം വരണ്ടതാണ്. അതിരാവിലെ നനയ്ക്കുന്നതാണ് നല്ലത്, അങ്ങനെ ചൂടിൽ ചെടികൾ ശക്തമായി നിലനിൽക്കും.",पाणी देणे: जमीन कोरडी आहे. सकाळी लवकर पाणी देणे चांगले जेणेकरून उष्णतेमध्ये झाडे मजबूत राहतील.,પાણી આપવું: જમીન સૂકી છે. ગરમી દરમિયાન છોડ મજબૂત રહે તે માટે વહેલી સવારે પાણી આપવું શ્રેષ્ઠ છે.,"জল দেওয়া: মাটি শুষ্ক। খুব ভোরে জল দেওয়া ভালো, যাতে গরমের সময় গাছপালা শক্তিশালী থাকে।",ਪਾਣੀ ਦੇਣਾ: ਜ਼ਮੀਨ ਸੁੱਕੀ ਹੈ। ਸਵੇਰੇ ਜਲਦੀ ਪਾਣੀ ਦੇਣਾ ਸਭ ਤੋਂ ਵਧੀਆ ਹੈ ਤਾਂ ਜੋ ਪੌਦੇ ਗਰਮੀ ਦੌਰਾਨ ਮਜ਼ਬੂਤ ​​ਰਹਿਣ।,پانی دینا: زمین خشک ہے۔ صبح سویرے پانی دینا بہتر ہے تاکہ گرمی کے دوران پودے مضبوط رہیں۔,पानी हाल्ने: जमिन सुख्खा छ। बिहान सबेरै पानी हाल्नु राम्रो हुन्छ ताकि गर्मीको समयमा बिरुवाहरू बलियो रहून्।,ପାଣି ଦେବା: ଜମି ଶୁଖିଲା ଅଛି। ଗରମ ସମୟରେ ଗଛଗୁଡ଼ିକ ଶକ୍ତିଶାଳୀ ରହିବା ପାଇଁ ସକାଳୁ ପାଣି ଦେବା ଭଲ।,Avoid Today,droplet
Extreme Heat,Humid,Breezy,Dry,spraying,URGENT,80,Avoid Spraying Today,SPRAYING: The air is calm right now. Spray your crops now before the wind picks up and wastes your medicine.,ಸಿಂಪಡಣೆ: ಗಾಳಿ ಈಗ ಶಾಂತವಾಗಿದೆ. ಗಾಳಿ ಬೀಸಿ ನಿಮ್ಮ ಔಷಧ ವ್ಯರ್ಥವಾಗುವ ಮೊದಲು ನಿಮ್ಮ ಬೆಳೆಗಳಿಗೆ ಈಗಲೇ ಸಿಂಪಡಿಸಿ.,छिड़काव: इस समय हवा शांत है। हवा चलने और दवा बर्बाद होने से पहले अपनी फसलों पर छिड़काव करें।,தெளித்தல்: காற்று இப்போது அமைதியாக இருக்கிறது. காற்று வீசி உங்கள் மருந்தை வீணாக்கும் முன் உங்கள் பயிர்களுக்கு இப்போதே தெளிக்கவும்.,స్ప్రేయింగ్: ప్రస్తుతం గాలి ప్రశాంతంగా ఉంది. గాలి వీచి మీ ఔషధం వృధా అయ్యేలోపు మీ పంటలపై ఇప్పుడే పిచికారీ చేయండి.,സ്പ്രേയിംഗ്: ഇപ്പോൾ വായു ശാന്തമാണ്. കാറ്റ് വീശി നിങ്ങളുടെ മരുന്നുകൾ പാഴാക്കുന്നതിനുമുമ്പ് നിങ്ങളുടെ വിളകൾക്ക് ഇപ്പോൾ തന്നെ തളിക്കുക.,फवारणी: सध्या हवा शांत आहे. वारा येऊन तुमचे औषध वाया जाण्यापूर्वी आत्ताच तुमच्या पिकांवर फवारणी करा.,છંટકાવ: અત્યારે હવા શાંત છે. પવન ફૂંકાય અને તમારી દવા બગાડે તે પહેલાં હમણાં જ તમારા પાક પર છંટકાવ કરો.,স্প্রে করা: বাতাস এখন শান্ত। বাতাস বইতে শুরু করে এবং আপনার ওষুধ নষ্ট করার আগে এখনই আপনার ফসলে স্প্রে করুন।,ਛਿੜਕਾਅ: ਇਸ ਵੇਲੇ ਹਵਾ ਸ਼ਾਂਤ ਹੈ। ਹਵਾ ਚੱਲਣ ਅਤੇ ਤੁਹਾਡੀ ਦਵਾਈ ਬਰਬਾਦ ਹੋਣ ਤੋਂ ਪਹਿਲਾਂ ਆਪਣੀਆਂ ਫਸਲਾਂ 'ਤੇ ਹੁਣੇ ਛਿੜਕਾਅ ਕਰੋ।,چھڑکاؤ: اس وقت ہوا پرسکون ہے۔ اپنی فصلوں پر چھڑکاؤ اس سے پہلے کہ ہوا تیز ہو جائے اور آپ کی دوائی ضائع ہو جائے۔,छर्कने: अहिले हावा शान्त छ। हावा चल्नु र तपाईंको औषधि खेर जानु अघि नै आफ्नो बालीनालीमा छर्कनुहोस्।,ସିଞ୍ଚନ: ବର୍ତ୍ତମାନ ବାୟୁ ଶାନ୍ତ ଅଛି। ପବନ ବହିବା ଏବଂ ଔଷଧ ନଷ୍ଟ କରିବା ପୂର୍ବରୁ ଏବେ ଆପଣଙ୍କ ଫସଲରେ ସିଞ୍ଚନ କରନ୍ତୁ।,Avoid Today,spray
Extreme Heat,Humid,Breezy,Dry,fungal_risk,URGENT,80,High Fungal Alert,DISEASE ALERT: It is very damp and warm. Check your leaves for rot and use protection to save your harvest.,ರೋಗ ಎಚ್ಚರಿಕೆ: ಇದು ತುಂಬಾ ತೇವ ಮತ್ತು ಬೆಚ್ಚಗಿರುತ್ತದೆ. ನಿಮ್ಮ ಎಲೆಗಳನ್ನು ಕೊಳೆತಕ್ಕಾಗಿ ಪರಿಶೀಲಿಸಿ ಮತ್ತು ನಿಮ್ಮ ಬೆಳೆಯನ್ನು ಉಳಿಸಲು ರಕ್ಷಣೆಯನ್ನು ಬಳಸಿ.,रोग चेतावनी: मौसम बहुत नम और गर्म है। पत्तियों में सड़न की जांच करें और अपनी फसल को बचाने के लिए सुरक्षात्मक उपाय करें।,"நோய் எச்சரிக்கை: இது மிகவும் ஈரப்பதமாகவும் சூடாகவும் இருக்கும். உங்கள் இலைகளில் அழுகல் இருக்கிறதா என்று சரிபார்த்து, உங்கள் அறுவடையை சேமிக்க பாதுகாப்பைப் பயன்படுத்துங்கள்.",వ్యాధి హెచ్చరిక: ఇది చాలా తడిగా మరియు వెచ్చగా ఉంటుంది. మీ ఆకులు తెగులు కోసం తనిఖీ చేయండి మరియు మీ పంటను కాపాడటానికి రక్షణను ఉపయోగించండి.,രോഗ മുന്നറിയിപ്പ്: ഇത് വളരെ ഈർപ്പമുള്ളതും ചൂടുള്ളതുമാണ്. നിങ്ങളുടെ ഇലകൾ അഴുകുന്നുണ്ടോ എന്ന് പരിശോധിച്ച് നിങ്ങളുടെ വിള സംരക്ഷിക്കാൻ സംരക്ഷണം ഉപയോഗിക്കുക.,रोगाचा इशारा: हे खूप ओलसर आणि उबदार आहे. तुमची पाने कुजली आहेत का ते तपासा आणि तुमचे पीक वाचवण्यासाठी संरक्षण वापरा.,રોગની ચેતવણી: તે ખૂબ જ ભેજવાળી અને ગરમ છે. તમારા પાંદડા સડી ગયા છે કે નહીં તે તપાસો અને તમારા પાકને બચાવવા માટે રક્ષણનો ઉપયોગ કરો.,রোগের সতর্কতা: এটি খুব স্যাঁতসেঁতে এবং উষ্ণ। আপনার পাতা পচে গেছে কিনা তা পরীক্ষা করুন এবং আপনার ফসল বাঁচাতে সুরক্ষা ব্যবস্থা ব্যবহার করুন।,ਬਿਮਾਰੀ ਦੀ ਚੇਤਾਵਨੀ: ਇਹ ਬਹੁਤ ਗਿੱਲਾ ਅਤੇ ਗਰਮ ਹੈ। ਆਪਣੇ ਪੱਤਿਆਂ ਦੀ ਸੜਨ ਦੀ ਜਾਂਚ ਕਰੋ ਅਤੇ ਆਪਣੀ ਫ਼ਸਲ ਨੂੰ ਬਚਾਉਣ ਲਈ ਸੁਰੱਖਿਆ ਦੀ ਵਰਤੋਂ ਕਰੋ।,بیماری کا انتباہ: یہ بہت نم اور گرم ہے۔ اپنے پتوں کو سڑنے کے لیے چیک کریں اور اپنی فصل کو بچانے کے لیے تحفظ کا استعمال کریں۔,रोगको चेतावनी: यो धेरै ओसिलो र न्यानो छ। आफ्नो पातहरू कुहिन जाँच गर्नुहोस् र आफ्नो बाली बचाउन सुरक्षा प्रयोग गर्नुहोस्।,ରୋଗ ସତର୍କତା: ଏହା ବହୁତ ଓଦା ଏବଂ ଉଷ୍ମ। ଆପଣଙ୍କ ପତ୍ର ପଚିଛି କି ନାହିଁ ଯାଞ୍ଚ କରନ୍ତୁ ଏବଂ ଆପଣଙ୍କ ଫସଲକୁ ବଞ୍ଚାଇବା ପାଇଁ ସୁରକ୍ଷା ବ୍ୟବହାର କରନ୍ତୁ।,,warning
Extreme Heat,Humid,Breezy,Dry,field_work,URGENT,80,Stop Field Work Now,FIELD WORK: It is getting very hot. Do your heavy work while it is still cool to keep yourself and your plants healthy.,ಕ್ಷೇತ್ರದ ಕೆಲಸ: ತುಂಬಾ ಬಿಸಿಯಾಗುತ್ತಿದೆ. ನಿಮ್ಮನ್ನು ಮತ್ತು ನಿಮ್ಮ ಸಸ್ಯಗಳನ್ನು ಆರೋಗ್ಯವಾಗಿಡಲು ತಂಪಾಗಿರುವಾಗಲೇ ನಿಮ್ಮ ಭಾರವಾದ ಕೆಲಸವನ್ನು ಮಾಡಿ.,"खेत का काम: बहुत गर्मी पड़ रही है। अपना भारी काम तब करें जब मौसम ठंडा हो, ताकि आप और आपके पौधे स्वस्थ रहें।","களப்பணி: மிகவும் சூடாகி வருகிறது. உங்களையும் உங்கள் தாவரங்களையும் ஆரோக்கியமாக வைத்திருக்க, குளிர்ச்சியாக இருக்கும்போதே உங்கள் கனமான வேலையைச் செய்யுங்கள்.",ఫీల్డ్ వర్క్: చాలా వేడిగా ఉంది. మిమ్మల్ని మరియు మీ మొక్కలను ఆరోగ్యంగా ఉంచుకోవడానికి చల్లగా ఉన్నప్పుడే మీ భారీ పని చేయండి.,വയലിലെ ജോലി: ചൂട് കൂടിവരികയാണ്. നിങ്ങളെയും നിങ്ങളുടെ ചെടികളെയും ആരോഗ്യത്തോടെ നിലനിർത്താൻ തണുപ്പുള്ളപ്പോൾ തന്നെ ഭാരിച്ച ജോലികൾ ചെയ്യുക.,शेतातील काम: खूप उष्णता वाढत आहे. स्वतःला आणि तुमच्या झाडांना निरोगी ठेवण्यासाठी थंड असतानाच तुमचे जड काम करा.,ખેતરમાં કામ: ખૂબ ગરમી પડી રહી છે. ઠંડી હોય ત્યારે ભારે કામ કરો જેથી તમારી જાતને અને તમારા છોડને સ્વસ્થ રાખી શકાય.,মাঠের কাজ: খুব গরম পড়ছে। নিজেকে এবং আপনার গাছপালা সুস্থ রাখতে ঠান্ডা থাকতেই ভারী কাজ করুন।,ਖੇਤ ਦਾ ਕੰਮ: ਬਹੁਤ ਗਰਮੀ ਪੈ ਰਹੀ ਹੈ। ਆਪਣੇ ਆਪ ਨੂੰ ਅਤੇ ਆਪਣੇ ਪੌਦਿਆਂ ਨੂੰ ਸਿਹਤਮੰਦ ਰੱਖਣ ਲਈ ਠੰਡਾ ਹੋਣ ਤੱਕ ਆਪਣਾ ਭਾਰੀ ਕੰਮ ਕਰੋ।,فیلڈ ورک: یہ بہت گرم ہو رہا ہے۔ اپنے آپ کو اور اپنے پودوں کو صحت مند رکھنے کے لیے ٹھنڈا ہونے کے دوران اپنا بھاری کام کریں۔,खेतबारीको काम: धेरै गर्मी भइरहेको छ। आफू र आफ्ना बिरुवाहरूलाई स्वस्थ राख्न चिसो हुँदा नै आफ्नो भारी काम गर्नुहोस्।,କ୍ଷେତ କାମ: ବହୁତ ଗରମ ହେଉଛି। ନିଜକୁ ଏବଂ ଆପଣଙ୍କ ଗଛଗୁଡ଼ିକୁ ସୁସ୍ଥ ରଖିବା ପାଇଁ ଥଣ୍ଡା ଥିବା ସମୟରେ ଆପଣଙ୍କର କଠିନ କାମ କରନ୍ତୁ।,Avoid Today,alert
Extreme Heat,Humid,Breezy,Light Rain,irrigation,URGENT,80,Stop Irrigation Now,WATERING: The ground is dry. Best to water in the early morning so the plants stay strong during the heat.,"ನೀರುಹಾಕುವುದು: ನೆಲ ಒಣಗಿದೆ. ಬೆಳಿಗ್ಗೆ ಬೇಗನೆ ನೀರು ಹಾಕುವುದು ಉತ್ತಮ, ಇದರಿಂದ ಸಸ್ಯಗಳು ಶಾಖದ ಸಮಯದಲ್ಲಿ ಬಲವಾಗಿರುತ್ತವೆ.",पानी देना: मिट्टी सूखी है। पौधों को गर्मी के दौरान स्वस्थ रखने के लिए सुबह जल्दी पानी देना सबसे अच्छा है।,"நீர்ப்பாசனம்: நிலம் வறண்டு உள்ளது. அதிகாலையில் தண்ணீர் பாய்ச்சுவது நல்லது, இதனால் வெப்பத்தின் போது தாவரங்கள் வலுவாக இருக்கும்.","నీరు త్రాగుట: నేల పొడిగా ఉంటుంది. ఉదయాన్నే నీరు పోయడం మంచిది, తద్వారా వేడి సమయంలో మొక్కలు బలంగా ఉంటాయి.","നനവ്: നിലം വരണ്ടതാണ്. അതിരാവിലെ നനയ്ക്കുന്നതാണ് നല്ലത്, അങ്ങനെ ചൂടിൽ ചെടികൾ ശക്തമായി നിലനിൽക്കും.",पाणी देणे: जमीन कोरडी आहे. सकाळी लवकर पाणी देणे चांगले जेणेकरून उष्णतेमध्ये झाडे मजबूत राहतील.,પાણી આપવું: જમીન સૂકી છે. ગરમી દરમિયાન છોડ મજબૂત રહે તે માટે વહેલી સવારે પાણી આપવું શ્રેષ્ઠ છે.,"জল দেওয়া: মাটি শুষ্ক। খুব ভোরে জল দেওয়া ভালো, যাতে গরমের সময় গাছপালা শক্তিশালী থাকে।",ਪਾਣੀ ਦੇਣਾ: ਜ਼ਮੀਨ ਸੁੱਕੀ ਹੈ। ਸਵੇਰੇ ਜਲਦੀ ਪਾਣੀ ਦੇਣਾ ਸਭ ਤੋਂ ਵਧੀਆ ਹੈ ਤਾਂ ਜੋ ਪੌਦੇ ਗਰਮੀ ਦੌਰਾਨ ਮਜ਼ਬੂਤ ​​ਰਹਿਣ।,پانی دینا: زمین خشک ہے۔ صبح سویرے پانی دینا بہتر ہے تاکہ گرمی کے دوران پودے مضبوط رہیں۔,पानी हाल्ने: जमिन सुख्खा छ। बिहान सबेरै पानी हाल्नु राम्रो हुन्छ ताकि गर्मीको समयमा बिरुवाहरू बलियो रहून्।,ପାଣି ଦେବା: ଜମି ଶୁଖିଲା ଅଛି। ଗରମ ସମୟରେ ଗଛଗୁଡ଼ିକ ଶକ୍ତିଶାଳୀ ରହିବା ପାଇଁ ସକାଳୁ ପାଣି ଦେବା ଭଲ।,Avoid Today,droplet
Extreme Heat,Humid,Breezy,Light Rain,spraying,URGENT,80,Avoid Spraying Today,SPRAYING: The air is calm right now. Spray your crops now before the wind picks up and wastes your medicine.,ಸಿಂಪಡಣೆ: ಗಾಳಿ ಈಗ ಶಾಂತವಾಗಿದೆ. ಗಾಳಿ ಬೀಸಿ ನಿಮ್ಮ ಔಷಧ ವ್ಯರ್ಥವಾಗುವ ಮೊದಲು ನಿಮ್ಮ ಬೆಳೆಗಳಿಗೆ ಈಗಲೇ ಸಿಂಪಡಿಸಿ.,छिड़काव: इस समय हवा शांत है। हवा चलने और दवा बर्बाद होने से पहले अपनी फसलों पर छिड़काव करें।,தெளித்தல்: காற்று இப்போது அமைதியாக இருக்கிறது. காற்று வீசி உங்கள் மருந்தை வீணாக்கும் முன் உங்கள் பயிர்களுக்கு இப்போதே தெளிக்கவும்.,స్ప్రేయింగ్: ప్రస్తుతం గాలి ప్రశాంతంగా ఉంది. గాలి వీచి మీ ఔషధం వృధా అయ్యేలోపు మీ పంటలపై ఇప్పుడే పిచికారీ చేయండి.,സ്പ്രേയിംഗ്: ഇപ്പോൾ വായു ശാന്തമാണ്. കാറ്റ് വീശി നിങ്ങളുടെ മരുന്നുകൾ പാഴാക്കുന്നതിനുമുമ്പ് നിങ്ങളുടെ വിളകൾക്ക് ഇപ്പോൾ തന്നെ തളിക്കുക.,फवारणी: सध्या हवा शांत आहे. वारा येऊन तुमचे औषध वाया जाण्यापूर्वी आत्ताच तुमच्या पिकांवर फवारणी करा.,છંટકાવ: અત્યારે હવા શાંત છે. પવન ફૂંકાય અને તમારી દવા બગાડે તે પહેલાં હમણાં જ તમારા પાક પર છંટકાવ કરો.,স্প্রে করা: বাতাস এখন শান্ত। বাতাস বইতে শুরু করে এবং আপনার ওষুধ নষ্ট করার আগে এখনই আপনার ফসলে স্প্রে করুন।,ਛਿੜਕਾਅ: ਇਸ ਵੇਲੇ ਹਵਾ ਸ਼ਾਂਤ ਹੈ। ਹਵਾ ਚੱਲਣ ਅਤੇ ਤੁਹਾਡੀ ਦਵਾਈ ਬਰਬਾਦ ਹੋਣ ਤੋਂ ਪਹਿਲਾਂ ਆਪਣੀਆਂ ਫਸਲਾਂ 'ਤੇ ਹੁਣੇ ਛਿੜਕਾਅ ਕਰੋ।,چھڑکاؤ: اس وقت ہوا پرسکون ہے۔ اپنی فصلوں پر چھڑکاؤ اس سے پہلے کہ ہوا تیز ہو جائے اور آپ کی دوائی ضائع ہو جائے۔,छर्कने: अहिले हावा शान्त छ। हावा चल्नु र तपाईंको औषधि खेर जानु अघि नै आफ्नो बालीनालीमा छर्कनुहोस्।,ସିଞ୍ଚନ: ବର୍ତ୍ତମାନ ବାୟୁ ଶାନ୍ତ ଅଛି। ପବନ ବହିବା ଏବଂ ଔଷଧ ନଷ୍ଟ କରିବା ପୂର୍ବରୁ ଏବେ ଆପଣଙ୍କ ଫସଲରେ ସିଞ୍ଚନ କରନ୍ତୁ।,Avoid Today,spray
Extreme Heat,Humid,Breezy,Light Rain,fungal_risk,URGENT,80,High Fungal Alert,DISEASE ALERT: It is very damp and warm. Check your leaves for rot and use protection to save your harvest.,ರೋಗ ಎಚ್ಚರಿಕೆ: ಇದು ತುಂಬಾ ತೇವ ಮತ್ತು ಬೆಚ್ಚಗಿರುತ್ತದೆ. ನಿಮ್ಮ ಎಲೆಗಳನ್ನು ಕೊಳೆತಕ್ಕಾಗಿ ಪರಿಶೀಲಿಸಿ ಮತ್ತು ನಿಮ್ಮ ಬೆಳೆಯನ್ನು ಉಳಿಸಲು ರಕ್ಷಣೆಯನ್ನು ಬಳಸಿ.,रोग चेतावनी: मौसम बहुत नम और गर्म है। पत्तियों में सड़न की जांच करें और अपनी फसल को बचाने के लिए सुरक्षात्मक उपाय करें।,"நோய் எச்சரிக்கை: இது மிகவும் ஈரப்பதமாகவும் சூடாகவும் இருக்கும். உங்கள் இலைகளில் அழுகல் இருக்கிறதா என்று சரிபார்த்து, உங்கள் அறுவடையை சேமிக்க பாதுகாப்பைப் பயன்படுத்துங்கள்.",వ్యాధి హెచ్చరిక: ఇది చాలా తడిగా మరియు వెచ్చగా ఉంటుంది. మీ ఆకులు తెగులు కోసం తనిఖీ చేయండి మరియు మీ పంటను కాపాడటానికి రక్షణను ఉపయోగించండి.,രോഗ മുന്നറിയിപ്പ്: ഇത് വളരെ ഈർപ്പമുള്ളതും ചൂടുള്ളതുമാണ്. നിങ്ങളുടെ ഇലകൾ അഴുകുന്നുണ്ടോ എന്ന് പരിശോധിച്ച് നിങ്ങളുടെ വിള സംരക്ഷിക്കാൻ സംരക്ഷണം ഉപയോഗിക്കുക.,रोगाचा इशारा: हे खूप ओलसर आणि उबदार आहे. तुमची पाने कुजली आहेत का ते तपासा आणि तुमचे पीक वाचवण्यासाठी संरक्षण वापरा.,રોગની ચેતવણી: તે ખૂબ જ ભેજવાળી અને ગરમ છે. તમારા પાંદડા સડી ગયા છે કે નહીં તે તપાસો અને તમારા પાકને બચાવવા માટે રક્ષણનો ઉપયોગ કરો.,রোগের সতর্কতা: এটি খুব স্যাঁতসেঁতে এবং উষ্ণ। আপনার পাতা পচে গেছে কিনা তা পরীক্ষা করুন এবং আপনার ফসল বাঁচাতে সুরক্ষা ব্যবস্থা ব্যবহার করুন।,ਬਿਮਾਰੀ ਦੀ ਚੇਤਾਵਨੀ: ਇਹ ਬਹੁਤ ਗਿੱਲਾ ਅਤੇ ਗਰਮ ਹੈ। ਆਪਣੇ ਪੱਤਿਆਂ ਦੀ ਸੜਨ ਦੀ ਜਾਂਚ ਕਰੋ ਅਤੇ ਆਪਣੀ ਫ਼ਸਲ ਨੂੰ ਬਚਾਉਣ ਲਈ ਸੁਰੱਖਿਆ ਦੀ ਵਰਤੋਂ ਕਰੋ।,بیماری کا انتباہ: یہ بہت نم اور گرم ہے۔ اپنے پتوں کو سڑنے کے لیے چیک کریں اور اپنی فصل کو بچانے کے لیے تحفظ کا استعمال کریں۔,रोगको चेतावनी: यो धेरै ओसिलो र न्यानो छ। आफ्नो पातहरू कुहिन जाँच गर्नुहोस् र आफ्नो बाली बचाउन सुरक्षा प्रयोग गर्नुहोस्।,ରୋଗ ସତର୍କତା: ଏହା ବହୁତ ଓଦା ଏବଂ ଉଷ୍ମ। ଆପଣଙ୍କ ପତ୍ର ପଚିଛି କି ନାହିଁ ଯାଞ୍ଚ କରନ୍ତୁ ଏବଂ ଆପଣଙ୍କ ଫସଲକୁ ବଞ୍ଚାଇବା ପାଇଁ ସୁରକ୍ଷା ବ୍ୟବହାର କରନ୍ତୁ।,,warning
Extreme Heat,Humid,Breezy,Light Rain,field_work,URGENT,80,Stop Field Work Now,FIELD WORK: It is getting very hot. Do your heavy work while it is still cool to keep yourself and your plants healthy.,ಕ್ಷೇತ್ರದ ಕೆಲಸ: ತುಂಬಾ ಬಿಸಿಯಾಗುತ್ತಿದೆ. ನಿಮ್ಮನ್ನು ಮತ್ತು ನಿಮ್ಮ ಸಸ್ಯಗಳನ್ನು ಆರೋಗ್ಯವಾಗಿಡಲು ತಂಪಾಗಿರುವಾಗಲೇ ನಿಮ್ಮ ಭಾರವಾದ ಕೆಲಸವನ್ನು ಮಾಡಿ.,"खेत का काम: बहुत गर्मी पड़ रही है। अपना भारी काम तब करें जब मौसम ठंडा हो, ताकि आप और आपके पौधे स्वस्थ रहें।","களப்பணி: மிகவும் சூடாகி வருகிறது. உங்களையும் உங்கள் தாவரங்களையும் ஆரோக்கியமாக வைத்திருக்க, குளிர்ச்சியாக இருக்கும்போதே உங்கள் கனமான வேலையைச் செய்யுங்கள்.",ఫీల్డ్ వర్క్: చాలా వేడిగా ఉంది. మిమ్మల్ని మరియు మీ మొక్కలను ఆరోగ్యంగా ఉంచుకోవడానికి చల్లగా ఉన్నప్పుడే మీ భారీ పని చేయండి.,വയലിലെ ജോലി: ചൂട് കൂടിവരികയാണ്. നിങ്ങളെയും നിങ്ങളുടെ ചെടികളെയും ആരോഗ്യത്തോടെ നിലനിർത്താൻ തണുപ്പുള്ളപ്പോൾ തന്നെ ഭാരിച്ച ജോലികൾ ചെയ്യുക.,शेतातील काम: खूप उष्णता वाढत आहे. स्वतःला आणि तुमच्या झाडांना निरोगी ठेवण्यासाठी थंड असतानाच तुमचे जड काम करा.,ખેતરમાં કામ: ખૂબ ગરમી પડી રહી છે. ઠંડી હોય ત્યારે ભારે કામ કરો જેથી તમારી જાતને અને તમારા છોડને સ્વસ્થ રાખી શકાય.,মাঠের কাজ: খুব গরম পড়ছে। নিজেকে এবং আপনার গাছপালা সুস্থ রাখতে ঠান্ডা থাকতেই ভারী কাজ করুন।,ਖੇਤ ਦਾ ਕੰਮ: ਬਹੁਤ ਗਰਮੀ ਪੈ ਰਹੀ ਹੈ। ਆਪਣੇ ਆਪ ਨੂੰ ਅਤੇ ਆਪਣੇ ਪੌਦਿਆਂ ਨੂੰ ਸਿਹਤਮੰਦ ਰੱਖਣ ਲਈ ਠੰਡਾ ਹੋਣ ਤੱਕ ਆਪਣਾ ਭਾਰੀ ਕੰਮ ਕਰੋ।,فیلڈ ورک: یہ بہت گرم ہو رہا ہے۔ اپنے آپ کو اور اپنے پودوں کو صحت مند رکھنے کے لیے ٹھنڈا ہونے کے دوران اپنا بھاری کام کریں۔,खेतबारीको काम: धेरै गर्मी भइरहेको छ। आफू र आफ्ना बिरुवाहरूलाई स्वस्थ राख्न चिसो हुँदा नै आफ्नो भारी काम गर्नुहोस्।,କ୍ଷେତ କାମ: ବହୁତ ଗରମ ହେଉଛି। ନିଜକୁ ଏବଂ ଆପଣଙ୍କ ଗଛଗୁଡ଼ିକୁ ସୁସ୍ଥ ରଖିବା ପାଇଁ ଥଣ୍ଡା ଥିବା ସମୟରେ ଆପଣଙ୍କର କଠିନ କାମ କରନ୍ତୁ।,Avoid Today,alert
Extreme Heat,Humid,Breezy,Heavy Rain,irrigation,URGENT,80,Stop Irrigation Now,WATERING: The ground is dry. Best to water in the early morning so the plants stay strong during the heat.,"ನೀರುಹಾಕುವುದು: ನೆಲ ಒಣಗಿದೆ. ಬೆಳಿಗ್ಗೆ ಬೇಗನೆ ನೀರು ಹಾಕುವುದು ಉತ್ತಮ, ಇದರಿಂದ ಸಸ್ಯಗಳು ಶಾಖದ ಸಮಯದಲ್ಲಿ ಬಲವಾಗಿರುತ್ತವೆ.",पानी देना: मिट्टी सूखी है। पौधों को गर्मी के दौरान स्वस्थ रखने के लिए सुबह जल्दी पानी देना सबसे अच्छा है।,"நீர்ப்பாசனம்: நிலம் வறண்டு உள்ளது. அதிகாலையில் தண்ணீர் பாய்ச்சுவது நல்லது, இதனால் வெப்பத்தின் போது தாவரங்கள் வலுவாக இருக்கும்.","నీరు త్రాగుట: నేల పొడిగా ఉంటుంది. ఉదయాన్నే నీరు పోయడం మంచిది, తద్వారా వేడి సమయంలో మొక్కలు బలంగా ఉంటాయి.","നനവ്: നിലം വരണ്ടതാണ്. അതിരാവിലെ നനയ്ക്കുന്നതാണ് നല്ലത്, അങ്ങനെ ചൂടിൽ ചെടികൾ ശക്തമായി നിലനിൽക്കും.",पाणी देणे: जमीन कोरडी आहे. सकाळी लवकर पाणी देणे चांगले जेणेकरून उष्णतेमध्ये झाडे मजबूत राहतील.,પાણી આપવું: જમીન સૂકી છે. ગરમી દરમિયાન છોડ મજબૂત રહે તે માટે વહેલી સવારે પાણી આપવું શ્રેષ્ઠ છે.,"জল দেওয়া: মাটি শুষ্ক। খুব ভোরে জল দেওয়া ভালো, যাতে গরমের সময় গাছপালা শক্তিশালী থাকে।",ਪਾਣੀ ਦੇਣਾ: ਜ਼ਮੀਨ ਸੁੱਕੀ ਹੈ। ਸਵੇਰੇ ਜਲਦੀ ਪਾਣੀ ਦੇਣਾ ਸਭ ਤੋਂ ਵਧੀਆ ਹੈ ਤਾਂ ਜੋ ਪੌਦੇ ਗਰਮੀ ਦੌਰਾਨ ਮਜ਼ਬੂਤ ​​ਰਹਿਣ।,پانی دینا: زمین خشک ہے۔ صبح سویرے پانی دینا بہتر ہے تاکہ گرمی کے دوران پودے مضبوط رہیں۔,पानी हाल्ने: जमिन सुख्खा छ। बिहान सबेरै पानी हाल्नु राम्रो हुन्छ ताकि गर्मीको समयमा बिरुवाहरू बलियो रहून्।,ପାଣି ଦେବା: ଜମି ଶୁଖିଲା ଅଛି। ଗରମ ସମୟରେ ଗଛଗୁଡ଼ିକ ଶକ୍ତିଶାଳୀ ରହିବା ପାଇଁ ସକାଳୁ ପାଣି ଦେବା ଭଲ।,Avoid Today,droplet
Extreme Heat,Humid,Breezy,Heavy Rain,spraying,URGENT,80,Avoid Spraying Today,SPRAYING: The air is calm right now. Spray your crops now before the wind picks up and wastes your medicine.,ಸಿಂಪಡಣೆ: ಗಾಳಿ ಈಗ ಶಾಂತವಾಗಿದೆ. ಗಾಳಿ ಬೀಸಿ ನಿಮ್ಮ ಔಷಧ ವ್ಯರ್ಥವಾಗುವ ಮೊದಲು ನಿಮ್ಮ ಬೆಳೆಗಳಿಗೆ ಈಗಲೇ ಸಿಂಪಡಿಸಿ.,छिड़काव: इस समय हवा शांत है। हवा चलने और दवा बर्बाद होने से पहले अपनी फसलों पर छिड़काव करें।,தெளித்தல்: காற்று இப்போது அமைதியாக இருக்கிறது. காற்று வீசி உங்கள் மருந்தை வீணாக்கும் முன் உங்கள் பயிர்களுக்கு இப்போதே தெளிக்கவும்.,స్ప్రేయింగ్: ప్రస్తుతం గాలి ప్రశాంతంగా ఉంది. గాలి వీచి మీ ఔషధం వృధా అయ్యేలోపు మీ పంటలపై ఇప్పుడే పిచికారీ చేయండి.,സ്പ്രേയിംഗ്: ഇപ്പോൾ വായു ശാന്തമാണ്. കാറ്റ് വീശി നിങ്ങളുടെ മരുന്നുകൾ പാഴാക്കുന്നതിനുമുമ്പ് നിങ്ങളുടെ വിളകൾക്ക് ഇപ്പോൾ തന്നെ തളിക്കുക.,फवारणी: सध्या हवा शांत आहे. वारा येऊन तुमचे औषध वाया जाण्यापूर्वी आत्ताच तुमच्या पिकांवर फवारणी करा.,છંટકાવ: અત્યારે હવા શાંત છે. પવન ફૂંકાય અને તમારી દવા બગાડે તે પહેલાં હમણાં જ તમારા પાક પર છંટકાવ કરો.,স্প্রে করা: বাতাস এখন শান্ত। বাতাস বইতে শুরু করে এবং আপনার ওষুধ নষ্ট করার আগে এখনই আপনার ফসলে স্প্রে করুন।,ਛਿੜਕਾਅ: ਇਸ ਵੇਲੇ ਹਵਾ ਸ਼ਾਂਤ ਹੈ। ਹਵਾ ਚੱਲਣ ਅਤੇ ਤੁਹਾਡੀ ਦਵਾਈ ਬਰਬਾਦ ਹੋਣ ਤੋਂ ਪਹਿਲਾਂ ਆਪਣੀਆਂ ਫਸਲਾਂ 'ਤੇ ਹੁਣੇ ਛਿੜਕਾਅ ਕਰੋ।,چھڑکاؤ: اس وقت ہوا پرسکون ہے۔ اپنی فصلوں پر چھڑکاؤ اس سے پہلے کہ ہوا تیز ہو جائے اور آپ کی دوائی ضائع ہو جائے۔,छर्कने: अहिले हावा शान्त छ। हावा चल्नु र तपाईंको औषधि खेर जानु अघि नै आफ्नो बालीनालीमा छर्कनुहोस्।,ସିଞ୍ଚନ: ବର୍ତ୍ତମାନ ବାୟୁ ଶାନ୍ତ ଅଛି। ପବନ ବହିବା ଏବଂ ଔଷଧ ନଷ୍ଟ କରିବା ପୂର୍ବରୁ ଏବେ ଆପଣଙ୍କ ଫସଲରେ ସିଞ୍ଚନ କରନ୍ତୁ।,Avoid Today,spray
Extreme Heat,Humid,Breezy,Heavy Rain,fungal_risk,URGENT,80,High Fungal Alert,DISEASE ALERT: It is very damp and warm. Check your leaves for rot and use protection to save your harvest.,ರೋಗ ಎಚ್ಚರಿಕೆ: ಇದು ತುಂಬಾ ತೇವ ಮತ್ತು ಬೆಚ್ಚಗಿರುತ್ತದೆ. ನಿಮ್ಮ ಎಲೆಗಳನ್ನು ಕೊಳೆತಕ್ಕಾಗಿ ಪರಿಶೀಲಿಸಿ ಮತ್ತು ನಿಮ್ಮ ಬೆಳೆಯನ್ನು ಉಳಿಸಲು ರಕ್ಷಣೆಯನ್ನು ಬಳಸಿ.,रोग चेतावनी: मौसम बहुत नम और गर्म है। पत्तियों में सड़न की जांच करें और अपनी फसल को बचाने के लिए सुरक्षात्मक उपाय करें।,"நோய் எச்சரிக்கை: இது மிகவும் ஈரப்பதமாகவும் சூடாகவும் இருக்கும். உங்கள் இலைகளில் அழுகல் இருக்கிறதா என்று சரிபார்த்து, உங்கள் அறுவடையை சேமிக்க பாதுகாப்பைப் பயன்படுத்துங்கள்.",వ్యాధి హెచ్చరిక: ఇది చాలా తడిగా మరియు వెచ్చగా ఉంటుంది. మీ ఆకులు తెగులు కోసం తనిఖీ చేయండి మరియు మీ పంటను కాపాడటానికి రక్షణను ఉపయోగించండి.,രോഗ മുന്നറിയിപ്പ്: ഇത് വളരെ ഈർപ്പമുള്ളതും ചൂടുള്ളതുമാണ്. നിങ്ങളുടെ ഇലകൾ അഴുകുന്നുണ്ടോ എന്ന് പരിശോധിച്ച് നിങ്ങളുടെ വിള സംരക്ഷിക്കാൻ സംരക്ഷണം ഉപയോഗിക്കുക.,रोगाचा इशारा: हे खूप ओलसर आणि उबदार आहे. तुमची पाने कुजली आहेत का ते तपासा आणि तुमचे पीक वाचवण्यासाठी संरक्षण वापरा.,રોગની ચેતવણી: તે ખૂબ જ ભેજવાળી અને ગરમ છે. તમારા પાંદડા સડી ગયા છે કે નહીં તે તપાસો અને તમારા પાકને બચાવવા માટે રક્ષણનો ઉપયોગ કરો.,রোগের সতর্কতা: এটি খুব স্যাঁতসেঁতে এবং উষ্ণ। আপনার পাতা পচে গেছে কিনা তা পরীক্ষা করুন এবং আপনার ফসল বাঁচাতে সুরক্ষা ব্যবস্থা ব্যবহার করুন।,ਬਿਮਾਰੀ ਦੀ ਚੇਤਾਵਨੀ: ਇਹ ਬਹੁਤ ਗਿੱਲਾ ਅਤੇ ਗਰਮ ਹੈ। ਆਪਣੇ ਪੱਤਿਆਂ ਦੀ ਸੜਨ ਦੀ ਜਾਂਚ ਕਰੋ ਅਤੇ ਆਪਣੀ ਫ਼ਸਲ ਨੂੰ ਬਚਾਉਣ ਲਈ ਸੁਰੱਖਿਆ ਦੀ ਵਰਤੋਂ ਕਰੋ।,بیماری کا انتباہ: یہ بہت نم اور گرم ہے۔ اپنے پتوں کو سڑنے کے لیے چیک کریں اور اپنی فصل کو بچانے کے لیے تحفظ کا استعمال کریں۔,रोगको चेतावनी: यो धेरै ओसिलो र न्यानो छ। आफ्नो पातहरू कुहिन जाँच गर्नुहोस् र आफ्नो बाली बचाउन सुरक्षा प्रयोग गर्नुहोस्।,ରୋଗ ସତର୍କତା: ଏହା ବହୁତ ଓଦା ଏବଂ ଉଷ୍ମ। ଆପଣଙ୍କ ପତ୍ର ପଚିଛି କି ନାହିଁ ଯାଞ୍ଚ କରନ୍ତୁ ଏବଂ ଆପଣଙ୍କ ଫସଲକୁ ବଞ୍ଚାଇବା ପାଇଁ ସୁରକ୍ଷା ବ୍ୟବହାର କରନ୍ତୁ।,,warning
Extreme Heat,Humid,Breezy,Heavy Rain,field_work,URGENT,80,Stop Field Work Now,FIELD WORK: It is getting very hot. Do your heavy work while it is still cool to keep yourself and your plants healthy.,ಕ್ಷೇತ್ರದ ಕೆಲಸ: ತುಂಬಾ ಬಿಸಿಯಾಗುತ್ತಿದೆ. ನಿಮ್ಮನ್ನು ಮತ್ತು ನಿಮ್ಮ ಸಸ್ಯಗಳನ್ನು ಆರೋಗ್ಯವಾಗಿಡಲು ತಂಪಾಗಿರುವಾಗಲೇ ನಿಮ್ಮ ಭಾರವಾದ ಕೆಲಸವನ್ನು ಮಾಡಿ.,"खेत का काम: बहुत गर्मी पड़ रही है। अपना भारी काम तब करें जब मौसम ठंडा हो, ताकि आप और आपके पौधे स्वस्थ रहें।","களப்பணி: மிகவும் சூடாகி வருகிறது. உங்களையும் உங்கள் தாவரங்களையும் ஆரோக்கியமாக வைத்திருக்க, குளிர்ச்சியாக இருக்கும்போதே உங்கள் கனமான வேலையைச் செய்யுங்கள்.",ఫీల్డ్ వర్క్: చాలా వేడిగా ఉంది. మిమ్మల్ని మరియు మీ మొక్కలను ఆరోగ్యంగా ఉంచుకోవడానికి చల్లగా ఉన్నప్పుడే మీ భారీ పని చేయండి.,വയലിലെ ജോലി: ചൂട് കൂടിവരികയാണ്. നിങ്ങളെയും നിങ്ങളുടെ ചെടികളെയും ആരോഗ്യത്തോടെ നിലനിർത്താൻ തണുപ്പുള്ളപ്പോൾ തന്നെ ഭാരിച്ച ജോലികൾ ചെയ്യുക.,शेतातील काम: खूप उष्णता वाढत आहे. स्वतःला आणि तुमच्या झाडांना निरोगी ठेवण्यासाठी थंड असतानाच तुमचे जड काम करा.,ખેતરમાં કામ: ખૂબ ગરમી પડી રહી છે. ઠંડી હોય ત્યારે ભારે કામ કરો જેથી તમારી જાતને અને તમારા છોડને સ્વસ્થ રાખી શકાય.,মাঠের কাজ: খুব গরম পড়ছে। নিজেকে এবং আপনার গাছপালা সুস্থ রাখতে ঠান্ডা থাকতেই ভারী কাজ করুন।,ਖੇਤ ਦਾ ਕੰਮ: ਬਹੁਤ ਗਰਮੀ ਪੈ ਰਹੀ ਹੈ। ਆਪਣੇ ਆਪ ਨੂੰ ਅਤੇ ਆਪਣੇ ਪੌਦਿਆਂ ਨੂੰ ਸਿਹਤਮੰਦ ਰੱਖਣ ਲਈ ਠੰਡਾ ਹੋਣ ਤੱਕ ਆਪਣਾ ਭਾਰੀ ਕੰਮ ਕਰੋ।,فیلڈ ورک: یہ بہت گرم ہو رہا ہے۔ اپنے آپ کو اور اپنے پودوں کو صحت مند رکھنے کے لیے ٹھنڈا ہونے کے دوران اپنا بھاری کام کریں۔,खेतबारीको काम: धेरै गर्मी भइरहेको छ। आफू र आफ्ना बिरुवाहरूलाई स्वस्थ राख्न चिसो हुँदा नै आफ्नो भारी काम गर्नुहोस्।,କ୍ଷେତ କାମ: ବହୁତ ଗରମ ହେଉଛି। ନିଜକୁ ଏବଂ ଆପଣଙ୍କ ଗଛଗୁଡ଼ିକୁ ସୁସ୍ଥ ରଖିବା ପାଇଁ ଥଣ୍ଡା ଥିବା ସମୟରେ ଆପଣଙ୍କର କଠିନ କାମ କରନ୍ତୁ।,Avoid Today,alert
Extreme Heat,Humid,Strong Gusts,Dry,irrigation,URGENT,80,Stop Irrigation Now,WATERING: The ground is dry. Best to water in the early morning so the plants stay strong during the heat.,"ನೀರುಹಾಕುವುದು: ನೆಲ ಒಣಗಿದೆ. ಬೆಳಿಗ್ಗೆ ಬೇಗನೆ ನೀರು ಹಾಕುವುದು ಉತ್ತಮ, ಇದರಿಂದ ಸಸ್ಯಗಳು ಶಾಖದ ಸಮಯದಲ್ಲಿ ಬಲವಾಗಿರುತ್ತವೆ.",पानी देना: मिट्टी सूखी है। पौधों को गर्मी के दौरान स्वस्थ रखने के लिए सुबह जल्दी पानी देना सबसे अच्छा है।,"நீர்ப்பாசனம்: நிலம் வறண்டு உள்ளது. அதிகாலையில் தண்ணீர் பாய்ச்சுவது நல்லது, இதனால் வெப்பத்தின் போது தாவரங்கள் வலுவாக இருக்கும்.","నీరు త్రాగుట: నేల పొడిగా ఉంటుంది. ఉదయాన్నే నీరు పోయడం మంచిది, తద్వారా వేడి సమయంలో మొక్కలు బలంగా ఉంటాయి.","നനവ്: നിലം വരണ്ടതാണ്. അതിരാവിലെ നനയ്ക്കുന്നതാണ് നല്ലത്, അങ്ങനെ ചൂടിൽ ചെടികൾ ശക്തമായി നിലനിൽക്കും.",पाणी देणे: जमीन कोरडी आहे. सकाळी लवकर पाणी देणे चांगले जेणेकरून उष्णतेमध्ये झाडे मजबूत राहतील.,પાણી આપવું: જમીન સૂકી છે. ગરમી દરમિયાન છોડ મજબૂત રહે તે માટે વહેલી સવારે પાણી આપવું શ્રેષ્ઠ છે.,"জল দেওয়া: মাটি শুষ্ক। খুব ভোরে জল দেওয়া ভালো, যাতে গরমের সময় গাছপালা শক্তিশালী থাকে।",ਪਾਣੀ ਦੇਣਾ: ਜ਼ਮੀਨ ਸੁੱਕੀ ਹੈ। ਸਵੇਰੇ ਜਲਦੀ ਪਾਣੀ ਦੇਣਾ ਸਭ ਤੋਂ ਵਧੀਆ ਹੈ ਤਾਂ ਜੋ ਪੌਦੇ ਗਰਮੀ ਦੌਰਾਨ ਮਜ਼ਬੂਤ ​​ਰਹਿਣ।,پانی دینا: زمین خشک ہے۔ صبح سویرے پانی دینا بہتر ہے تاکہ گرمی کے دوران پودے مضبوط رہیں۔,पानी हाल्ने: जमिन सुख्खा छ। बिहान सबेरै पानी हाल्नु राम्रो हुन्छ ताकि गर्मीको समयमा बिरुवाहरू बलियो रहून्।,ପାଣି ଦେବା: ଜମି ଶୁଖିଲା ଅଛି। ଗରମ ସମୟରେ ଗଛଗୁଡ଼ିକ ଶକ୍ତିଶାଳୀ ରହିବା ପାଇଁ ସକାଳୁ ପାଣି ଦେବା ଭଲ।,Avoid Today,droplet
Extreme Heat,Humid,Strong Gusts,Dry,spraying,URGENT,80,Avoid Spraying Today,SPRAYING: The air is calm right now. Spray your crops now before the wind picks up and wastes your medicine.,ಸಿಂಪಡಣೆ: ಗಾಳಿ ಈಗ ಶಾಂತವಾಗಿದೆ. ಗಾಳಿ ಬೀಸಿ ನಿಮ್ಮ ಔಷಧ ವ್ಯರ್ಥವಾಗುವ ಮೊದಲು ನಿಮ್ಮ ಬೆಳೆಗಳಿಗೆ ಈಗಲೇ ಸಿಂಪಡಿಸಿ.,छिड़काव: इस समय हवा शांत है। हवा चलने और दवा बर्बाद होने से पहले अपनी फसलों पर छिड़काव करें।,தெளித்தல்: காற்று இப்போது அமைதியாக இருக்கிறது. காற்று வீசி உங்கள் மருந்தை வீணாக்கும் முன் உங்கள் பயிர்களுக்கு இப்போதே தெளிக்கவும்.,స్ప్రేయింగ్: ప్రస్తుతం గాలి ప్రశాంతంగా ఉంది. గాలి వీచి మీ ఔషధం వృధా అయ్యేలోపు మీ పంటలపై ఇప్పుడే పిచికారీ చేయండి.,സ്പ്രേയിംഗ്: ഇപ്പോൾ വായു ശാന്തമാണ്. കാറ്റ് വീശി നിങ്ങളുടെ മരുന്നുകൾ പാഴാക്കുന്നതിനുമുമ്പ് നിങ്ങളുടെ വിളകൾക്ക് ഇപ്പോൾ തന്നെ തളിക്കുക.,फवारणी: सध्या हवा शांत आहे. वारा येऊन तुमचे औषध वाया जाण्यापूर्वी आत्ताच तुमच्या पिकांवर फवारणी करा.,છંટકાવ: અત્યારે હવા શાંત છે. પવન ફૂંકાય અને તમારી દવા બગાડે તે પહેલાં હમણાં જ તમારા પાક પર છંટકાવ કરો.,স্প্রে করা: বাতাস এখন শান্ত। বাতাস বইতে শুরু করে এবং আপনার ওষুধ নষ্ট করার আগে এখনই আপনার ফসলে স্প্রে করুন।,ਛਿੜਕਾਅ: ਇਸ ਵੇਲੇ ਹਵਾ ਸ਼ਾਂਤ ਹੈ। ਹਵਾ ਚੱਲਣ ਅਤੇ ਤੁਹਾਡੀ ਦਵਾਈ ਬਰਬਾਦ ਹੋਣ ਤੋਂ ਪਹਿਲਾਂ ਆਪਣੀਆਂ ਫਸਲਾਂ 'ਤੇ ਹੁਣੇ ਛਿੜਕਾਅ ਕਰੋ।,چھڑکاؤ: اس وقت ہوا پرسکون ہے۔ اپنی فصلوں پر چھڑکاؤ اس سے پہلے کہ ہوا تیز ہو جائے اور آپ کی دوائی ضائع ہو جائے۔,छर्कने: अहिले हावा शान्त छ। हावा चल्नु र तपाईंको औषधि खेर जानु अघि नै आफ्नो बालीनालीमा छर्कनुहोस्।,ସିଞ୍ଚନ: ବର୍ତ୍ତମାନ ବାୟୁ ଶାନ୍ତ ଅଛି। ପବନ ବହିବା ଏବଂ ଔଷଧ ନଷ୍ଟ କରିବା ପୂର୍ବରୁ ଏବେ ଆପଣଙ୍କ ଫସଲରେ ସିଞ୍ଚନ କରନ୍ତୁ।,Avoid Today,spray
Extreme Heat,Humid,Strong Gusts,Dry,fungal_risk,URGENT,80,High Fungal Alert,DISEASE ALERT: It is very damp and warm. Check your leaves for rot and use protection to save your harvest.,ರೋಗ ಎಚ್ಚರಿಕೆ: ಇದು ತುಂಬಾ ತೇವ ಮತ್ತು ಬೆಚ್ಚಗಿರುತ್ತದೆ. ನಿಮ್ಮ ಎಲೆಗಳನ್ನು ಕೊಳೆತಕ್ಕಾಗಿ ಪರಿಶೀಲಿಸಿ ಮತ್ತು ನಿಮ್ಮ ಬೆಳೆಯನ್ನು ಉಳಿಸಲು ರಕ್ಷಣೆಯನ್ನು ಬಳಸಿ.,रोग चेतावनी: मौसम बहुत नम और गर्म है। पत्तियों में सड़न की जांच करें और अपनी फसल को बचाने के लिए सुरक्षात्मक उपाय करें।,"நோய் எச்சரிக்கை: இது மிகவும் ஈரப்பதமாகவும் சூடாகவும் இருக்கும். உங்கள் இலைகளில் அழுகல் இருக்கிறதா என்று சரிபார்த்து, உங்கள் அறுவடையை சேமிக்க பாதுகாப்பைப் பயன்படுத்துங்கள்.",వ్యాధి హెచ్చరిక: ఇది చాలా తడిగా మరియు వెచ్చగా ఉంటుంది. మీ ఆకులు తెగులు కోసం తనిఖీ చేయండి మరియు మీ పంటను కాపాడటానికి రక్షణను ఉపయోగించండి.,രോഗ മുന്നറിയിപ്പ്: ഇത് വളരെ ഈർപ്പമുള്ളതും ചൂടുള്ളതുമാണ്. നിങ്ങളുടെ ഇലകൾ അഴുകുന്നുണ്ടോ എന്ന് പരിശോധിച്ച് നിങ്ങളുടെ വിള സംരക്ഷിക്കാൻ സംരക്ഷണം ഉപയോഗിക്കുക.,रोगाचा इशारा: हे खूप ओलसर आणि उबदार आहे. तुमची पाने कुजली आहेत का ते तपासा आणि तुमचे पीक वाचवण्यासाठी संरक्षण वापरा.,રોગની ચેતવણી: તે ખૂબ જ ભેજવાળી અને ગરમ છે. તમારા પાંદડા સડી ગયા છે કે નહીં તે તપાસો અને તમારા પાકને બચાવવા માટે રક્ષણનો ઉપયોગ કરો.,রোগের সতর্কতা: এটি খুব স্যাঁতসেঁতে এবং উষ্ণ। আপনার পাতা পচে গেছে কিনা তা পরীক্ষা করুন এবং আপনার ফসল বাঁচাতে সুরক্ষা ব্যবস্থা ব্যবহার করুন।,ਬਿਮਾਰੀ ਦੀ ਚੇਤਾਵਨੀ: ਇਹ ਬਹੁਤ ਗਿੱਲਾ ਅਤੇ ਗਰਮ ਹੈ। ਆਪਣੇ ਪੱਤਿਆਂ ਦੀ ਸੜਨ ਦੀ ਜਾਂਚ ਕਰੋ ਅਤੇ ਆਪਣੀ ਫ਼ਸਲ ਨੂੰ ਬਚਾਉਣ ਲਈ ਸੁਰੱਖਿਆ ਦੀ ਵਰਤੋਂ ਕਰੋ।,بیماری کا انتباہ: یہ بہت نم اور گرم ہے۔ اپنے پتوں کو سڑنے کے لیے چیک کریں اور اپنی فصل کو بچانے کے لیے تحفظ کا استعمال کریں۔,रोगको चेतावनी: यो धेरै ओसिलो र न्यानो छ। आफ्नो पातहरू कुहिन जाँच गर्नुहोस् र आफ्नो बाली बचाउन सुरक्षा प्रयोग गर्नुहोस्।,ରୋଗ ସତର୍କତା: ଏହା ବହୁତ ଓଦା ଏବଂ ଉଷ୍ମ। ଆପଣଙ୍କ ପତ୍ର ପଚିଛି କି ନାହିଁ ଯାଞ୍ଚ କରନ୍ତୁ ଏବଂ ଆପଣଙ୍କ ଫସଲକୁ ବଞ୍ଚାଇବା ପାଇଁ ସୁରକ୍ଷା ବ୍ୟବହାର କରନ୍ତୁ।,,warning
Extreme Heat,Humid,Strong Gusts,Dry,field_work,URGENT,80,Stop Field Work Now,FIELD WORK: It is getting very hot. Do your heavy work while it is still cool to keep yourself and your plants healthy.,ಕ್ಷೇತ್ರದ ಕೆಲಸ: ತುಂಬಾ ಬಿಸಿಯಾಗುತ್ತಿದೆ. ನಿಮ್ಮನ್ನು ಮತ್ತು ನಿಮ್ಮ ಸಸ್ಯಗಳನ್ನು ಆರೋಗ್ಯವಾಗಿಡಲು ತಂಪಾಗಿರುವಾಗಲೇ ನಿಮ್ಮ ಭಾರವಾದ ಕೆಲಸವನ್ನು ಮಾಡಿ.,"खेत का काम: बहुत गर्मी पड़ रही है। अपना भारी काम तब करें जब मौसम ठंडा हो, ताकि आप और आपके पौधे स्वस्थ रहें।","களப்பணி: மிகவும் சூடாகி வருகிறது. உங்களையும் உங்கள் தாவரங்களையும் ஆரோக்கியமாக வைத்திருக்க, குளிர்ச்சியாக இருக்கும்போதே உங்கள் கனமான வேலையைச் செய்யுங்கள்.",ఫీల్డ్ వర్క్: చాలా వేడిగా ఉంది. మిమ్మల్ని మరియు మీ మొక్కలను ఆరోగ్యంగా ఉంచుకోవడానికి చల్లగా ఉన్నప్పుడే మీ భారీ పని చేయండి.,വയലിലെ ജോലി: ചൂട് കൂടിവരികയാണ്. നിങ്ങളെയും നിങ്ങളുടെ ചെടികളെയും ആരോഗ്യത്തോടെ നിലനിർത്താൻ തണുപ്പുള്ളപ്പോൾ തന്നെ ഭാരിച്ച ജോലികൾ ചെയ്യുക.,शेतातील काम: खूप उष्णता वाढत आहे. स्वतःला आणि तुमच्या झाडांना निरोगी ठेवण्यासाठी थंड असतानाच तुमचे जड काम करा.,ખેતરમાં કામ: ખૂબ ગરમી પડી રહી છે. ઠંડી હોય ત્યારે ભારે કામ કરો જેથી તમારી જાતને અને તમારા છોડને સ્વસ્થ રાખી શકાય.,মাঠের কাজ: খুব গরম পড়ছে। নিজেকে এবং আপনার গাছপালা সুস্থ রাখতে ঠান্ডা থাকতেই ভারী কাজ করুন।,ਖੇਤ ਦਾ ਕੰਮ: ਬਹੁਤ ਗਰਮੀ ਪੈ ਰਹੀ ਹੈ। ਆਪਣੇ ਆਪ ਨੂੰ ਅਤੇ ਆਪਣੇ ਪੌਦਿਆਂ ਨੂੰ ਸਿਹਤਮੰਦ ਰੱਖਣ ਲਈ ਠੰਡਾ ਹੋਣ ਤੱਕ ਆਪਣਾ ਭਾਰੀ ਕੰਮ ਕਰੋ।,فیلڈ ورک: یہ بہت گرم ہو رہا ہے۔ اپنے آپ کو اور اپنے پودوں کو صحت مند رکھنے کے لیے ٹھنڈا ہونے کے دوران اپنا بھاری کام کریں۔,खेतबारीको काम: धेरै गर्मी भइरहेको छ। आफू र आफ्ना बिरुवाहरूलाई स्वस्थ राख्न चिसो हुँदा नै आफ्नो भारी काम गर्नुहोस्।,କ୍ଷେତ କାମ: ବହୁତ ଗରମ ହେଉଛି। ନିଜକୁ ଏବଂ ଆପଣଙ୍କ ଗଛଗୁଡ଼ିକୁ ସୁସ୍ଥ ରଖିବା ପାଇଁ ଥଣ୍ଡା ଥିବା ସମୟରେ ଆପଣଙ୍କର କଠିନ କାମ କରନ୍ତୁ।,Avoid Today,alert
Extreme Heat,Humid,Strong Gusts,Light Rain,irrigation,URGENT,80,Stop Irrigation Now,WATERING: The ground is dry. Best to water in the early morning so the plants stay strong during the heat.,"ನೀರುಹಾಕುವುದು: ನೆಲ ಒಣಗಿದೆ. ಬೆಳಿಗ್ಗೆ ಬೇಗನೆ ನೀರು ಹಾಕುವುದು ಉತ್ತಮ, ಇದರಿಂದ ಸಸ್ಯಗಳು ಶಾಖದ ಸಮಯದಲ್ಲಿ ಬಲವಾಗಿರುತ್ತವೆ.",पानी देना: मिट्टी सूखी है। पौधों को गर्मी के दौरान स्वस्थ रखने के लिए सुबह जल्दी पानी देना सबसे अच्छा है।,"நீர்ப்பாசனம்: நிலம் வறண்டு உள்ளது. அதிகாலையில் தண்ணீர் பாய்ச்சுவது நல்லது, இதனால் வெப்பத்தின் போது தாவரங்கள் வலுவாக இருக்கும்.","నీరు త్రాగుట: నేల పొడిగా ఉంటుంది. ఉదయాన్నే నీరు పోయడం మంచిది, తద్వారా వేడి సమయంలో మొక్కలు బలంగా ఉంటాయి.","നനവ്: നിലം വരണ്ടതാണ്. അതിരാവിലെ നനയ്ക്കുന്നതാണ് നല്ലത്, അങ്ങനെ ചൂടിൽ ചെടികൾ ശക്തമായി നിലനിൽക്കും.",पाणी देणे: जमीन कोरडी आहे. सकाळी लवकर पाणी देणे चांगले जेणेकरून उष्णतेमध्ये झाडे मजबूत राहतील.,પાણી આપવું: જમીન સૂકી છે. ગરમી દરમિયાન છોડ મજબૂત રહે તે માટે વહેલી સવારે પાણી આપવું શ્રેષ્ઠ છે.,"জল দেওয়া: মাটি শুষ্ক। খুব ভোরে জল দেওয়া ভালো, যাতে গরমের সময় গাছপালা শক্তিশালী থাকে।",ਪਾਣੀ ਦੇਣਾ: ਜ਼ਮੀਨ ਸੁੱਕੀ ਹੈ। ਸਵੇਰੇ ਜਲਦੀ ਪਾਣੀ ਦੇਣਾ ਸਭ ਤੋਂ ਵਧੀਆ ਹੈ ਤਾਂ ਜੋ ਪੌਦੇ ਗਰਮੀ ਦੌਰਾਨ ਮਜ਼ਬੂਤ ​​ਰਹਿਣ।,پانی دینا: زمین خشک ہے۔ صبح سویرے پانی دینا بہتر ہے تاکہ گرمی کے دوران پودے مضبوط رہیں۔,पानी हाल्ने: जमिन सुख्खा छ। बिहान सबेरै पानी हाल्नु राम्रो हुन्छ ताकि गर्मीको समयमा बिरुवाहरू बलियो रहून्।,ପାଣି ଦେବା: ଜମି ଶୁଖିଲା ଅଛି। ଗରମ ସମୟରେ ଗଛଗୁଡ଼ିକ ଶକ୍ତିଶାଳୀ ରହିବା ପାଇଁ ସକାଳୁ ପାଣି ଦେବା ଭଲ।,Avoid Today,droplet
Extreme Heat,Humid,Strong Gusts,Light Rain,spraying,URGENT,80,Avoid Spraying Today,SPRAYING: The air is calm right now. Spray your crops now before the wind picks up and wastes your medicine.,ಸಿಂಪಡಣೆ: ಗಾಳಿ ಈಗ ಶಾಂತವಾಗಿದೆ. ಗಾಳಿ ಬೀಸಿ ನಿಮ್ಮ ಔಷಧ ವ್ಯರ್ಥವಾಗುವ ಮೊದಲು ನಿಮ್ಮ ಬೆಳೆಗಳಿಗೆ ಈಗಲೇ ಸಿಂಪಡಿಸಿ.,छिड़काव: इस समय हवा शांत है। हवा चलने और दवा बर्बाद होने से पहले अपनी फसलों पर छिड़काव करें।,தெளித்தல்: காற்று இப்போது அமைதியாக இருக்கிறது. காற்று வீசி உங்கள் மருந்தை வீணாக்கும் முன் உங்கள் பயிர்களுக்கு இப்போதே தெளிக்கவும்.,స్ప్రేయింగ్: ప్రస్తుతం గాలి ప్రశాంతంగా ఉంది. గాలి వీచి మీ ఔషధం వృధా అయ్యేలోపు మీ పంటలపై ఇప్పుడే పిచికారీ చేయండి.,സ്പ്രേയിംഗ്: ഇപ്പോൾ വായു ശാന്തമാണ്. കാറ്റ് വീശി നിങ്ങളുടെ മരുന്നുകൾ പാഴാക്കുന്നതിനുമുമ്പ് നിങ്ങളുടെ വിളകൾക്ക് ഇപ്പോൾ തന്നെ തളിക്കുക.,फवारणी: सध्या हवा शांत आहे. वारा येऊन तुमचे औषध वाया जाण्यापूर्वी आत्ताच तुमच्या पिकांवर फवारणी करा.,છંટકાવ: અત્યારે હવા શાંત છે. પવન ફૂંકાય અને તમારી દવા બગાડે તે પહેલાં હમણાં જ તમારા પાક પર છંટકાવ કરો.,স্প্রে করা: বাতাস এখন শান্ত। বাতাস বইতে শুরু করে এবং আপনার ওষুধ নষ্ট করার আগে এখনই আপনার ফসলে স্প্রে করুন।,ਛਿੜਕਾਅ: ਇਸ ਵੇਲੇ ਹਵਾ ਸ਼ਾਂਤ ਹੈ। ਹਵਾ ਚੱਲਣ ਅਤੇ ਤੁਹਾਡੀ ਦਵਾਈ ਬਰਬਾਦ ਹੋਣ ਤੋਂ ਪਹਿਲਾਂ ਆਪਣੀਆਂ ਫਸਲਾਂ 'ਤੇ ਹੁਣੇ ਛਿੜਕਾਅ ਕਰੋ।,چھڑکاؤ: اس وقت ہوا پرسکون ہے۔ اپنی فصلوں پر چھڑکاؤ اس سے پہلے کہ ہوا تیز ہو جائے اور آپ کی دوائی ضائع ہو جائے۔,छर्कने: अहिले हावा शान्त छ। हावा चल्नु र तपाईंको औषधि खेर जानु अघि नै आफ्नो बालीनालीमा छर्कनुहोस्।,ସିଞ୍ଚନ: ବର୍ତ୍ତମାନ ବାୟୁ ଶାନ୍ତ ଅଛି। ପବନ ବହିବା ଏବଂ ଔଷଧ ନଷ୍ଟ କରିବା ପୂର୍ବରୁ ଏବେ ଆପଣଙ୍କ ଫସଲରେ ସିଞ୍ଚନ କରନ୍ତୁ।,Avoid Today,spray
Extreme Heat,Humid,Strong Gusts,Light Rain,fungal_risk,URGENT,80,High Fungal Alert,DISEASE ALERT: It is very damp and warm. Check your leaves for rot and use protection to save your harvest.,ರೋಗ ಎಚ್ಚರಿಕೆ: ಇದು ತುಂಬಾ ತೇವ ಮತ್ತು ಬೆಚ್ಚಗಿರುತ್ತದೆ. ನಿಮ್ಮ ಎಲೆಗಳನ್ನು ಕೊಳೆತಕ್ಕಾಗಿ ಪರಿಶೀಲಿಸಿ ಮತ್ತು ನಿಮ್ಮ ಬೆಳೆಯನ್ನು ಉಳಿಸಲು ರಕ್ಷಣೆಯನ್ನು ಬಳಸಿ.,रोग चेतावनी: मौसम बहुत नम और गर्म है। पत्तियों में सड़न की जांच करें और अपनी फसल को बचाने के लिए सुरक्षात्मक उपाय करें।,"நோய் எச்சரிக்கை: இது மிகவும் ஈரப்பதமாகவும் சூடாகவும் இருக்கும். உங்கள் இலைகளில் அழுகல் இருக்கிறதா என்று சரிபார்த்து, உங்கள் அறுவடையை சேமிக்க பாதுகாப்பைப் பயன்படுத்துங்கள்.",వ్యాధి హెచ్చరిక: ఇది చాలా తడిగా మరియు వెచ్చగా ఉంటుంది. మీ ఆకులు తెగులు కోసం తనిఖీ చేయండి మరియు మీ పంటను కాపాడటానికి రక్షణను ఉపయోగించండి.,രോഗ മുന്നറിയിപ്പ്: ഇത് വളരെ ഈർപ്പമുള്ളതും ചൂടുള്ളതുമാണ്. നിങ്ങളുടെ ഇലകൾ അഴുകുന്നുണ്ടോ എന്ന് പരിശോധിച്ച് നിങ്ങളുടെ വിള സംരക്ഷിക്കാൻ സംരക്ഷണം ഉപയോഗിക്കുക.,रोगाचा इशारा: हे खूप ओलसर आणि उबदार आहे. तुमची पाने कुजली आहेत का ते तपासा आणि तुमचे पीक वाचवण्यासाठी संरक्षण वापरा.,રોગની ચેતવણી: તે ખૂબ જ ભેજવાળી અને ગરમ છે. તમારા પાંદડા સડી ગયા છે કે નહીં તે તપાસો અને તમારા પાકને બચાવવા માટે રક્ષણનો ઉપયોગ કરો.,রোগের সতর্কতা: এটি খুব স্যাঁতসেঁতে এবং উষ্ণ। আপনার পাতা পচে গেছে কিনা তা পরীক্ষা করুন এবং আপনার ফসল বাঁচাতে সুরক্ষা ব্যবস্থা ব্যবহার করুন।,ਬਿਮਾਰੀ ਦੀ ਚੇਤਾਵਨੀ: ਇਹ ਬਹੁਤ ਗਿੱਲਾ ਅਤੇ ਗਰਮ ਹੈ। ਆਪਣੇ ਪੱਤਿਆਂ ਦੀ ਸੜਨ ਦੀ ਜਾਂਚ ਕਰੋ ਅਤੇ ਆਪਣੀ ਫ਼ਸਲ ਨੂੰ ਬਚਾਉਣ ਲਈ ਸੁਰੱਖਿਆ ਦੀ ਵਰਤੋਂ ਕਰੋ।,بیماری کا انتباہ: یہ بہت نم اور گرم ہے۔ اپنے پتوں کو سڑنے کے لیے چیک کریں اور اپنی فصل کو بچانے کے لیے تحفظ کا استعمال کریں۔,रोगको चेतावनी: यो धेरै ओसिलो र न्यानो छ। आफ्नो पातहरू कुहिन जाँच गर्नुहोस् र आफ्नो बाली बचाउन सुरक्षा प्रयोग गर्नुहोस्।,ରୋଗ ସତର୍କତା: ଏହା ବହୁତ ଓଦା ଏବଂ ଉଷ୍ମ। ଆପଣଙ୍କ ପତ୍ର ପଚିଛି କି ନାହିଁ ଯାଞ୍ଚ କରନ୍ତୁ ଏବଂ ଆପଣଙ୍କ ଫସଲକୁ ବଞ୍ଚାଇବା ପାଇଁ ସୁରକ୍ଷା ବ୍ୟବହାର କରନ୍ତୁ।,,warning
Extreme Heat,Humid,Strong Gusts,Light Rain,field_work,URGENT,80,Stop Field Work Now,FIELD WORK: It is getting very hot. Do your heavy work while it is still cool to keep yourself and your plants healthy.,ಕ್ಷೇತ್ರದ ಕೆಲಸ: ತುಂಬಾ ಬಿಸಿಯಾಗುತ್ತಿದೆ. ನಿಮ್ಮನ್ನು ಮತ್ತು ನಿಮ್ಮ ಸಸ್ಯಗಳನ್ನು ಆರೋಗ್ಯವಾಗಿಡಲು ತಂಪಾಗಿರುವಾಗಲೇ ನಿಮ್ಮ ಭಾರವಾದ ಕೆಲಸವನ್ನು ಮಾಡಿ.,"खेत का काम: बहुत गर्मी पड़ रही है। अपना भारी काम तब करें जब मौसम ठंडा हो, ताकि आप और आपके पौधे स्वस्थ रहें।","களப்பணி: மிகவும் சூடாகி வருகிறது. உங்களையும் உங்கள் தாவரங்களையும் ஆரோக்கியமாக வைத்திருக்க, குளிர்ச்சியாக இருக்கும்போதே உங்கள் கனமான வேலையைச் செய்யுங்கள்.",ఫీల్డ్ వర్క్: చాలా వేడిగా ఉంది. మిమ్మల్ని మరియు మీ మొక్కలను ఆరోగ్యంగా ఉంచుకోవడానికి చల్లగా ఉన్నప్పుడే మీ భారీ పని చేయండి.,വയലിലെ ജോലി: ചൂട് കൂടിവരികയാണ്. നിങ്ങളെയും നിങ്ങളുടെ ചെടികളെയും ആരോഗ്യത്തോടെ നിലനിർത്താൻ തണുപ്പുള്ളപ്പോൾ തന്നെ ഭാരിച്ച ജോലികൾ ചെയ്യുക.,शेतातील काम: खूप उष्णता वाढत आहे. स्वतःला आणि तुमच्या झाडांना निरोगी ठेवण्यासाठी थंड असतानाच तुमचे जड काम करा.,ખેતરમાં કામ: ખૂબ ગરમી પડી રહી છે. ઠંડી હોય ત્યારે ભારે કામ કરો જેથી તમારી જાતને અને તમારા છોડને સ્વસ્થ રાખી શકાય.,মাঠের কাজ: খুব গরম পড়ছে। নিজেকে এবং আপনার গাছপালা সুস্থ রাখতে ঠান্ডা থাকতেই ভারী কাজ করুন।,ਖੇਤ ਦਾ ਕੰਮ: ਬਹੁਤ ਗਰਮੀ ਪੈ ਰਹੀ ਹੈ। ਆਪਣੇ ਆਪ ਨੂੰ ਅਤੇ ਆਪਣੇ ਪੌਦਿਆਂ ਨੂੰ ਸਿਹਤਮੰਦ ਰੱਖਣ ਲਈ ਠੰਡਾ ਹੋਣ ਤੱਕ ਆਪਣਾ ਭਾਰੀ ਕੰਮ ਕਰੋ।,فیلڈ ورک: یہ بہت گرم ہو رہا ہے۔ اپنے آپ کو اور اپنے پودوں کو صحت مند رکھنے کے لیے ٹھنڈا ہونے کے دوران اپنا بھاری کام کریں۔,खेतबारीको काम: धेरै गर्मी भइरहेको छ। आफू र आफ्ना बिरुवाहरूलाई स्वस्थ राख्न चिसो हुँदा नै आफ्नो भारी काम गर्नुहोस्।,କ୍ଷେତ କାମ: ବହୁତ ଗରମ ହେଉଛି। ନିଜକୁ ଏବଂ ଆପଣଙ୍କ ଗଛଗୁଡ଼ିକୁ ସୁସ୍ଥ ରଖିବା ପାଇଁ ଥଣ୍ଡା ଥିବା ସମୟରେ ଆପଣଙ୍କର କଠିନ କାମ କରନ୍ତୁ।,Avoid Today,alert
Extreme Heat,Humid,Strong Gusts,Heavy Rain,irrigation,URGENT,80,Stop Irrigation Now,WATERING: The ground is dry. Best to water in the early morning so the plants stay strong during the heat.,"ನೀರುಹಾಕುವುದು: ನೆಲ ಒಣಗಿದೆ. ಬೆಳಿಗ್ಗೆ ಬೇಗನೆ ನೀರು ಹಾಕುವುದು ಉತ್ತಮ, ಇದರಿಂದ ಸಸ್ಯಗಳು ಶಾಖದ ಸಮಯದಲ್ಲಿ ಬಲವಾಗಿರುತ್ತವೆ.",पानी देना: मिट्टी सूखी है। पौधों को गर्मी के दौरान स्वस्थ रखने के लिए सुबह जल्दी पानी देना सबसे अच्छा है।,"நீர்ப்பாசனம்: நிலம் வறண்டு உள்ளது. அதிகாலையில் தண்ணீர் பாய்ச்சுவது நல்லது, இதனால் வெப்பத்தின் போது தாவரங்கள் வலுவாக இருக்கும்.","నీరు త్రాగుట: నేల పొడిగా ఉంటుంది. ఉదయాన్నే నీరు పోయడం మంచిది, తద్వారా వేడి సమయంలో మొక్కలు బలంగా ఉంటాయి.","നനവ്: നിലം വരണ്ടതാണ്. അതിരാവിലെ നനയ്ക്കുന്നതാണ് നല്ലത്, അങ്ങനെ ചൂടിൽ ചെടികൾ ശക്തമായി നിലനിൽക്കും.",पाणी देणे: जमीन कोरडी आहे. सकाळी लवकर पाणी देणे चांगले जेणेकरून उष्णतेमध्ये झाडे मजबूत राहतील.,પાણી આપવું: જમીન સૂકી છે. ગરમી દરમિયાન છોડ મજબૂત રહે તે માટે વહેલી સવારે પાણી આપવું શ્રેષ્ઠ છે.,"জল দেওয়া: মাটি শুষ্ক। খুব ভোরে জল দেওয়া ভালো, যাতে গরমের সময় গাছপালা শক্তিশালী থাকে।",ਪਾਣੀ ਦੇਣਾ: ਜ਼ਮੀਨ ਸੁੱਕੀ ਹੈ। ਸਵੇਰੇ ਜਲਦੀ ਪਾਣੀ ਦੇਣਾ ਸਭ ਤੋਂ ਵਧੀਆ ਹੈ ਤਾਂ ਜੋ ਪੌਦੇ ਗਰਮੀ ਦੌਰਾਨ ਮਜ਼ਬੂਤ ​​ਰਹਿਣ।,پانی دینا: زمین خشک ہے۔ صبح سویرے پانی دینا بہتر ہے تاکہ گرمی کے دوران پودے مضبوط رہیں۔,पानी हाल्ने: जमिन सुख्खा छ। बिहान सबेरै पानी हाल्नु राम्रो हुन्छ ताकि गर्मीको समयमा बिरुवाहरू बलियो रहून्।,ପାଣି ଦେବା: ଜମି ଶୁଖିଲା ଅଛି। ଗରମ ସମୟରେ ଗଛଗୁଡ଼ିକ ଶକ୍ତିଶାଳୀ ରହିବା ପାଇଁ ସକାଳୁ ପାଣି ଦେବା ଭଲ।,Avoid Today,droplet
Extreme Heat,Humid,Strong Gusts,Heavy Rain,spraying,URGENT,80,Avoid Spraying Today,SPRAYING: The air is calm right now. Spray your crops now before the wind picks up and wastes your medicine.,ಸಿಂಪಡಣೆ: ಗಾಳಿ ಈಗ ಶಾಂತವಾಗಿದೆ. ಗಾಳಿ ಬೀಸಿ ನಿಮ್ಮ ಔಷಧ ವ್ಯರ್ಥವಾಗುವ ಮೊದಲು ನಿಮ್ಮ ಬೆಳೆಗಳಿಗೆ ಈಗಲೇ ಸಿಂಪಡಿಸಿ.,छिड़काव: इस समय हवा शांत है। हवा चलने और दवा बर्बाद होने से पहले अपनी फसलों पर छिड़काव करें।,தெளித்தல்: காற்று இப்போது அமைதியாக இருக்கிறது. காற்று வீசி உங்கள் மருந்தை வீணாக்கும் முன் உங்கள் பயிர்களுக்கு இப்போதே தெளிக்கவும்.,స్ప్రేయింగ్: ప్రస్తుతం గాలి ప్రశాంతంగా ఉంది. గాలి వీచి మీ ఔషధం వృధా అయ్యేలోపు మీ పంటలపై ఇప్పుడే పిచికారీ చేయండి.,സ്പ്രേയിംഗ്: ഇപ്പോൾ വായു ശാന്തമാണ്. കാറ്റ് വീശി നിങ്ങളുടെ മരുന്നുകൾ പാഴാക്കുന്നതിനുമുമ്പ് നിങ്ങളുടെ വിളകൾക്ക് ഇപ്പോൾ തന്നെ തളിക്കുക.,फवारणी: सध्या हवा शांत आहे. वारा येऊन तुमचे औषध वाया जाण्यापूर्वी आत्ताच तुमच्या पिकांवर फवारणी करा.,છંટકાવ: અત્યારે હવા શાંત છે. પવન ફૂંકાય અને તમારી દવા બગાડે તે પહેલાં હમણાં જ તમારા પાક પર છંટકાવ કરો.,স্প্রে করা: বাতাস এখন শান্ত। বাতাস বইতে শুরু করে এবং আপনার ওষুধ নষ্ট করার আগে এখনই আপনার ফসলে স্প্রে করুন।,ਛਿੜਕਾਅ: ਇਸ ਵੇਲੇ ਹਵਾ ਸ਼ਾਂਤ ਹੈ। ਹਵਾ ਚੱਲਣ ਅਤੇ ਤੁਹਾਡੀ ਦਵਾਈ ਬਰਬਾਦ ਹੋਣ ਤੋਂ ਪਹਿਲਾਂ ਆਪਣੀਆਂ ਫਸਲਾਂ 'ਤੇ ਹੁਣੇ ਛਿੜਕਾਅ ਕਰੋ।,چھڑکاؤ: اس وقت ہوا پرسکون ہے۔ اپنی فصلوں پر چھڑکاؤ اس سے پہلے کہ ہوا تیز ہو جائے اور آپ کی دوائی ضائع ہو جائے۔,छर्कने: अहिले हावा शान्त छ। हावा चल्नु र तपाईंको औषधि खेर जानु अघि नै आफ्नो बालीनालीमा छर्कनुहोस्।,ସିଞ୍ଚନ: ବର୍ତ୍ତମାନ ବାୟୁ ଶାନ୍ତ ଅଛି। ପବନ ବହିବା ଏବଂ ଔଷଧ ନଷ୍ଟ କରିବା ପୂର୍ବରୁ ଏବେ ଆପଣଙ୍କ ଫସଲରେ ସିଞ୍ଚନ କରନ୍ତୁ।,Avoid Today,spray
Extreme Heat,Humid,Strong Gusts,Heavy Rain,fungal_risk,URGENT,80,High Fungal Alert,DISEASE ALERT: It is very damp and warm. Check your leaves for rot and use protection to save your harvest.,ರೋಗ ಎಚ್ಚರಿಕೆ: ಇದು ತುಂಬಾ ತೇವ ಮತ್ತು ಬೆಚ್ಚಗಿರುತ್ತದೆ. ನಿಮ್ಮ ಎಲೆಗಳನ್ನು ಕೊಳೆತಕ್ಕಾಗಿ ಪರಿಶೀಲಿಸಿ ಮತ್ತು ನಿಮ್ಮ ಬೆಳೆಯನ್ನು ಉಳಿಸಲು ರಕ್ಷಣೆಯನ್ನು ಬಳಸಿ.,रोग चेतावनी: मौसम बहुत नम और गर्म है। पत्तियों में सड़न की जांच करें और अपनी फसल को बचाने के लिए सुरक्षात्मक उपाय करें।,"நோய் எச்சரிக்கை: இது மிகவும் ஈரப்பதமாகவும் சூடாகவும் இருக்கும். உங்கள் இலைகளில் அழுகல் இருக்கிறதா என்று சரிபார்த்து, உங்கள் அறுவடையை சேமிக்க பாதுகாப்பைப் பயன்படுத்துங்கள்.",వ్యాధి హెచ్చరిక: ఇది చాలా తడిగా మరియు వెచ్చగా ఉంటుంది. మీ ఆకులు తెగులు కోసం తనిఖీ చేయండి మరియు మీ పంటను కాపాడటానికి రక్షణను ఉపయోగించండి.,രോഗ മുന്നറിയിപ്പ്: ഇത് വളരെ ഈർപ്പമുള്ളതും ചൂടുള്ളതുമാണ്. നിങ്ങളുടെ ഇലകൾ അഴുകുന്നുണ്ടോ എന്ന് പരിശോധിച്ച് നിങ്ങളുടെ വിള സംരക്ഷിക്കാൻ സംരക്ഷണം ഉപയോഗിക്കുക.,रोगाचा इशारा: हे खूप ओलसर आणि उबदार आहे. तुमची पाने कुजली आहेत का ते तपासा आणि तुमचे पीक वाचवण्यासाठी संरक्षण वापरा.,રોગની ચેતવણી: તે ખૂબ જ ભેજવાળી અને ગરમ છે. તમારા પાંદડા સડી ગયા છે કે નહીં તે તપાસો અને તમારા પાકને બચાવવા માટે રક્ષણનો ઉપયોગ કરો.,রোগের সতর্কতা: এটি খুব স্যাঁতসেঁতে এবং উষ্ণ। আপনার পাতা পচে গেছে কিনা তা পরীক্ষা করুন এবং আপনার ফসল বাঁচাতে সুরক্ষা ব্যবস্থা ব্যবহার করুন।,ਬਿਮਾਰੀ ਦੀ ਚੇਤਾਵਨੀ: ਇਹ ਬਹੁਤ ਗਿੱਲਾ ਅਤੇ ਗਰਮ ਹੈ। ਆਪਣੇ ਪੱਤਿਆਂ ਦੀ ਸੜਨ ਦੀ ਜਾਂਚ ਕਰੋ ਅਤੇ ਆਪਣੀ ਫ਼ਸਲ ਨੂੰ ਬਚਾਉਣ ਲਈ ਸੁਰੱਖਿਆ ਦੀ ਵਰਤੋਂ ਕਰੋ।,بیماری کا انتباہ: یہ بہت نم اور گرم ہے۔ اپنے پتوں کو سڑنے کے لیے چیک کریں اور اپنی فصل کو بچانے کے لیے تحفظ کا استعمال کریں۔,रोगको चेतावनी: यो धेरै ओसिलो र न्यानो छ। आफ्नो पातहरू कुहिन जाँच गर्नुहोस् र आफ्नो बाली बचाउन सुरक्षा प्रयोग गर्नुहोस्।,ରୋଗ ସତର୍କତା: ଏହା ବହୁତ ଓଦା ଏବଂ ଉଷ୍ମ। ଆପଣଙ୍କ ପତ୍ର ପଚିଛି କି ନାହିଁ ଯାଞ୍ଚ କରନ୍ତୁ ଏବଂ ଆପଣଙ୍କ ଫସଲକୁ ବଞ୍ଚାଇବା ପାଇଁ ସୁରକ୍ଷା ବ୍ୟବହାର କରନ୍ତୁ।,,warning
Extreme Heat,Humid,Strong Gusts,Heavy Rain,field_work,URGENT,80,Stop Field Work Now,FIELD WORK: It is getting very hot. Do your heavy work while it is still cool to keep yourself and your plants healthy.,ಕ್ಷೇತ್ರದ ಕೆಲಸ: ತುಂಬಾ ಬಿಸಿಯಾಗುತ್ತಿದೆ. ನಿಮ್ಮನ್ನು ಮತ್ತು ನಿಮ್ಮ ಸಸ್ಯಗಳನ್ನು ಆರೋಗ್ಯವಾಗಿಡಲು ತಂಪಾಗಿರುವಾಗಲೇ ನಿಮ್ಮ ಭಾರವಾದ ಕೆಲಸವನ್ನು ಮಾಡಿ.,"खेत का काम: बहुत गर्मी पड़ रही है। अपना भारी काम तब करें जब मौसम ठंडा हो, ताकि आप और आपके पौधे स्वस्थ रहें।","களப்பணி: மிகவும் சூடாகி வருகிறது. உங்களையும் உங்கள் தாவரங்களையும் ஆரோக்கியமாக வைத்திருக்க, குளிர்ச்சியாக இருக்கும்போதே உங்கள் கனமான வேலையைச் செய்யுங்கள்.",ఫీల్డ్ వర్క్: చాలా వేడిగా ఉంది. మిమ్మల్ని మరియు మీ మొక్కలను ఆరోగ్యంగా ఉంచుకోవడానికి చల్లగా ఉన్నప్పుడే మీ భారీ పని చేయండి.,വയലിലെ ജോലി: ചൂട് കൂടിവരികയാണ്. നിങ്ങളെയും നിങ്ങളുടെ ചെടികളെയും ആരോഗ്യത്തോടെ നിലനിർത്താൻ തണുപ്പുള്ളപ്പോൾ തന്നെ ഭാരിച്ച ജോലികൾ ചെയ്യുക.,शेतातील काम: खूप उष्णता वाढत आहे. स्वतःला आणि तुमच्या झाडांना निरोगी ठेवण्यासाठी थंड असतानाच तुमचे जड काम करा.,ખેતરમાં કામ: ખૂબ ગરમી પડી રહી છે. ઠંડી હોય ત્યારે ભારે કામ કરો જેથી તમારી જાતને અને તમારા છોડને સ્વસ્થ રાખી શકાય.,মাঠের কাজ: খুব গরম পড়ছে। নিজেকে এবং আপনার গাছপালা সুস্থ রাখতে ঠান্ডা থাকতেই ভারী কাজ করুন।,ਖੇਤ ਦਾ ਕੰਮ: ਬਹੁਤ ਗਰਮੀ ਪੈ ਰਹੀ ਹੈ। ਆਪਣੇ ਆਪ ਨੂੰ ਅਤੇ ਆਪਣੇ ਪੌਦਿਆਂ ਨੂੰ ਸਿਹਤਮੰਦ ਰੱਖਣ ਲਈ ਠੰਡਾ ਹੋਣ ਤੱਕ ਆਪਣਾ ਭਾਰੀ ਕੰਮ ਕਰੋ।,فیلڈ ورک: یہ بہت گرم ہو رہا ہے۔ اپنے آپ کو اور اپنے پودوں کو صحت مند رکھنے کے لیے ٹھنڈا ہونے کے دوران اپنا بھاری کام کریں۔,खेतबारीको काम: धेरै गर्मी भइरहेको छ। आफू र आफ्ना बिरुवाहरूलाई स्वस्थ राख्न चिसो हुँदा नै आफ्नो भारी काम गर्नुहोस्।,କ୍ଷେତ କାମ: ବହୁତ ଗରମ ହେଉଛି। ନିଜକୁ ଏବଂ ଆପଣଙ୍କ ଗଛଗୁଡ଼ିକୁ ସୁସ୍ଥ ରଖିବା ପାଇଁ ଥଣ୍ଡା ଥିବା ସମୟରେ ଆପଣଙ୍କର କଠିନ କାମ କରନ୍ତୁ।,Avoid Today,alert
